[     137ms] [ERROR] Failed to load resource: the server responded with a status of 404 () @ https://www.zhipin.com/wapi/zpgeek/search/joblist.htm?query=%E5%82%A8%E8%83%BD%E5%BA%94%E7%94%A8%E5%B7%A5%E7%A8%8B%E5%B8%88&page=1:0
[     165ms] [LOG] %c数星埋点初始化成功 color: #00bebd @ https://www.zhipin.com/wapi/zpgeek/search/joblist.htm?query=%E5%82%A8%E8%83%BD%E5%BA%94%E7%94%A8%E5%B7%A5%E7%A8%8B%E5%B8%88&page=1:120
[    5255ms] [LOG] %c数星埋点初始化成功 color: #00bebd @ https://www.zhipin.com/:126
[    6555ms] [LOG] JSHandle@node @ https://static.zhipin.com/zhipin-geek-seo/v5462/web/geek/js/main.js:0
[    6555ms] [LOG] Mon Jun 29 2026 18:37:23 GMT+0800 (中国标准时间) @ https://static.zhipin.com/zhipin-geek-seo/v5462/web/geek/js/main.js:0
[    6556ms] [LOG] function(){} @ https://static.zhipin.com/zhipin-geek-seo/v5462/web/geek/js/main.js:0
[    6556ms] [TABLE] [Object, Object, Object, Object, Object, Object, Object, Object, Object, Object, Object, Object, Object, Object, Object, Object, Object, Object, Object, Object, Object, Object, Object, Object, Object, Object, Object, Object, Object, Object, Object, Object, Object, Object, Object, Object, Object, Object, Object, Object, Object, Object, Object, Object, Object, Object, Object, Object, Object, Object] @ https://static.zhipin.com/zhipin-geek-seo/v5462/web/geek/js/main.js:0
[    6589ms] [LOG] [Object, Object, Object, Object, Object, Object, Object, Object, Object, Object, Object, Object, Object, Object, Object, Object, Object, Object, Object, Object, Object, Object, Object, Object, Object, Object, Object, Object, Object, Object, Object, Object, Object, Object, Object, Object, Object, Object, Object, Object, Object, Object, Object, Object, Object, Object, Object, Object, Object, Object] @ https://static.zhipin.com/zhipin-geek-seo/v5462/web/geek/js/main.js:0
[    7072ms] [LOG] JSHandle@node @ https://static.zhipin.com/zhipin-geek-seo/v5462/web/geek/js/main.js:0
[    7072ms] [LOG] Mon Jun 29 2026 18:37:23 GMT+0800 (中国标准时间) @ https://static.zhipin.com/zhipin-geek-seo/v5462/web/geek/js/main.js:0
[    7072ms] [LOG] function(){} @ https://static.zhipin.com/zhipin-geek-seo/v5462/web/geek/js/main.js:0
[    7072ms] [TABLE] [Object, Object, Object, Object, Object, Object, Object, Object, Object, Object, Object, Object, Object, Object, Object, Object, Object, Object, Object, Object, Object, Object, Object, Object, Object, Object, Object, Object, Object, Object, Object, Object, Object, Object, Object, Object, Object, Object, Object, Object, Object, Object, Object, Object, Object, Object, Object, Object, Object, Object] @ https://static.zhipin.com/zhipin-geek-seo/v5462/web/geek/js/main.js:0
[    7110ms] [LOG] [Object, Object, Object, Object, Object, Object, Object, Object, Object, Object, Object, Object, Object, Object, Object, Object, Object, Object, Object, Object, Object, Object, Object, Object, Object, Object, Object, Object, Object, Object, Object, Object, Object, Object, Object, Object, Object, Object, Object, Object, Object, Object, Object, Object, Object, Object, Object, Object, Object, Object] @ https://static.zhipin.com/zhipin-geek-seo/v5462/web/geek/js/main.js:0
[    7110ms] [TABLE] [Object, Object, Object, Object, Object, Object, Object, Object, Object, Object, Object, Object, Object, Object, Object, Object, Object, Object, Object, Object, Object, Object, Object, Object, Object, Object, Object, Object, Object, Object, Object, Object, Object, Object, Object, Object, Object, Object, Object, Object, Object, Object, Object, Object, Object, Object, Object, Object, Object, Object] @ https://static.zhipin.com/zhipin-geek-seo/v5462/web/geek/js/main.js:0
[    7157ms] [LOG] [Object, Object, Object, Object, Object, Object, Object, Object, Object, Object, Object, Object, Object, Object, Object, Object, Object, Object, Object, Object, Object, Object, Object, Object, Object, Object, Object, Object, Object, Object, Object, Object, Object, Object, Object, Object, Object, Object, Object, Object, Object, Object, Object, Object, Object, Object, Object, Object, Object, Object] @ https://static.zhipin.com/zhipin-geek-seo/v5462/web/geek/js/main.js:0
[    7157ms] [TABLE] [Object, Object, Object, Object, Object, Object, Object, Object, Object, Object, Object, Object, Object, Object, Object, Object, Object, Object, Object, Object, Object, Object, Object, Object, Object, Object, Object, Object, Object, Object, Object, Object, Object, Object, Object, Object, Object, Object, Object, Object, Object, Object, Object, Object, Object, Object, Object, Object, Object, Object] @ https://static.zhipin.com/zhipin-geek-seo/v5462/web/geek/js/main.js:0
[    7189ms] [LOG] [Object, Object, Object, Object, Object, Object, Object, Object, Object, Object, Object, Object, Object, Object, Object, Object, Object, Object, Object, Object, Object, Object, Object, Object, Object, Object, Object, Object, Object, Object, Object, Object, Object, Object, Object, Object, Object, Object, Object, Object, Object, Object, Object, Object, Object, Object, Object, Object, Object, Object] @ https://static.zhipin.com/zhipin-geek-seo/v5462/web/geek/js/main.js:0
[    7189ms] [TABLE] [Object, Object, Object, Object, Object, Object, Object, Object, Object, Object, Object, Object, Object, Object, Object, Object, Object, Object, Object, Object, Object, Object, Object, Object, Object, Object, Object, Object, Object, Object, Object, Object, Object, Object, Object, Object, Object, Object, Object, Object, Object, Object, Object, Object, Object, Object, Object, Object, Object, Object] @ https://static.zhipin.com/zhipin-geek-seo/v5462/web/geek/js/main.js:0
[    7221ms] [LOG] [Object, Object, Object, Object, Object, Object, Object, Object, Object, Object, Object, Object, Object, Object, Object, Object, Object, Object, Object, Object, Object, Object, Object, Object, Object, Object, Object, Object, Object, Object, Object, Object, Object, Object, Object, Object, Object, Object, Object, Object, Object, Object, Object, Object, Object, Object, Object, Object, Object, Object] @ https://static.zhipin.com/zhipin-geek-seo/v5462/web/geek/js/main.js:0
[    7224ms] [WARNING] Scripts may close only the windows that were opened by them. @ https://static.zhipin.com/zhipin-geek-seo/v5462/web/geek/js/main.js:0
[    7235ms] [ERROR] Failed to load resource: the server responded with a status of 404 () @ https://www.zhipin.com/wapi/zpgeek/search/joblist.htm?query=%E5%82%A8%E8%83%BD%E5%BA%94%E7%94%A8%E5%B7%A5%E7%A8%8B%E5%B8%88&page=1:0
[    7247ms] [LOG] %c数星埋点初始化成功 color: #00bebd @ https://www.zhipin.com/wapi/zpgeek/search/joblist.htm?query=%E5%82%A8%E8%83%BD%E5%BA%94%E7%94%A8%E5%B7%A5%E7%A8%8B%E5%B8%88&page=1:120
[   12341ms] [LOG] %c数星埋点初始化成功 color: #00bebd @ https://www.zhipin.com/:126
[   13066ms] [LOG] JSHandle@node @ https://static.zhipin.com/zhipin-geek-seo/v5462/web/geek/js/main.js:0
[   13066ms] [LOG] Mon Jun 29 2026 18:37:29 GMT+0800 (中国标准时间) @ https://static.zhipin.com/zhipin-geek-seo/v5462/web/geek/js/main.js:0
[   13066ms] [LOG] function(){} @ https://static.zhipin.com/zhipin-geek-seo/v5462/web/geek/js/main.js:0
[   13066ms] [TABLE] [Object, Object, Object, Object, Object, Object, Object, Object, Object, Object, Object, Object, Object, Object, Object, Object, Object, Object, Object, Object, Object, Object, Object, Object, Object, Object, Object, Object, Object, Object, Object, Object, Object, Object, Object, Object, Object, Object, Object, Object, Object, Object, Object, Object, Object, Object, Object, Object, Object, Object] @ https://static.zhipin.com/zhipin-geek-seo/v5462/web/geek/js/main.js:0
[   13106ms] [LOG] [Object, Object, Object, Object, Object, Object, Object, Object, Object, Object, Object, Object, Object, Object, Object, Object, Object, Object, Object, Object, Object, Object, Object, Object, Object, Object, Object, Object, Object, Object, Object, Object, Object, Object, Object, Object, Object, Object, Object, Object, Object, Object, Object, Object, Object, Object, Object, Object, Object, Object] @ https://static.zhipin.com/zhipin-geek-seo/v5462/web/geek/js/main.js:0
[   13193ms] [ERROR] Failed to load resource: net::ERR_FAILED @ chrome-extension://invalid/:0
[   13565ms] [LOG] JSHandle@node @ https://static.zhipin.com/zhipin-geek-seo/v5462/web/geek/js/main.js:0
[   13565ms] [LOG] Mon Jun 29 2026 18:37:29 GMT+0800 (中国标准时间) @ https://static.zhipin.com/zhipin-geek-seo/v5462/web/geek/js/main.js:0
[   13566ms] [LOG] function(){} @ https://static.zhipin.com/zhipin-geek-seo/v5462/web/geek/js/main.js:0
[   13566ms] [TABLE] [Object, Object, Object, Object, Object, Object, Object, Object, Object, Object, Object, Object, Object, Object, Object, Object, Object, Object, Object, Object, Object, Object, Object, Object, Object, Object, Object, Object, Object, Object, Object, Object, Object, Object, Object, Object, Object, Object, Object, Object, Object, Object, Object, Object, Object, Object, Object, Object, Object, Object] @ https://static.zhipin.com/zhipin-geek-seo/v5462/web/geek/js/main.js:0
[   13597ms] [LOG] [Object, Object, Object, Object, Object, Object, Object, Object, Object, Object, Object, Object, Object, Object, Object, Object, Object, Object, Object, Object, Object, Object, Object, Object, Object, Object, Object, Object, Object, Object, Object, Object, Object, Object, Object, Object, Object, Object, Object, Object, Object, Object, Object, Object, Object, Object, Object, Object, Object, Object] @ https://static.zhipin.com/zhipin-geek-seo/v5462/web/geek/js/main.js:0
[   14082ms] [LOG] JSHandle@node @ https://static.zhipin.com/zhipin-geek-seo/v5462/web/geek/js/main.js:0
[   14082ms] [LOG] Mon Jun 29 2026 18:37:29 GMT+0800 (中国标准时间) @ https://static.zhipin.com/zhipin-geek-seo/v5462/web/geek/js/main.js:0
[   14083ms] [LOG] function(){} @ https://static.zhipin.com/zhipin-geek-seo/v5462/web/geek/js/main.js:0
[   14083ms] [TABLE] [Object, Object, Object, Object, Object, Object, Object, Object, Object, Object, Object, Object, Object, Object, Object, Object, Object, Object, Object, Object, Object, Object, Object, Object, Object, Object, Object, Object, Object, Object, Object, Object, Object, Object, Object, Object, Object, Object, Object, Object, Object, Object, Object, Object, Object, Object, Object, Object, Object, Object] @ https://static.zhipin.com/zhipin-geek-seo/v5462/web/geek/js/main.js:0
[   14117ms] [LOG] [Object, Object, Object, Object, Object, Object, Object, Object, Object, Object, Object, Object, Object, Object, Object, Object, Object, Object, Object, Object, Object, Object, Object, Object, Object, Object, Object, Object, Object, Object, Object, Object, Object, Object, Object, Object, Object, Object, Object, Object, Object, Object, Object, Object, Object, Object, Object, Object, Object, Object] @ https://static.zhipin.com/zhipin-geek-seo/v5462/web/geek/js/main.js:0
[   14597ms] [LOG] JSHandle@node @ https://static.zhipin.com/zhipin-geek-seo/v5462/web/geek/js/main.js:0
[   14598ms] [LOG] Mon Jun 29 2026 18:37:29 GMT+0800 (中国标准时间) @ https://static.zhipin.com/zhipin-geek-seo/v5462/web/geek/js/main.js:0
[   14598ms] [LOG] function(){} @ https://static.zhipin.com/zhipin-geek-seo/v5462/web/geek/js/main.js:0
[   14598ms] [TABLE] [Object, Object, Object, Object, Object, Object, Object, Object, Object, Object, Object, Object, Object, Object, Object, Object, Object, Object, Object, Object, Object, Object, Object, Object, Object, Object, Object, Object, Object, Object, Object, Object, Object, Object, Object, Object, Object, Object, Object, Object, Object, Object, Object, Object, Object, Object, Object, Object, Object, Object] @ https://static.zhipin.com/zhipin-geek-seo/v5462/web/geek/js/main.js:0
[   14627ms] [LOG] [Object, Object, Object, Object, Object, Object, Object, Object, Object, Object, Object, Object, Object, Object, Object, Object, Object, Object, Object, Object, Object, Object, Object, Object, Object, Object, Object, Object, Object, Object, Object, Object, Object, Object, Object, Object, Object, Object, Object, Object, Object, Object, Object, Object, Object, Object, Object, Object, Object, Object] @ https://static.zhipin.com/zhipin-geek-seo/v5462/web/geek/js/main.js:0
[   15112ms] [LOG] JSHandle@node @ https://static.zhipin.com/zhipin-geek-seo/v5462/web/geek/js/main.js:0
[   15112ms] [LOG] Mon Jun 29 2026 18:37:29 GMT+0800 (中国标准时间) @ https://static.zhipin.com/zhipin-geek-seo/v5462/web/geek/js/main.js:0
[   15112ms] [LOG] function(){} @ https://static.zhipin.com/zhipin-geek-seo/v5462/web/geek/js/main.js:0
[   15112ms] [TABLE] [Object, Object, Object, Object, Object, Object, Object, Object, Object, Object, Object, Object, Object, Object, Object, Object, Object, Object, Object, Object, Object, Object, Object, Object, Object, Object, Object, Object, Object, Object, Object, Object, Object, Object, Object, Object, Object, Object, Object, Object, Object, Object, Object, Object, Object, Object, Object, Object, Object, Object] @ https://static.zhipin.com/zhipin-geek-seo/v5462/web/geek/js/main.js:0
[   15142ms] [LOG] [Object, Object, Object, Object, Object, Object, Object, Object, Object, Object, Object, Object, Object, Object, Object, Object, Object, Object, Object, Object, Object, Object, Object, Object, Object, Object, Object, Object, Object, Object, Object, Object, Object, Object, Object, Object, Object, Object, Object, Object, Object, Object, Object, Object, Object, Object, Object, Object, Object, Object] @ https://static.zhipin.com/zhipin-geek-seo/v5462/web/geek/js/main.js:0
[   15200ms] [ERROR] WebSocket connection to 'ws://127.0.0.1:9222/1782729450153' failed: Error in connection establishment: net::ERR_CONNECTION_REFUSED @ https://static.zhipin.com/zhipin-geek/security/106/geek/index.js:0
[   15200ms] [ERROR] WebSocket connection to 'ws://127.0.0.1:18789/1782729450152' failed: Error in connection establishment: net::ERR_CONNECTION_REFUSED @ https://static.zhipin.com/zhipin-geek/security/106/geek/index.js:0
[   15613ms] [LOG] JSHandle@node @ https://static.zhipin.com/zhipin-geek-seo/v5462/web/geek/js/main.js:0
[   15613ms] [LOG] Mon Jun 29 2026 18:37:29 GMT+0800 (中国标准时间) @ https://static.zhipin.com/zhipin-geek-seo/v5462/web/geek/js/main.js:0
[   15613ms] [LOG] function(){} @ https://static.zhipin.com/zhipin-geek-seo/v5462/web/geek/js/main.js:0
[   15613ms] [TABLE] [Object, Object, Object, Object, Object, Object, Object, Object, Object, Object, Object, Object, Object, Object, Object, Object, Object, Object, Object, Object, Object, Object, Object, Object, Object, Object, Object, Object, Object, Object, Object, Object, Object, Object, Object, Object, Object, Object, Object, Object, Object, Object, Object, Object, Object, Object, Object, Object, Object, Object] @ https://static.zhipin.com/zhipin-geek-seo/v5462/web/geek/js/main.js:0
[   15643ms] [LOG] [Object, Object, Object, Object, Object, Object, Object, Object, Object, Object, Object, Object, Object, Object, Object, Object, Object, Object, Object, Object, Object, Object, Object, Object, Object, Object, Object, Object, Object, Object, Object, Object, Object, Object, Object, Object, Object, Object, Object, Object, Object, Object, Object, Object, Object, Object, Object, Object, Object, Object] @ https://static.zhipin.com/zhipin-geek-seo/v5462/web/geek/js/main.js:0
[   16123ms] [LOG] JSHandle@node @ https://static.zhipin.com/zhipin-geek-seo/v5462/web/geek/js/main.js:0
[   16124ms] [LOG] Mon Jun 29 2026 18:37:29 GMT+0800 (中国标准时间) @ https://static.zhipin.com/zhipin-geek-seo/v5462/web/geek/js/main.js:0
[   16124ms] [LOG] function(){} @ https://static.zhipin.com/zhipin-geek-seo/v5462/web/geek/js/main.js:0
[   16124ms] [TABLE] [Object, Object, Object, Object, Object, Object, Object, Object, Object, Object, Object, Object, Object, Object, Object, Object, Object, Object, Object, Object, Object, Object, Object, Object, Object, Object, Object, Object, Object, Object, Object, Object, Object, Object, Object, Object, Object, Object, Object, Object, Object, Object, Object, Object, Object, Object, Object, Object, Object, Object] @ https://static.zhipin.com/zhipin-geek-seo/v5462/web/geek/js/main.js:0
[   16153ms] [LOG] [Object, Object, Object, Object, Object, Object, Object, Object, Object, Object, Object, Object, Object, Object, Object, Object, Object, Object, Object, Object, Object, Object, Object, Object, Object, Object, Object, Object, Object, Object, Object, Object, Object, Object, Object, Object, Object, Object, Object, Object, Object, Object, Object, Object, Object, Object, Object, Object, Object, Object] @ https://static.zhipin.com/zhipin-geek-seo/v5462/web/geek/js/main.js:0
[   16631ms] [LOG] JSHandle@node @ https://static.zhipin.com/zhipin-geek-seo/v5462/web/geek/js/main.js:0
[   16632ms] [LOG] Mon Jun 29 2026 18:37:29 GMT+0800 (中国标准时间) @ https://static.zhipin.com/zhipin-geek-seo/v5462/web/geek/js/main.js:0
[   16632ms] [LOG] function(){} @ https://static.zhipin.com/zhipin-geek-seo/v5462/web/geek/js/main.js:0
[   16632ms] [TABLE] [Object, Object, Object, Object, Object, Object, Object, Object, Object, Object, Object, Object, Object, Object, Object, Object, Object, Object, Object, Object, Object, Object, Object, Object, Object, Object, Object, Object, Object, Object, Object, Object, Object, Object, Object, Object, Object, Object, Object, Object, Object, Object, Object, Object, Object, Object, Object, Object, Object, Object] @ https://static.zhipin.com/zhipin-geek-seo/v5462/web/geek/js/main.js:0
[   16665ms] [LOG] [Object, Object, Object, Object, Object, Object, Object, Object, Object, Object, Object, Object, Object, Object, Object, Object, Object, Object, Object, Object, Object, Object, Object, Object, Object, Object, Object, Object, Object, Object, Object, Object, Object, Object, Object, Object, Object, Object, Object, Object, Object, Object, Object, Object, Object, Object, Object, Object, Object, Object] @ https://static.zhipin.com/zhipin-geek-seo/v5462/web/geek/js/main.js:0
[   17146ms] [LOG] JSHandle@node @ https://static.zhipin.com/zhipin-geek-seo/v5462/web/geek/js/main.js:0
[   17146ms] [LOG] Mon Jun 29 2026 18:37:29 GMT+0800 (中国标准时间) @ https://static.zhipin.com/zhipin-geek-seo/v5462/web/geek/js/main.js:0
[   17147ms] [LOG] function(){} @ https://static.zhipin.com/zhipin-geek-seo/v5462/web/geek/js/main.js:0
[   17147ms] [TABLE] [Object, Object, Object, Object, Object, Object, Object, Object, Object, Object, Object, Object, Object, Object, Object, Object, Object, Object, Object, Object, Object, Object, Object, Object, Object, Object, Object, Object, Object, Object, Object, Object, Object, Object, Object, Object, Object, Object, Object, Object, Object, Object, Object, Object, Object, Object, Object, Object, Object, Object] @ https://static.zhipin.com/zhipin-geek-seo/v5462/web/geek/js/main.js:0
[   17185ms] [LOG] [Object, Object, Object, Object, Object, Object, Object, Object, Object, Object, Object, Object, Object, Object, Object, Object, Object, Object, Object, Object, Object, Object, Object, Object, Object, Object, Object, Object, Object, Object, Object, Object, Object, Object, Object, Object, Object, Object, Object, Object, Object, Object, Object, Object, Object, Object, Object, Object, Object, Object] @ https://static.zhipin.com/zhipin-geek-seo/v5462/web/geek/js/main.js:0
[   17646ms] [LOG] JSHandle@node @ https://static.zhipin.com/zhipin-geek-seo/v5462/web/geek/js/main.js:0
[   17647ms] [LOG] Mon Jun 29 2026 18:37:29 GMT+0800 (中国标准时间) @ https://static.zhipin.com/zhipin-geek-seo/v5462/web/geek/js/main.js:0
[   17647ms] [LOG] function(){} @ https://static.zhipin.com/zhipin-geek-seo/v5462/web/geek/js/main.js:0
[   17647ms] [TABLE] [Object, Object, Object, Object, Object, Object, Object, Object, Object, Object, Object, Object, Object, Object, Object, Object, Object, Object, Object, Object, Object, Object, Object, Object, Object, Object, Object, Object, Object, Object, Object, Object, Object, Object, Object, Object, Object, Object, Object, Object, Object, Object, Object, Object, Object, Object, Object, Object, Object, Object] @ https://static.zhipin.com/zhipin-geek-seo/v5462/web/geek/js/main.js:0
[   17677ms] [LOG] [Object, Object, Object, Object, Object, Object, Object, Object, Object, Object, Object, Object, Object, Object, Object, Object, Object, Object, Object, Object, Object, Object, Object, Object, Object, Object, Object, Object, Object, Object, Object, Object, Object, Object, Object, Object, Object, Object, Object, Object, Object, Object, Object, Object, Object, Object, Object, Object, Object, Object] @ https://static.zhipin.com/zhipin-geek-seo/v5462/web/geek/js/main.js:0
[   18152ms] [LOG] JSHandle@node @ https://static.zhipin.com/zhipin-geek-seo/v5462/web/geek/js/main.js:0
[   18152ms] [LOG] Mon Jun 29 2026 18:37:29 GMT+0800 (中国标准时间) @ https://static.zhipin.com/zhipin-geek-seo/v5462/web/geek/js/main.js:0
[   18153ms] [LOG] function(){} @ https://static.zhipin.com/zhipin-geek-seo/v5462/web/geek/js/main.js:0
[   18153ms] [TABLE] [Object, Object, Object, Object, Object, Object, Object, Object, Object, Object, Object, Object, Object, Object, Object, Object, Object, Object, Object, Object, Object, Object, Object, Object, Object, Object, Object, Object, Object, Object, Object, Object, Object, Object, Object, Object, Object, Object, Object, Object, Object, Object, Object, Object, Object, Object, Object, Object, Object, Object] @ https://static.zhipin.com/zhipin-geek-seo/v5462/web/geek/js/main.js:0
[   18184ms] [LOG] [Object, Object, Object, Object, Object, Object, Object, Object, Object, Object, Object, Object, Object, Object, Object, Object, Object, Object, Object, Object, Object, Object, Object, Object, Object, Object, Object, Object, Object, Object, Object, Object, Object, Object, Object, Object, Object, Object, Object, Object, Object, Object, Object, Object, Object, Object, Object, Object, Object, Object] @ https://static.zhipin.com/zhipin-geek-seo/v5462/web/geek/js/main.js:0
[   18661ms] [LOG] JSHandle@node @ https://static.zhipin.com/zhipin-geek-seo/v5462/web/geek/js/main.js:0
[   18662ms] [LOG] Mon Jun 29 2026 18:37:29 GMT+0800 (中国标准时间) @ https://static.zhipin.com/zhipin-geek-seo/v5462/web/geek/js/main.js:0
[   18662ms] [LOG] function(){} @ https://static.zhipin.com/zhipin-geek-seo/v5462/web/geek/js/main.js:0
[   18662ms] [TABLE] [Object, Object, Object, Object, Object, Object, Object, Object, Object, Object, Object, Object, Object, Object, Object, Object, Object, Object, Object, Object, Object, Object, Object, Object, Object, Object, Object, Object, Object, Object, Object, Object, Object, Object, Object, Object, Object, Object, Object, Object, Object, Object, Object, Object, Object, Object, Object, Object, Object, Object] @ https://static.zhipin.com/zhipin-geek-seo/v5462/web/geek/js/main.js:0
[   18692ms] [LOG] [Object, Object, Object, Object, Object, Object, Object, Object, Object, Object, Object, Object, Object, Object, Object, Object, Object, Object, Object, Object, Object, Object, Object, Object, Object, Object, Object, Object, Object, Object, Object, Object, Object, Object, Object, Object, Object, Object, Object, Object, Object, Object, Object, Object, Object, Object, Object, Object, Object, Object] @ https://static.zhipin.com/zhipin-geek-seo/v5462/web/geek/js/main.js:0
[   19169ms] [LOG] JSHandle@node @ https://static.zhipin.com/zhipin-geek-seo/v5462/web/geek/js/main.js:0
[   19169ms] [LOG] Mon Jun 29 2026 18:37:29 GMT+0800 (中国标准时间) @ https://static.zhipin.com/zhipin-geek-seo/v5462/web/geek/js/main.js:0
[   19169ms] [LOG] function(){} @ https://static.zhipin.com/zhipin-geek-seo/v5462/web/geek/js/main.js:0
[   19169ms] [TABLE] [Object, Object, Object, Object, Object, Object, Object, Object, Object, Object, Object, Object, Object, Object, Object, Object, Object, Object, Object, Object, Object, Object, Object, Object, Object, Object, Object, Object, Object, Object, Object, Object, Object, Object, Object, Object, Object, Object, Object, Object, Object, Object, Object, Object, Object, Object, Object, Object, Object, Object] @ https://static.zhipin.com/zhipin-geek-seo/v5462/web/geek/js/main.js:0
[   19200ms] [LOG] [Object, Object, Object, Object, Object, Object, Object, Object, Object, Object, Object, Object, Object, Object, Object, Object, Object, Object, Object, Object, Object, Object, Object, Object, Object, Object, Object, Object, Object, Object, Object, Object, Object, Object, Object, Object, Object, Object, Object, Object, Object, Object, Object, Object, Object, Object, Object, Object, Object, Object] @ https://static.zhipin.com/zhipin-geek-seo/v5462/web/geek/js/main.js:0
[   19677ms] [LOG] JSHandle@node @ https://static.zhipin.com/zhipin-geek-seo/v5462/web/geek/js/main.js:0
[   19677ms] [LOG] Mon Jun 29 2026 18:37:29 GMT+0800 (中国标准时间) @ https://static.zhipin.com/zhipin-geek-seo/v5462/web/geek/js/main.js:0
[   19677ms] [LOG] function(){} @ https://static.zhipin.com/zhipin-geek-seo/v5462/web/geek/js/main.js:0
[   19677ms] [TABLE] [Object, Object, Object, Object, Object, Object, Object, Object, Object, Object, Object, Object, Object, Object, Object, Object, Object, Object, Object, Object, Object, Object, Object, Object, Object, Object, Object, Object, Object, Object, Object, Object, Object, Object, Object, Object, Object, Object, Object, Object, Object, Object, Object, Object, Object, Object, Object, Object, Object, Object] @ https://static.zhipin.com/zhipin-geek-seo/v5462/web/geek/js/main.js:0
[   19709ms] [LOG] [Object, Object, Object, Object, Object, Object, Object, Object, Object, Object, Object, Object, Object, Object, Object, Object, Object, Object, Object, Object, Object, Object, Object, Object, Object, Object, Object, Object, Object, Object, Object, Object, Object, Object, Object, Object, Object, Object, Object, Object, Object, Object, Object, Object, Object, Object, Object, Object, Object, Object] @ https://static.zhipin.com/zhipin-geek-seo/v5462/web/geek/js/main.js:0
[   20178ms] [LOG] JSHandle@node @ https://static.zhipin.com/zhipin-geek-seo/v5462/web/geek/js/main.js:0
[   20179ms] [LOG] Mon Jun 29 2026 18:37:29 GMT+0800 (中国标准时间) @ https://static.zhipin.com/zhipin-geek-seo/v5462/web/geek/js/main.js:0
[   20179ms] [LOG] function(){} @ https://static.zhipin.com/zhipin-geek-seo/v5462/web/geek/js/main.js:0
[   20179ms] [TABLE] [Object, Object, Object, Object, Object, Object, Object, Object, Object, Object, Object, Object, Object, Object, Object, Object, Object, Object, Object, Object, Object, Object, Object, Object, Object, Object, Object, Object, Object, Object, Object, Object, Object, Object, Object, Object, Object, Object, Object, Object, Object, Object, Object, Object, Object, Object, Object, Object, Object, Object] @ https://static.zhipin.com/zhipin-geek-seo/v5462/web/geek/js/main.js:0
[   20209ms] [LOG] [Object, Object, Object, Object, Object, Object, Object, Object, Object, Object, Object, Object, Object, Object, Object, Object, Object, Object, Object, Object, Object, Object, Object, Object, Object, Object, Object, Object, Object, Object, Object, Object, Object, Object, Object, Object, Object, Object, Object, Object, Object, Object, Object, Object, Object, Object, Object, Object, Object, Object] @ https://static.zhipin.com/zhipin-geek-seo/v5462/web/geek/js/main.js:0
[   20691ms] [LOG] JSHandle@node @ https://static.zhipin.com/zhipin-geek-seo/v5462/web/geek/js/main.js:0
[   20691ms] [LOG] Mon Jun 29 2026 18:37:29 GMT+0800 (中国标准时间) @ https://static.zhipin.com/zhipin-geek-seo/v5462/web/geek/js/main.js:0
[   20691ms] [LOG] function(){} @ https://static.zhipin.com/zhipin-geek-seo/v5462/web/geek/js/main.js:0
[   20691ms] [TABLE] [Object, Object, Object, Object, Object, Object, Object, Object, Object, Object, Object, Object, Object, Object, Object, Object, Object, Object, Object, Object, Object, Object, Object, Object, Object, Object, Object, Object, Object, Object, Object, Object, Object, Object, Object, Object, Object, Object, Object, Object, Object, Object, Object, Object, Object, Object, Object, Object, Object, Object] @ https://static.zhipin.com/zhipin-geek-seo/v5462/web/geek/js/main.js:0
[   20722ms] [LOG] [Object, Object, Object, Object, Object, Object, Object, Object, Object, Object, Object, Object, Object, Object, Object, Object, Object, Object, Object, Object, Object, Object, Object, Object, Object, Object, Object, Object, Object, Object, Object, Object, Object, Object, Object, Object, Object, Object, Object, Object, Object, Object, Object, Object, Object, Object, Object, Object, Object, Object] @ https://static.zhipin.com/zhipin-geek-seo/v5462/web/geek/js/main.js:0
[   21198ms] [LOG] JSHandle@node @ https://static.zhipin.com/zhipin-geek-seo/v5462/web/geek/js/main.js:0
[   21198ms] [LOG] Mon Jun 29 2026 18:37:29 GMT+0800 (中国标准时间) @ https://static.zhipin.com/zhipin-geek-seo/v5462/web/geek/js/main.js:0
[   21199ms] [LOG] function(){} @ https://static.zhipin.com/zhipin-geek-seo/v5462/web/geek/js/main.js:0
[   21199ms] [TABLE] [Object, Object, Object, Object, Object, Object, Object, Object, Object, Object, Object, Object, Object, Object, Object, Object, Object, Object, Object, Object, Object, Object, Object, Object, Object, Object, Object, Object, Object, Object, Object, Object, Object, Object, Object, Object, Object, Object, Object, Object, Object, Object, Object, Object, Object, Object, Object, Object, Object, Object] @ https://static.zhipin.com/zhipin-geek-seo/v5462/web/geek/js/main.js:0
[   21228ms] [LOG] [Object, Object, Object, Object, Object, Object, Object, Object, Object, Object, Object, Object, Object, Object, Object, Object, Object, Object, Object, Object, Object, Object, Object, Object, Object, Object, Object, Object, Object, Object, Object, Object, Object, Object, Object, Object, Object, Object, Object, Object, Object, Object, Object, Object, Object, Object, Object, Object, Object, Object] @ https://static.zhipin.com/zhipin-geek-seo/v5462/web/geek/js/main.js:0
[   21228ms] [TABLE] [Object, Object, Object, Object, Object, Object, Object, Object, Object, Object, Object, Object, Object, Object, Object, Object, Object, Object, Object, Object, Object, Object, Object, Object, Object, Object, Object, Object, Object, Object, Object, Object, Object, Object, Object, Object, Object, Object, Object, Object, Object, Object, Object, Object, Object, Object, Object, Object, Object, Object] @ https://static.zhipin.com/zhipin-geek-seo/v5462/web/geek/js/main.js:0
[   21259ms] [LOG] [Object, Object, Object, Object, Object, Object, Object, Object, Object, Object, Object, Object, Object, Object, Object, Object, Object, Object, Object, Object, Object, Object, Object, Object, Object, Object, Object, Object, Object, Object, Object, Object, Object, Object, Object, Object, Object, Object, Object, Object, Object, Object, Object, Object, Object, Object, Object, Object, Object, Object] @ https://static.zhipin.com/zhipin-geek-seo/v5462/web/geek/js/main.js:0
[   21259ms] [TABLE] [Object, Object, Object, Object, Object, Object, Object, Object, Object, Object, Object, Object, Object, Object, Object, Object, Object, Object, Object, Object, Object, Object, Object, Object, Object, Object, Object, Object, Object, Object, Object, Object, Object, Object, Object, Object, Object, Object, Object, Object, Object, Object, Object, Object, Object, Object, Object, Object, Object, Object] @ https://static.zhipin.com/zhipin-geek-seo/v5462/web/geek/js/main.js:0
[   21288ms] [LOG] [Object, Object, Object, Object, Object, Object, Object, Object, Object, Object, Object, Object, Object, Object, Object, Object, Object, Object, Object, Object, Object, Object, Object, Object, Object, Object, Object, Object, Object, Object, Object, Object, Object, Object, Object, Object, Object, Object, Object, Object, Object, Object, Object, Object, Object, Object, Object, Object, Object, Object] @ https://static.zhipin.com/zhipin-geek-seo/v5462/web/geek/js/main.js:0
[   21289ms] [TABLE] [Object, Object, Object, Object, Object, Object, Object, Object, Object, Object, Object, Object, Object, Object, Object, Object, Object, Object, Object, Object, Object, Object, Object, Object, Object, Object, Object, Object, Object, Object, Object, Object, Object, Object, Object, Object, Object, Object, Object, Object, Object, Object, Object, Object, Object, Object, Object, Object, Object, Object] @ https://static.zhipin.com/zhipin-geek-seo/v5462/web/geek/js/main.js:0
[   21325ms] [LOG] [Object, Object, Object, Object, Object, Object, Object, Object, Object, Object, Object, Object, Object, Object, Object, Object, Object, Object, Object, Object, Object, Object, Object, Object, Object, Object, Object, Object, Object, Object, Object, Object, Object, Object, Object, Object, Object, Object, Object, Object, Object, Object, Object, Object, Object, Object, Object, Object, Object, Object] @ https://static.zhipin.com/zhipin-geek-seo/v5462/web/geek/js/main.js:0
[   21329ms] [WARNING] Scripts may close only the windows that were opened by them. @ https://static.zhipin.com/zhipin-geek-seo/v5462/web/geek/js/main.js:0
[   21340ms] [ERROR] Failed to load resource: the server responded with a status of 404 () @ https://www.zhipin.com/wapi/zpgeek/search/joblist.htm?query=%E5%82%A8%E8%83%BD%E5%BA%94%E7%94%A8%E5%B7%A5%E7%A8%8B%E5%B8%88&page=1:0
[   21350ms] [LOG] %c数星埋点初始化成功 color: #00bebd @ https://www.zhipin.com/wapi/zpgeek/search/joblist.htm?query=%E5%82%A8%E8%83%BD%E5%BA%94%E7%94%A8%E5%B7%A5%E7%A8%8B%E5%B8%88&page=1:120
[   26529ms] [LOG] %c数星埋点初始化成功 color: #00bebd @ https://www.zhipin.com/:126
[   27229ms] [ERROR] Failed to load resource: net::ERR_FAILED @ chrome-extension://invalid/:0
[   27596ms] [LOG] JSHandle@node @ https://static.zhipin.com/zhipin-geek-seo/v5462/web/geek/js/main.js:0
[   27596ms] [LOG] Mon Jun 29 2026 18:37:44 GMT+0800 (中国标准时间) @ https://static.zhipin.com/zhipin-geek-seo/v5462/web/geek/js/main.js:0
[   27596ms] [LOG] function(){} @ https://static.zhipin.com/zhipin-geek-seo/v5462/web/geek/js/main.js:0
[   27596ms] [TABLE] [Object, Object, Object, Object, Object, Object, Object, Object, Object, Object, Object, Object, Object, Object, Object, Object, Object, Object, Object, Object, Object, Object, Object, Object, Object, Object, Object, Object, Object, Object, Object, Object, Object, Object, Object, Object, Object, Object, Object, Object, Object, Object, Object, Object, Object, Object, Object, Object, Object, Object] @ https://static.zhipin.com/zhipin-geek-seo/v5462/web/geek/js/main.js:0
[   27628ms] [LOG] [Object, Object, Object, Object, Object, Object, Object, Object, Object, Object, Object, Object, Object, Object, Object, Object, Object, Object, Object, Object, Object, Object, Object, Object, Object, Object, Object, Object, Object, Object, Object, Object, Object, Object, Object, Object, Object, Object, Object, Object, Object, Object, Object, Object, Object, Object, Object, Object, Object, Object] @ https://static.zhipin.com/zhipin-geek-seo/v5462/web/geek/js/main.js:0
[   27628ms] [TABLE] [Object, Object, Object, Object, Object, Object, Object, Object, Object, Object, Object, Object, Object, Object, Object, Object, Object, Object, Object, Object, Object, Object, Object, Object, Object, Object, Object, Object, Object, Object, Object, Object, Object, Object, Object, Object, Object, Object, Object, Object, Object, Object, Object, Object, Object, Object, Object, Object, Object, Object] @ https://static.zhipin.com/zhipin-geek-seo/v5462/web/geek/js/main.js:0
[   27658ms] [LOG] [Object, Object, Object, Object, Object, Object, Object, Object, Object, Object, Object, Object, Object, Object, Object, Object, Object, Object, Object, Object, Object, Object, Object, Object, Object, Object, Object, Object, Object, Object, Object, Object, Object, Object, Object, Object, Object, Object, Object, Object, Object, Object, Object, Object, Object, Object, Object, Object, Object, Object] @ https://static.zhipin.com/zhipin-geek-seo/v5462/web/geek/js/main.js:0
[   27658ms] [TABLE] [Object, Object, Object, Object, Object, Object, Object, Object, Object, Object, Object, Object, Object, Object, Object, Object, Object, Object, Object, Object, Object, Object, Object, Object, Object, Object, Object, Object, Object, Object, Object, Object, Object, Object, Object, Object, Object, Object, Object, Object, Object, Object, Object, Object, Object, Object, Object, Object, Object, Object] @ https://static.zhipin.com/zhipin-geek-seo/v5462/web/geek/js/main.js:0
[   27695ms] [LOG] [Object, Object, Object, Object, Object, Object, Object, Object, Object, Object, Object, Object, Object, Object, Object, Object, Object, Object, Object, Object, Object, Object, Object, Object, Object, Object, Object, Object, Object, Object, Object, Object, Object, Object, Object, Object, Object, Object, Object, Object, Object, Object, Object, Object, Object, Object, Object, Object, Object, Object] @ https://static.zhipin.com/zhipin-geek-seo/v5462/web/geek/js/main.js:0
[   27695ms] [TABLE] [Object, Object, Object, Object, Object, Object, Object, Object, Object, Object, Object, Object, Object, Object, Object, Object, Object, Object, Object, Object, Object, Object, Object, Object, Object, Object, Object, Object, Object, Object, Object, Object, Object, Object, Object, Object, Object, Object, Object, Object, Object, Object, Object, Object, Object, Object, Object, Object, Object, Object] @ https://static.zhipin.com/zhipin-geek-seo/v5462/web/geek/js/main.js:0
[   27724ms] [LOG] [Object, Object, Object, Object, Object, Object, Object, Object, Object, Object, Object, Object, Object, Object, Object, Object, Object, Object, Object, Object, Object, Object, Object, Object, Object, Object, Object, Object, Object, Object, Object, Object, Object, Object, Object, Object, Object, Object, Object, Object, Object, Object, Object, Object, Object, Object, Object, Object, Object, Object] @ https://static.zhipin.com/zhipin-geek-seo/v5462/web/geek/js/main.js:0
[   27727ms] [WARNING] Scripts may close only the windows that were opened by them. @ https://static.zhipin.com/zhipin-geek-seo/v5462/web/geek/js/main.js:0
[   27738ms] [ERROR] Failed to load resource: the server responded with a status of 404 () @ https://www.zhipin.com/wapi/zpgeek/search/joblist.htm?query=%E5%82%A8%E8%83%BD%E5%BA%94%E7%94%A8%E5%B7%A5%E7%A8%8B%E5%B8%88&page=1:0
[   27747ms] [LOG] %c数星埋点初始化成功 color: #00bebd @ https://www.zhipin.com/wapi/zpgeek/search/joblist.htm?query=%E5%82%A8%E8%83%BD%E5%BA%94%E7%94%A8%E5%B7%A5%E7%A8%8B%E5%B8%88&page=1:120
[   32836ms] [LOG] %c数星埋点初始化成功 color: #00bebd @ https://www.zhipin.com/:126
[   33515ms] [LOG] JSHandle@node @ https://static.zhipin.com/zhipin-geek-seo/v5462/web/geek/js/main.js:0
[   33515ms] [LOG] Mon Jun 29 2026 18:37:49 GMT+0800 (中国标准时间) @ https://static.zhipin.com/zhipin-geek-seo/v5462/web/geek/js/main.js:0
[   33515ms] [LOG] function(){} @ https://static.zhipin.com/zhipin-geek-seo/v5462/web/geek/js/main.js:0
[   33515ms] [TABLE] [Object, Object, Object, Object, Object, Object, Object, Object, Object, Object, Object, Object, Object, Object, Object, Object, Object, Object, Object, Object, Object, Object, Object, Object, Object, Object, Object, Object, Object, Object, Object, Object, Object, Object, Object, Object, Object, Object, Object, Object, Object, Object, Object, Object, Object, Object, Object, Object, Object, Object] @ https://static.zhipin.com/zhipin-geek-seo/v5462/web/geek/js/main.js:0
[   33548ms] [LOG] [Object, Object, Object, Object, Object, Object, Object, Object, Object, Object, Object, Object, Object, Object, Object, Object, Object, Object, Object, Object, Object, Object, Object, Object, Object, Object, Object, Object, Object, Object, Object, Object, Object, Object, Object, Object, Object, Object, Object, Object, Object, Object, Object, Object, Object, Object, Object, Object, Object, Object] @ https://static.zhipin.com/zhipin-geek-seo/v5462/web/geek/js/main.js:0
[   33560ms] [ERROR] Failed to load resource: net::ERR_FAILED @ chrome-extension://invalid/:0
[   33992ms] [LOG] JSHandle@node @ https://static.zhipin.com/zhipin-geek-seo/v5462/web/geek/js/main.js:0
[   33993ms] [LOG] Mon Jun 29 2026 18:37:49 GMT+0800 (中国标准时间) @ https://static.zhipin.com/zhipin-geek-seo/v5462/web/geek/js/main.js:0
[   33993ms] [LOG] function(){} @ https://static.zhipin.com/zhipin-geek-seo/v5462/web/geek/js/main.js:0
[   33993ms] [TABLE] [Object, Object, Object, Object, Object, Object, Object, Object, Object, Object, Object, Object, Object, Object, Object, Object, Object, Object, Object, Object, Object, Object, Object, Object, Object, Object, Object, Object, Object, Object, Object, Object, Object, Object, Object, Object, Object, Object, Object, Object, Object, Object, Object, Object, Object, Object, Object, Object, Object, Object] @ https://static.zhipin.com/zhipin-geek-seo/v5462/web/geek/js/main.js:0
[   34026ms] [LOG] [Object, Object, Object, Object, Object, Object, Object, Object, Object, Object, Object, Object, Object, Object, Object, Object, Object, Object, Object, Object, Object, Object, Object, Object, Object, Object, Object, Object, Object, Object, Object, Object, Object, Object, Object, Object, Object, Object, Object, Object, Object, Object, Object, Object, Object, Object, Object, Object, Object, Object] @ https://static.zhipin.com/zhipin-geek-seo/v5462/web/geek/js/main.js:0
[   34501ms] [LOG] JSHandle@node @ https://static.zhipin.com/zhipin-geek-seo/v5462/web/geek/js/main.js:0
[   34502ms] [LOG] Mon Jun 29 2026 18:37:49 GMT+0800 (中国标准时间) @ https://static.zhipin.com/zhipin-geek-seo/v5462/web/geek/js/main.js:0
[   34502ms] [LOG] function(){} @ https://static.zhipin.com/zhipin-geek-seo/v5462/web/geek/js/main.js:0
[   34503ms] [TABLE] [Object, Object, Object, Object, Object, Object, Object, Object, Object, Object, Object, Object, Object, Object, Object, Object, Object, Object, Object, Object, Object, Object, Object, Object, Object, Object, Object, Object, Object, Object, Object, Object, Object, Object, Object, Object, Object, Object, Object, Object, Object, Object, Object, Object, Object, Object, Object, Object, Object, Object] @ https://static.zhipin.com/zhipin-geek-seo/v5462/web/geek/js/main.js:0
[   34536ms] [LOG] [Object, Object, Object, Object, Object, Object, Object, Object, Object, Object, Object, Object, Object, Object, Object, Object, Object, Object, Object, Object, Object, Object, Object, Object, Object, Object, Object, Object, Object, Object, Object, Object, Object, Object, Object, Object, Object, Object, Object, Object, Object, Object, Object, Object, Object, Object, Object, Object, Object, Object] @ https://static.zhipin.com/zhipin-geek-seo/v5462/web/geek/js/main.js:0
[   35009ms] [LOG] JSHandle@node @ https://static.zhipin.com/zhipin-geek-seo/v5462/web/geek/js/main.js:0
[   35009ms] [LOG] Mon Jun 29 2026 18:37:49 GMT+0800 (中国标准时间) @ https://static.zhipin.com/zhipin-geek-seo/v5462/web/geek/js/main.js:0
[   35009ms] [LOG] function(){} @ https://static.zhipin.com/zhipin-geek-seo/v5462/web/geek/js/main.js:0
[   35009ms] [TABLE] [Object, Object, Object, Object, Object, Object, Object, Object, Object, Object, Object, Object, Object, Object, Object, Object, Object, Object, Object, Object, Object, Object, Object, Object, Object, Object, Object, Object, Object, Object, Object, Object, Object, Object, Object, Object, Object, Object, Object, Object, Object, Object, Object, Object, Object, Object, Object, Object, Object, Object] @ https://static.zhipin.com/zhipin-geek-seo/v5462/web/geek/js/main.js:0
[   35039ms] [LOG] [Object, Object, Object, Object, Object, Object, Object, Object, Object, Object, Object, Object, Object, Object, Object, Object, Object, Object, Object, Object, Object, Object, Object, Object, Object, Object, Object, Object, Object, Object, Object, Object, Object, Object, Object, Object, Object, Object, Object, Object, Object, Object, Object, Object, Object, Object, Object, Object, Object, Object] @ https://static.zhipin.com/zhipin-geek-seo/v5462/web/geek/js/main.js:0
[   35039ms] [TABLE] [Object, Object, Object, Object, Object, Object, Object, Object, Object, Object, Object, Object, Object, Object, Object, Object, Object, Object, Object, Object, Object, Object, Object, Object, Object, Object, Object, Object, Object, Object, Object, Object, Object, Object, Object, Object, Object, Object, Object, Object, Object, Object, Object, Object, Object, Object, Object, Object, Object, Object] @ https://static.zhipin.com/zhipin-geek-seo/v5462/web/geek/js/main.js:0
[   35068ms] [LOG] [Object, Object, Object, Object, Object, Object, Object, Object, Object, Object, Object, Object, Object, Object, Object, Object, Object, Object, Object, Object, Object, Object, Object, Object, Object, Object, Object, Object, Object, Object, Object, Object, Object, Object, Object, Object, Object, Object, Object, Object, Object, Object, Object, Object, Object, Object, Object, Object, Object, Object] @ https://static.zhipin.com/zhipin-geek-seo/v5462/web/geek/js/main.js:0
[   35068ms] [TABLE] [Object, Object, Object, Object, Object, Object, Object, Object, Object, Object, Object, Object, Object, Object, Object, Object, Object, Object, Object, Object, Object, Object, Object, Object, Object, Object, Object, Object, Object, Object, Object, Object, Object, Object, Object, Object, Object, Object, Object, Object, Object, Object, Object, Object, Object, Object, Object, Object, Object, Object] @ https://static.zhipin.com/zhipin-geek-seo/v5462/web/geek/js/main.js:0
[   35097ms] [LOG] [Object, Object, Object, Object, Object, Object, Object, Object, Object, Object, Object, Object, Object, Object, Object, Object, Object, Object, Object, Object, Object, Object, Object, Object, Object, Object, Object, Object, Object, Object, Object, Object, Object, Object, Object, Object, Object, Object, Object, Object, Object, Object, Object, Object, Object, Object, Object, Object, Object, Object] @ https://static.zhipin.com/zhipin-geek-seo/v5462/web/geek/js/main.js:0
[   35098ms] [TABLE] [Object, Object, Object, Object, Object, Object, Object, Object, Object, Object, Object, Object, Object, Object, Object, Object, Object, Object, Object, Object, Object, Object, Object, Object, Object, Object, Object, Object, Object, Object, Object, Object, Object, Object, Object, Object, Object, Object, Object, Object, Object, Object, Object, Object, Object, Object, Object, Object, Object, Object] @ https://static.zhipin.com/zhipin-geek-seo/v5462/web/geek/js/main.js:0
[   35127ms] [LOG] [Object, Object, Object, Object, Object, Object, Object, Object, Object, Object, Object, Object, Object, Object, Object, Object, Object, Object, Object, Object, Object, Object, Object, Object, Object, Object, Object, Object, Object, Object, Object, Object, Object, Object, Object, Object, Object, Object, Object, Object, Object, Object, Object, Object, Object, Object, Object, Object, Object, Object] @ https://static.zhipin.com/zhipin-geek-seo/v5462/web/geek/js/main.js:0
[   35129ms] [WARNING] Scripts may close only the windows that were opened by them. @ https://static.zhipin.com/zhipin-geek-seo/v5462/web/geek/js/main.js:0
[   35139ms] [ERROR] Failed to load resource: the server responded with a status of 404 () @ https://www.zhipin.com/wapi/zpgeek/search/joblist.htm?query=%E5%82%A8%E8%83%BD%E5%BA%94%E7%94%A8%E5%B7%A5%E7%A8%8B%E5%B8%88&page=1:0
[   35147ms] [LOG] %c数星埋点初始化成功 color: #00bebd @ https://www.zhipin.com/wapi/zpgeek/search/joblist.htm?query=%E5%82%A8%E8%83%BD%E5%BA%94%E7%94%A8%E5%B7%A5%E7%A8%8B%E5%B8%88&page=1:120
[   40238ms] [LOG] %c数星埋点初始化成功 color: #00bebd @ https://www.zhipin.com/:126
[   40966ms] [LOG] JSHandle@node @ https://static.zhipin.com/zhipin-geek-seo/v5462/web/geek/js/main.js:0
[   40966ms] [LOG] Mon Jun 29 2026 18:37:57 GMT+0800 (中国标准时间) @ https://static.zhipin.com/zhipin-geek-seo/v5462/web/geek/js/main.js:0
[   40967ms] [LOG] function(){} @ https://static.zhipin.com/zhipin-geek-seo/v5462/web/geek/js/main.js:0
[   40967ms] [TABLE] [Object, Object, Object, Object, Object, Object, Object, Object, Object, Object, Object, Object, Object, Object, Object, Object, Object, Object, Object, Object, Object, Object, Object, Object, Object, Object, Object, Object, Object, Object, Object, Object, Object, Object, Object, Object, Object, Object, Object, Object, Object, Object, Object, Object, Object, Object, Object, Object, Object, Object] @ https://static.zhipin.com/zhipin-geek-seo/v5462/web/geek/js/main.js:0
[   41016ms] [LOG] [Object, Object, Object, Object, Object, Object, Object, Object, Object, Object, Object, Object, Object, Object, Object, Object, Object, Object, Object, Object, Object, Object, Object, Object, Object, Object, Object, Object, Object, Object, Object, Object, Object, Object, Object, Object, Object, Object, Object, Object, Object, Object, Object, Object, Object, Object, Object, Object, Object, Object] @ https://static.zhipin.com/zhipin-geek-seo/v5462/web/geek/js/main.js:0
[   41177ms] [ERROR] Failed to load resource: net::ERR_FAILED @ chrome-extension://invalid/:0
[   41447ms] [LOG] JSHandle@node @ https://static.zhipin.com/zhipin-geek-seo/v5462/web/geek/js/main.js:0
[   41447ms] [LOG] Mon Jun 29 2026 18:37:57 GMT+0800 (中国标准时间) @ https://static.zhipin.com/zhipin-geek-seo/v5462/web/geek/js/main.js:0
[   41448ms] [LOG] function(){} @ https://static.zhipin.com/zhipin-geek-seo/v5462/web/geek/js/main.js:0
[   41448ms] [TABLE] [Object, Object, Object, Object, Object, Object, Object, Object, Object, Object, Object, Object, Object, Object, Object, Object, Object, Object, Object, Object, Object, Object, Object, Object, Object, Object, Object, Object, Object, Object, Object, Object, Object, Object, Object, Object, Object, Object, Object, Object, Object, Object, Object, Object, Object, Object, Object, Object, Object, Object] @ https://static.zhipin.com/zhipin-geek-seo/v5462/web/geek/js/main.js:0
[   41481ms] [LOG] [Object, Object, Object, Object, Object, Object, Object, Object, Object, Object, Object, Object, Object, Object, Object, Object, Object, Object, Object, Object, Object, Object, Object, Object, Object, Object, Object, Object, Object, Object, Object, Object, Object, Object, Object, Object, Object, Object, Object, Object, Object, Object, Object, Object, Object, Object, Object, Object, Object, Object] @ https://static.zhipin.com/zhipin-geek-seo/v5462/web/geek/js/main.js:0
[   41951ms] [LOG] JSHandle@node @ https://static.zhipin.com/zhipin-geek-seo/v5462/web/geek/js/main.js:0
[   41952ms] [LOG] Mon Jun 29 2026 18:37:57 GMT+0800 (中国标准时间) @ https://static.zhipin.com/zhipin-geek-seo/v5462/web/geek/js/main.js:0
[   41952ms] [LOG] function(){} @ https://static.zhipin.com/zhipin-geek-seo/v5462/web/geek/js/main.js:0
[   41952ms] [TABLE] [Object, Object, Object, Object, Object, Object, Object, Object, Object, Object, Object, Object, Object, Object, Object, Object, Object, Object, Object, Object, Object, Object, Object, Object, Object, Object, Object, Object, Object, Object, Object, Object, Object, Object, Object, Object, Object, Object, Object, Object, Object, Object, Object, Object, Object, Object, Object, Object, Object, Object] @ https://static.zhipin.com/zhipin-geek-seo/v5462/web/geek/js/main.js:0
[   41999ms] [LOG] [Object, Object, Object, Object, Object, Object, Object, Object, Object, Object, Object, Object, Object, Object, Object, Object, Object, Object, Object, Object, Object, Object, Object, Object, Object, Object, Object, Object, Object, Object, Object, Object, Object, Object, Object, Object, Object, Object, Object, Object, Object, Object, Object, Object, Object, Object, Object, Object, Object, Object] @ https://static.zhipin.com/zhipin-geek-seo/v5462/web/geek/js/main.js:0
[   42452ms] [LOG] JSHandle@node @ https://static.zhipin.com/zhipin-geek-seo/v5462/web/geek/js/main.js:0
[   42452ms] [LOG] Mon Jun 29 2026 18:37:57 GMT+0800 (中国标准时间) @ https://static.zhipin.com/zhipin-geek-seo/v5462/web/geek/js/main.js:0
[   42452ms] [LOG] function(){} @ https://static.zhipin.com/zhipin-geek-seo/v5462/web/geek/js/main.js:0
[   42453ms] [TABLE] [Object, Object, Object, Object, Object, Object, Object, Object, Object, Object, Object, Object, Object, Object, Object, Object, Object, Object, Object, Object, Object, Object, Object, Object, Object, Object, Object, Object, Object, Object, Object, Object, Object, Object, Object, Object, Object, Object, Object, Object, Object, Object, Object, Object, Object, Object, Object, Object, Object, Object] @ https://static.zhipin.com/zhipin-geek-seo/v5462/web/geek/js/main.js:0
[   42482ms] [LOG] [Object, Object, Object, Object, Object, Object, Object, Object, Object, Object, Object, Object, Object, Object, Object, Object, Object, Object, Object, Object, Object, Object, Object, Object, Object, Object, Object, Object, Object, Object, Object, Object, Object, Object, Object, Object, Object, Object, Object, Object, Object, Object, Object, Object, Object, Object, Object, Object, Object, Object] @ https://static.zhipin.com/zhipin-geek-seo/v5462/web/geek/js/main.js:0
[   42966ms] [LOG] JSHandle@node @ https://static.zhipin.com/zhipin-geek-seo/v5462/web/geek/js/main.js:0
[   42966ms] [LOG] Mon Jun 29 2026 18:37:57 GMT+0800 (中国标准时间) @ https://static.zhipin.com/zhipin-geek-seo/v5462/web/geek/js/main.js:0
[   42966ms] [LOG] function(){} @ https://static.zhipin.com/zhipin-geek-seo/v5462/web/geek/js/main.js:0
[   42966ms] [TABLE] [Object, Object, Object, Object, Object, Object, Object, Object, Object, Object, Object, Object, Object, Object, Object, Object, Object, Object, Object, Object, Object, Object, Object, Object, Object, Object, Object, Object, Object, Object, Object, Object, Object, Object, Object, Object, Object, Object, Object, Object, Object, Object, Object, Object, Object, Object, Object, Object, Object, Object] @ https://static.zhipin.com/zhipin-geek-seo/v5462/web/geek/js/main.js:0
[   42996ms] [LOG] [Object, Object, Object, Object, Object, Object, Object, Object, Object, Object, Object, Object, Object, Object, Object, Object, Object, Object, Object, Object, Object, Object, Object, Object, Object, Object, Object, Object, Object, Object, Object, Object, Object, Object, Object, Object, Object, Object, Object, Object, Object, Object, Object, Object, Object, Object, Object, Object, Object, Object] @ https://static.zhipin.com/zhipin-geek-seo/v5462/web/geek/js/main.js:0
[   43219ms] [ERROR] WebSocket connection to 'ws://127.0.0.1:9222/1782729478146' failed: Error in connection establishment: net::ERR_CONNECTION_REFUSED @ https://static.zhipin.com/zhipin-geek/security/106/geek/index.js:0
[   43219ms] [ERROR] WebSocket connection to 'ws://127.0.0.1:18789/1782729478146' failed: Error in connection establishment: net::ERR_CONNECTION_REFUSED @ https://static.zhipin.com/zhipin-geek/security/106/geek/index.js:0
[   43467ms] [LOG] JSHandle@node @ https://static.zhipin.com/zhipin-geek-seo/v5462/web/geek/js/main.js:0
[   43467ms] [LOG] Mon Jun 29 2026 18:37:57 GMT+0800 (中国标准时间) @ https://static.zhipin.com/zhipin-geek-seo/v5462/web/geek/js/main.js:0
[   43467ms] [LOG] function(){} @ https://static.zhipin.com/zhipin-geek-seo/v5462/web/geek/js/main.js:0
[   43467ms] [TABLE] [Object, Object, Object, Object, Object, Object, Object, Object, Object, Object, Object, Object, Object, Object, Object, Object, Object, Object, Object, Object, Object, Object, Object, Object, Object, Object, Object, Object, Object, Object, Object, Object, Object, Object, Object, Object, Object, Object, Object, Object, Object, Object, Object, Object, Object, Object, Object, Object, Object, Object] @ https://static.zhipin.com/zhipin-geek-seo/v5462/web/geek/js/main.js:0
[   43506ms] [LOG] [Object, Object, Object, Object, Object, Object, Object, Object, Object, Object, Object, Object, Object, Object, Object, Object, Object, Object, Object, Object, Object, Object, Object, Object, Object, Object, Object, Object, Object, Object, Object, Object, Object, Object, Object, Object, Object, Object, Object, Object, Object, Object, Object, Object, Object, Object, Object, Object, Object, Object] @ https://static.zhipin.com/zhipin-geek-seo/v5462/web/geek/js/main.js:0
[   43983ms] [LOG] JSHandle@node @ https://static.zhipin.com/zhipin-geek-seo/v5462/web/geek/js/main.js:0
[   43983ms] [LOG] Mon Jun 29 2026 18:37:57 GMT+0800 (中国标准时间) @ https://static.zhipin.com/zhipin-geek-seo/v5462/web/geek/js/main.js:0
[   43983ms] [LOG] function(){} @ https://static.zhipin.com/zhipin-geek-seo/v5462/web/geek/js/main.js:0
[   43984ms] [TABLE] [Object, Object, Object, Object, Object, Object, Object, Object, Object, Object, Object, Object, Object, Object, Object, Object, Object, Object, Object, Object, Object, Object, Object, Object, Object, Object, Object, Object, Object, Object, Object, Object, Object, Object, Object, Object, Object, Object, Object, Object, Object, Object, Object, Object, Object, Object, Object, Object, Object, Object] @ https://static.zhipin.com/zhipin-geek-seo/v5462/web/geek/js/main.js:0
[   44016ms] [LOG] [Object, Object, Object, Object, Object, Object, Object, Object, Object, Object, Object, Object, Object, Object, Object, Object, Object, Object, Object, Object, Object, Object, Object, Object, Object, Object, Object, Object, Object, Object, Object, Object, Object, Object, Object, Object, Object, Object, Object, Object, Object, Object, Object, Object, Object, Object, Object, Object, Object, Object] @ https://static.zhipin.com/zhipin-geek-seo/v5462/web/geek/js/main.js:0
[   44016ms] [TABLE] [Object, Object, Object, Object, Object, Object, Object, Object, Object, Object, Object, Object, Object, Object, Object, Object, Object, Object, Object, Object, Object, Object, Object, Object, Object, Object, Object, Object, Object, Object, Object, Object, Object, Object, Object, Object, Object, Object, Object, Object, Object, Object, Object, Object, Object, Object, Object, Object, Object, Object] @ https://static.zhipin.com/zhipin-geek-seo/v5462/web/geek/js/main.js:0
[   44046ms] [LOG] [Object, Object, Object, Object, Object, Object, Object, Object, Object, Object, Object, Object, Object, Object, Object, Object, Object, Object, Object, Object, Object, Object, Object, Object, Object, Object, Object, Object, Object, Object, Object, Object, Object, Object, Object, Object, Object, Object, Object, Object, Object, Object, Object, Object, Object, Object, Object, Object, Object, Object] @ https://static.zhipin.com/zhipin-geek-seo/v5462/web/geek/js/main.js:0
[   44046ms] [TABLE] [Object, Object, Object, Object, Object, Object, Object, Object, Object, Object, Object, Object, Object, Object, Object, Object, Object, Object, Object, Object, Object, Object, Object, Object, Object, Object, Object, Object, Object, Object, Object, Object, Object, Object, Object, Object, Object, Object, Object, Object, Object, Object, Object, Object, Object, Object, Object, Object, Object, Object] @ https://static.zhipin.com/zhipin-geek-seo/v5462/web/geek/js/main.js:0
[   44086ms] [LOG] [Object, Object, Object, Object, Object, Object, Object, Object, Object, Object, Object, Object, Object, Object, Object, Object, Object, Object, Object, Object, Object, Object, Object, Object, Object, Object, Object, Object, Object, Object, Object, Object, Object, Object, Object, Object, Object, Object, Object, Object, Object, Object, Object, Object, Object, Object, Object, Object, Object, Object] @ https://static.zhipin.com/zhipin-geek-seo/v5462/web/geek/js/main.js:0
[   44087ms] [TABLE] [Object, Object, Object, Object, Object, Object, Object, Object, Object, Object, Object, Object, Object, Object, Object, Object, Object, Object, Object, Object, Object, Object, Object, Object, Object, Object, Object, Object, Object, Object, Object, Object, Object, Object, Object, Object, Object, Object, Object, Object, Object, Object, Object, Object, Object, Object, Object, Object, Object, Object] @ https://static.zhipin.com/zhipin-geek-seo/v5462/web/geek/js/main.js:0
[   44122ms] [LOG] [Object, Object, Object, Object, Object, Object, Object, Object, Object, Object, Object, Object, Object, Object, Object, Object, Object, Object, Object, Object, Object, Object, Object, Object, Object, Object, Object, Object, Object, Object, Object, Object, Object, Object, Object, Object, Object, Object, Object, Object, Object, Object, Object, Object, Object, Object, Object, Object, Object, Object] @ https://static.zhipin.com/zhipin-geek-seo/v5462/web/geek/js/main.js:0
[   44125ms] [WARNING] Scripts may close only the windows that were opened by them. @ https://static.zhipin.com/zhipin-geek-seo/v5462/web/geek/js/main.js:0
[   44136ms] [ERROR] Failed to load resource: the server responded with a status of 404 () @ https://www.zhipin.com/wapi/zpgeek/search/joblist.htm?query=%E5%82%A8%E8%83%BD%E5%BA%94%E7%94%A8%E5%B7%A5%E7%A8%8B%E5%B8%88&page=1:0
[   44145ms] [LOG] %c数星埋点初始化成功 color: #00bebd @ https://www.zhipin.com/wapi/zpgeek/search/joblist.htm?query=%E5%82%A8%E8%83%BD%E5%BA%94%E7%94%A8%E5%B7%A5%E7%A8%8B%E5%B8%88&page=1:120
[   49233ms] [LOG] %c数星埋点初始化成功 color: #00bebd @ https://www.zhipin.com/:126
[   49991ms] [LOG] JSHandle@node @ https://static.zhipin.com/zhipin-geek-seo/v5462/web/geek/js/main.js:0
[   49992ms] [LOG] Mon Jun 29 2026 18:38:06 GMT+0800 (中国标准时间) @ https://static.zhipin.com/zhipin-geek-seo/v5462/web/geek/js/main.js:0
[   49992ms] [LOG] function(){} @ https://static.zhipin.com/zhipin-geek-seo/v5462/web/geek/js/main.js:0
[   49992ms] [TABLE] [Object, Object, Object, Object, Object, Object, Object, Object, Object, Object, Object, Object, Object, Object, Object, Object, Object, Object, Object, Object, Object, Object, Object, Object, Object, Object, Object, Object, Object, Object, Object, Object, Object, Object, Object, Object, Object, Object, Object, Object, Object, Object, Object, Object, Object, Object, Object, Object, Object, Object] @ https://static.zhipin.com/zhipin-geek-seo/v5462/web/geek/js/main.js:0
[   50028ms] [LOG] [Object, Object, Object, Object, Object, Object, Object, Object, Object, Object, Object, Object, Object, Object, Object, Object, Object, Object, Object, Object, Object, Object, Object, Object, Object, Object, Object, Object, Object, Object, Object, Object, Object, Object, Object, Object, Object, Object, Object, Object, Object, Object, Object, Object, Object, Object, Object, Object, Object, Object] @ https://static.zhipin.com/zhipin-geek-seo/v5462/web/geek/js/main.js:0
[   50173ms] [ERROR] Failed to load resource: net::ERR_FAILED @ chrome-extension://invalid/:0
[   50488ms] [LOG] JSHandle@node @ https://static.zhipin.com/zhipin-geek-seo/v5462/web/geek/js/main.js:0
[   50488ms] [LOG] Mon Jun 29 2026 18:38:06 GMT+0800 (中国标准时间) @ https://static.zhipin.com/zhipin-geek-seo/v5462/web/geek/js/main.js:0
[   50488ms] [LOG] function(){} @ https://static.zhipin.com/zhipin-geek-seo/v5462/web/geek/js/main.js:0
[   50488ms] [TABLE] [Object, Object, Object, Object, Object, Object, Object, Object, Object, Object, Object, Object, Object, Object, Object, Object, Object, Object, Object, Object, Object, Object, Object, Object, Object, Object, Object, Object, Object, Object, Object, Object, Object, Object, Object, Object, Object, Object, Object, Object, Object, Object, Object, Object, Object, Object, Object, Object, Object, Object] @ https://static.zhipin.com/zhipin-geek-seo/v5462/web/geek/js/main.js:0
[   50535ms] [LOG] [Object, Object, Object, Object, Object, Object, Object, Object, Object, Object, Object, Object, Object, Object, Object, Object, Object, Object, Object, Object, Object, Object, Object, Object, Object, Object, Object, Object, Object, Object, Object, Object, Object, Object, Object, Object, Object, Object, Object, Object, Object, Object, Object, Object, Object, Object, Object, Object, Object, Object] @ https://static.zhipin.com/zhipin-geek-seo/v5462/web/geek/js/main.js:0
[   50992ms] [LOG] JSHandle@node @ https://static.zhipin.com/zhipin-geek-seo/v5462/web/geek/js/main.js:0
[   50992ms] [LOG] Mon Jun 29 2026 18:38:06 GMT+0800 (中国标准时间) @ https://static.zhipin.com/zhipin-geek-seo/v5462/web/geek/js/main.js:0
[   50992ms] [LOG] function(){} @ https://static.zhipin.com/zhipin-geek-seo/v5462/web/geek/js/main.js:0
[   50992ms] [TABLE] [Object, Object, Object, Object, Object, Object, Object, Object, Object, Object, Object, Object, Object, Object, Object, Object, Object, Object, Object, Object, Object, Object, Object, Object, Object, Object, Object, Object, Object, Object, Object, Object, Object, Object, Object, Object, Object, Object, Object, Object, Object, Object, Object, Object, Object, Object, Object, Object, Object, Object] @ https://static.zhipin.com/zhipin-geek-seo/v5462/web/geek/js/main.js:0
[   51035ms] [LOG] [Object, Object, Object, Object, Object, Object, Object, Object, Object, Object, Object, Object, Object, Object, Object, Object, Object, Object, Object, Object, Object, Object, Object, Object, Object, Object, Object, Object, Object, Object, Object, Object, Object, Object, Object, Object, Object, Object, Object, Object, Object, Object, Object, Object, Object, Object, Object, Object, Object, Object] @ https://static.zhipin.com/zhipin-geek-seo/v5462/web/geek/js/main.js:0
[   51036ms] [TABLE] [Object, Object, Object, Object, Object, Object, Object, Object, Object, Object, Object, Object, Object, Object, Object, Object, Object, Object, Object, Object, Object, Object, Object, Object, Object, Object, Object, Object, Object, Object, Object, Object, Object, Object, Object, Object, Object, Object, Object, Object, Object, Object, Object, Object, Object, Object, Object, Object, Object, Object] @ https://static.zhipin.com/zhipin-geek-seo/v5462/web/geek/js/main.js:0
[   51081ms] [LOG] [Object, Object, Object, Object, Object, Object, Object, Object, Object, Object, Object, Object, Object, Object, Object, Object, Object, Object, Object, Object, Object, Object, Object, Object, Object, Object, Object, Object, Object, Object, Object, Object, Object, Object, Object, Object, Object, Object, Object, Object, Object, Object, Object, Object, Object, Object, Object, Object, Object, Object] @ https://static.zhipin.com/zhipin-geek-seo/v5462/web/geek/js/main.js:0
[   51081ms] [TABLE] [Object, Object, Object, Object, Object, Object, Object, Object, Object, Object, Object, Object, Object, Object, Object, Object, Object, Object, Object, Object, Object, Object, Object, Object, Object, Object, Object, Object, Object, Object, Object, Object, Object, Object, Object, Object, Object, Object, Object, Object, Object, Object, Object, Object, Object, Object, Object, Object, Object, Object] @ https://static.zhipin.com/zhipin-geek-seo/v5462/web/geek/js/main.js:0
[   51130ms] [LOG] [Object, Object, Object, Object, Object, Object, Object, Object, Object, Object, Object, Object, Object, Object, Object, Object, Object, Object, Object, Object, Object, Object, Object, Object, Object, Object, Object, Object, Object, Object, Object, Object, Object, Object, Object, Object, Object, Object, Object, Object, Object, Object, Object, Object, Object, Object, Object, Object, Object, Object] @ https://static.zhipin.com/zhipin-geek-seo/v5462/web/geek/js/main.js:0
[   51130ms] [TABLE] [Object, Object, Object, Object, Object, Object, Object, Object, Object, Object, Object, Object, Object, Object, Object, Object, Object, Object, Object, Object, Object, Object, Object, Object, Object, Object, Object, Object, Object, Object, Object, Object, Object, Object, Object, Object, Object, Object, Object, Object, Object, Object, Object, Object, Object, Object, Object, Object, Object, Object] @ https://static.zhipin.com/zhipin-geek-seo/v5462/web/geek/js/main.js:0
[   51170ms] [LOG] [Object, Object, Object, Object, Object, Object, Object, Object, Object, Object, Object, Object, Object, Object, Object, Object, Object, Object, Object, Object, Object, Object, Object, Object, Object, Object, Object, Object, Object, Object, Object, Object, Object, Object, Object, Object, Object, Object, Object, Object, Object, Object, Object, Object, Object, Object, Object, Object, Object, Object] @ https://static.zhipin.com/zhipin-geek-seo/v5462/web/geek/js/main.js:0
[   51174ms] [WARNING] Scripts may close only the windows that were opened by them. @ https://static.zhipin.com/zhipin-geek-seo/v5462/web/geek/js/main.js:0
[   51188ms] [ERROR] Failed to load resource: the server responded with a status of 404 () @ https://www.zhipin.com/wapi/zpgeek/search/joblist.htm?query=%E5%82%A8%E8%83%BD%E5%BA%94%E7%94%A8%E5%B7%A5%E7%A8%8B%E5%B8%88&page=1:0
[   51199ms] [LOG] %c数星埋点初始化成功 color: #00bebd @ https://www.zhipin.com/wapi/zpgeek/search/joblist.htm?query=%E5%82%A8%E8%83%BD%E5%BA%94%E7%94%A8%E5%B7%A5%E7%A8%8B%E5%B8%88&page=1:120
[   56298ms] [LOG] %c数星埋点初始化成功 color: #00bebd @ https://www.zhipin.com/:126
[   57096ms] [LOG] JSHandle@node @ https://static.zhipin.com/zhipin-geek-seo/v5462/web/geek/js/main.js:0
[   57096ms] [LOG] Mon Jun 29 2026 18:38:13 GMT+0800 (中国标准时间) @ https://static.zhipin.com/zhipin-geek-seo/v5462/web/geek/js/main.js:0
[   57097ms] [LOG] function(){} @ https://static.zhipin.com/zhipin-geek-seo/v5462/web/geek/js/main.js:0
[   57097ms] [TABLE] [Object, Object, Object, Object, Object, Object, Object, Object, Object, Object, Object, Object, Object, Object, Object, Object, Object, Object, Object, Object, Object, Object, Object, Object, Object, Object, Object, Object, Object, Object, Object, Object, Object, Object, Object, Object, Object, Object, Object, Object, Object, Object, Object, Object, Object, Object, Object, Object, Object, Object] @ https://static.zhipin.com/zhipin-geek-seo/v5462/web/geek/js/main.js:0
[   57135ms] [LOG] [Object, Object, Object, Object, Object, Object, Object, Object, Object, Object, Object, Object, Object, Object, Object, Object, Object, Object, Object, Object, Object, Object, Object, Object, Object, Object, Object, Object, Object, Object, Object, Object, Object, Object, Object, Object, Object, Object, Object, Object, Object, Object, Object, Object, Object, Object, Object, Object, Object, Object] @ https://static.zhipin.com/zhipin-geek-seo/v5462/web/geek/js/main.js:0
[   57208ms] [ERROR] Failed to load resource: net::ERR_FAILED @ chrome-extension://invalid/:0
[   57587ms] [LOG] JSHandle@node @ https://static.zhipin.com/zhipin-geek-seo/v5462/web/geek/js/main.js:0
[   57587ms] [LOG] Mon Jun 29 2026 18:38:13 GMT+0800 (中国标准时间) @ https://static.zhipin.com/zhipin-geek-seo/v5462/web/geek/js/main.js:0
[   57587ms] [LOG] function(){} @ https://static.zhipin.com/zhipin-geek-seo/v5462/web/geek/js/main.js:0
[   57587ms] [TABLE] [Object, Object, Object, Object, Object, Object, Object, Object, Object, Object, Object, Object, Object, Object, Object, Object, Object, Object, Object, Object, Object, Object, Object, Object, Object, Object, Object, Object, Object, Object, Object, Object, Object, Object, Object, Object, Object, Object, Object, Object, Object, Object, Object, Object, Object, Object, Object, Object, Object, Object] @ https://static.zhipin.com/zhipin-geek-seo/v5462/web/geek/js/main.js:0
[   57622ms] [LOG] [Object, Object, Object, Object, Object, Object, Object, Object, Object, Object, Object, Object, Object, Object, Object, Object, Object, Object, Object, Object, Object, Object, Object, Object, Object, Object, Object, Object, Object, Object, Object, Object, Object, Object, Object, Object, Object, Object, Object, Object, Object, Object, Object, Object, Object, Object, Object, Object, Object, Object] @ https://static.zhipin.com/zhipin-geek-seo/v5462/web/geek/js/main.js:0
[   58091ms] [LOG] JSHandle@node @ https://static.zhipin.com/zhipin-geek-seo/v5462/web/geek/js/main.js:0
[   58092ms] [LOG] Mon Jun 29 2026 18:38:13 GMT+0800 (中国标准时间) @ https://static.zhipin.com/zhipin-geek-seo/v5462/web/geek/js/main.js:0
[   58092ms] [LOG] function(){} @ https://static.zhipin.com/zhipin-geek-seo/v5462/web/geek/js/main.js:0
[   58092ms] [TABLE] [Object, Object, Object, Object, Object, Object, Object, Object, Object, Object, Object, Object, Object, Object, Object, Object, Object, Object, Object, Object, Object, Object, Object, Object, Object, Object, Object, Object, Object, Object, Object, Object, Object, Object, Object, Object, Object, Object, Object, Object, Object, Object, Object, Object, Object, Object, Object, Object, Object, Object] @ https://static.zhipin.com/zhipin-geek-seo/v5462/web/geek/js/main.js:0
[   58125ms] [LOG] [Object, Object, Object, Object, Object, Object, Object, Object, Object, Object, Object, Object, Object, Object, Object, Object, Object, Object, Object, Object, Object, Object, Object, Object, Object, Object, Object, Object, Object, Object, Object, Object, Object, Object, Object, Object, Object, Object, Object, Object, Object, Object, Object, Object, Object, Object, Object, Object, Object, Object] @ https://static.zhipin.com/zhipin-geek-seo/v5462/web/geek/js/main.js:0
[   58125ms] [TABLE] [Object, Object, Object, Object, Object, Object, Object, Object, Object, Object, Object, Object, Object, Object, Object, Object, Object, Object, Object, Object, Object, Object, Object, Object, Object, Object, Object, Object, Object, Object, Object, Object, Object, Object, Object, Object, Object, Object, Object, Object, Object, Object, Object, Object, Object, Object, Object, Object, Object, Object] @ https://static.zhipin.com/zhipin-geek-seo/v5462/web/geek/js/main.js:0
[   58157ms] [LOG] [Object, Object, Object, Object, Object, Object, Object, Object, Object, Object, Object, Object, Object, Object, Object, Object, Object, Object, Object, Object, Object, Object, Object, Object, Object, Object, Object, Object, Object, Object, Object, Object, Object, Object, Object, Object, Object, Object, Object, Object, Object, Object, Object, Object, Object, Object, Object, Object, Object, Object] @ https://static.zhipin.com/zhipin-geek-seo/v5462/web/geek/js/main.js:0
[   58158ms] [TABLE] [Object, Object, Object, Object, Object, Object, Object, Object, Object, Object, Object, Object, Object, Object, Object, Object, Object, Object, Object, Object, Object, Object, Object, Object, Object, Object, Object, Object, Object, Object, Object, Object, Object, Object, Object, Object, Object, Object, Object, Object, Object, Object, Object, Object, Object, Object, Object, Object, Object, Object] @ https://static.zhipin.com/zhipin-geek-seo/v5462/web/geek/js/main.js:0
[   58187ms] [LOG] [Object, Object, Object, Object, Object, Object, Object, Object, Object, Object, Object, Object, Object, Object, Object, Object, Object, Object, Object, Object, Object, Object, Object, Object, Object, Object, Object, Object, Object, Object, Object, Object, Object, Object, Object, Object, Object, Object, Object, Object, Object, Object, Object, Object, Object, Object, Object, Object, Object, Object] @ https://static.zhipin.com/zhipin-geek-seo/v5462/web/geek/js/main.js:0
[   58188ms] [TABLE] [Object, Object, Object, Object, Object, Object, Object, Object, Object, Object, Object, Object, Object, Object, Object, Object, Object, Object, Object, Object, Object, Object, Object, Object, Object, Object, Object, Object, Object, Object, Object, Object, Object, Object, Object, Object, Object, Object, Object, Object, Object, Object, Object, Object, Object, Object, Object, Object, Object, Object] @ https://static.zhipin.com/zhipin-geek-seo/v5462/web/geek/js/main.js:0
[   58219ms] [LOG] [Object, Object, Object, Object, Object, Object, Object, Object, Object, Object, Object, Object, Object, Object, Object, Object, Object, Object, Object, Object, Object, Object, Object, Object, Object, Object, Object, Object, Object, Object, Object, Object, Object, Object, Object, Object, Object, Object, Object, Object, Object, Object, Object, Object, Object, Object, Object, Object, Object, Object] @ https://static.zhipin.com/zhipin-geek-seo/v5462/web/geek/js/main.js:0
[   58222ms] [WARNING] Scripts may close only the windows that were opened by them. @ https://static.zhipin.com/zhipin-geek-seo/v5462/web/geek/js/main.js:0
[   58232ms] [ERROR] Failed to load resource: the server responded with a status of 404 () @ https://www.zhipin.com/wapi/zpgeek/search/joblist.htm?query=%E5%82%A8%E8%83%BD%E5%BA%94%E7%94%A8%E5%B7%A5%E7%A8%8B%E5%B8%88&page=1:0
[   58243ms] [LOG] %c数星埋点初始化成功 color: #00bebd @ https://www.zhipin.com/wapi/zpgeek/search/joblist.htm?query=%E5%82%A8%E8%83%BD%E5%BA%94%E7%94%A8%E5%B7%A5%E7%A8%8B%E5%B8%88&page=1:120
[   63330ms] [LOG] %c数星埋点初始化成功 color: #00bebd @ https://www.zhipin.com/:126
[   64000ms] [LOG] JSHandle@node @ https://static.zhipin.com/zhipin-geek-seo/v5462/web/geek/js/main.js:0
[   64000ms] [LOG] Mon Jun 29 2026 18:38:20 GMT+0800 (中国标准时间) @ https://static.zhipin.com/zhipin-geek-seo/v5462/web/geek/js/main.js:0
[   64000ms] [LOG] function(){} @ https://static.zhipin.com/zhipin-geek-seo/v5462/web/geek/js/main.js:0
[   64000ms] [TABLE] [Object, Object, Object, Object, Object, Object, Object, Object, Object, Object, Object, Object, Object, Object, Object, Object, Object, Object, Object, Object, Object, Object, Object, Object, Object, Object, Object, Object, Object, Object, Object, Object, Object, Object, Object, Object, Object, Object, Object, Object, Object, Object, Object, Object, Object, Object, Object, Object, Object, Object] @ https://static.zhipin.com/zhipin-geek-seo/v5462/web/geek/js/main.js:0
[   64038ms] [LOG] [Object, Object, Object, Object, Object, Object, Object, Object, Object, Object, Object, Object, Object, Object, Object, Object, Object, Object, Object, Object, Object, Object, Object, Object, Object, Object, Object, Object, Object, Object, Object, Object, Object, Object, Object, Object, Object, Object, Object, Object, Object, Object, Object, Object, Object, Object, Object, Object, Object, Object] @ https://static.zhipin.com/zhipin-geek-seo/v5462/web/geek/js/main.js:0
[   64134ms] [ERROR] Failed to load resource: net::ERR_FAILED @ chrome-extension://invalid/:0
[   64499ms] [LOG] JSHandle@node @ https://static.zhipin.com/zhipin-geek-seo/v5462/web/geek/js/main.js:0
[   64499ms] [LOG] Mon Jun 29 2026 18:38:20 GMT+0800 (中国标准时间) @ https://static.zhipin.com/zhipin-geek-seo/v5462/web/geek/js/main.js:0
[   64499ms] [LOG] function(){} @ https://static.zhipin.com/zhipin-geek-seo/v5462/web/geek/js/main.js:0
[   64499ms] [TABLE] [Object, Object, Object, Object, Object, Object, Object, Object, Object, Object, Object, Object, Object, Object, Object, Object, Object, Object, Object, Object, Object, Object, Object, Object, Object, Object, Object, Object, Object, Object, Object, Object, Object, Object, Object, Object, Object, Object, Object, Object, Object, Object, Object, Object, Object, Object, Object, Object, Object, Object] @ https://static.zhipin.com/zhipin-geek-seo/v5462/web/geek/js/main.js:0
[   64531ms] [LOG] [Object, Object, Object, Object, Object, Object, Object, Object, Object, Object, Object, Object, Object, Object, Object, Object, Object, Object, Object, Object, Object, Object, Object, Object, Object, Object, Object, Object, Object, Object, Object, Object, Object, Object, Object, Object, Object, Object, Object, Object, Object, Object, Object, Object, Object, Object, Object, Object, Object, Object] @ https://static.zhipin.com/zhipin-geek-seo/v5462/web/geek/js/main.js:0
[   65003ms] [LOG] JSHandle@node @ https://static.zhipin.com/zhipin-geek-seo/v5462/web/geek/js/main.js:0
[   65003ms] [LOG] Mon Jun 29 2026 18:38:20 GMT+0800 (中国标准时间) @ https://static.zhipin.com/zhipin-geek-seo/v5462/web/geek/js/main.js:0
[   65003ms] [LOG] function(){} @ https://static.zhipin.com/zhipin-geek-seo/v5462/web/geek/js/main.js:0
[   65003ms] [TABLE] [Object, Object, Object, Object, Object, Object, Object, Object, Object, Object, Object, Object, Object, Object, Object, Object, Object, Object, Object, Object, Object, Object, Object, Object, Object, Object, Object, Object, Object, Object, Object, Object, Object, Object, Object, Object, Object, Object, Object, Object, Object, Object, Object, Object, Object, Object, Object, Object, Object, Object] @ https://static.zhipin.com/zhipin-geek-seo/v5462/web/geek/js/main.js:0
[   65035ms] [LOG] [Object, Object, Object, Object, Object, Object, Object, Object, Object, Object, Object, Object, Object, Object, Object, Object, Object, Object, Object, Object, Object, Object, Object, Object, Object, Object, Object, Object, Object, Object, Object, Object, Object, Object, Object, Object, Object, Object, Object, Object, Object, Object, Object, Object, Object, Object, Object, Object, Object, Object] @ https://static.zhipin.com/zhipin-geek-seo/v5462/web/geek/js/main.js:0
[   65508ms] [LOG] JSHandle@node @ https://static.zhipin.com/zhipin-geek-seo/v5462/web/geek/js/main.js:0
[   65508ms] [LOG] Mon Jun 29 2026 18:38:20 GMT+0800 (中国标准时间) @ https://static.zhipin.com/zhipin-geek-seo/v5462/web/geek/js/main.js:0
[   65509ms] [LOG] function(){} @ https://static.zhipin.com/zhipin-geek-seo/v5462/web/geek/js/main.js:0
[   65509ms] [TABLE] [Object, Object, Object, Object, Object, Object, Object, Object, Object, Object, Object, Object, Object, Object, Object, Object, Object, Object, Object, Object, Object, Object, Object, Object, Object, Object, Object, Object, Object, Object, Object, Object, Object, Object, Object, Object, Object, Object, Object, Object, Object, Object, Object, Object, Object, Object, Object, Object, Object, Object] @ https://static.zhipin.com/zhipin-geek-seo/v5462/web/geek/js/main.js:0
[   65543ms] [LOG] [Object, Object, Object, Object, Object, Object, Object, Object, Object, Object, Object, Object, Object, Object, Object, Object, Object, Object, Object, Object, Object, Object, Object, Object, Object, Object, Object, Object, Object, Object, Object, Object, Object, Object, Object, Object, Object, Object, Object, Object, Object, Object, Object, Object, Object, Object, Object, Object, Object, Object] @ https://static.zhipin.com/zhipin-geek-seo/v5462/web/geek/js/main.js:0
[   65543ms] [TABLE] [Object, Object, Object, Object, Object, Object, Object, Object, Object, Object, Object, Object, Object, Object, Object, Object, Object, Object, Object, Object, Object, Object, Object, Object, Object, Object, Object, Object, Object, Object, Object, Object, Object, Object, Object, Object, Object, Object, Object, Object, Object, Object, Object, Object, Object, Object, Object, Object, Object, Object] @ https://static.zhipin.com/zhipin-geek-seo/v5462/web/geek/js/main.js:0
[   65586ms] [LOG] [Object, Object, Object, Object, Object, Object, Object, Object, Object, Object, Object, Object, Object, Object, Object, Object, Object, Object, Object, Object, Object, Object, Object, Object, Object, Object, Object, Object, Object, Object, Object, Object, Object, Object, Object, Object, Object, Object, Object, Object, Object, Object, Object, Object, Object, Object, Object, Object, Object, Object] @ https://static.zhipin.com/zhipin-geek-seo/v5462/web/geek/js/main.js:0
[   65586ms] [TABLE] [Object, Object, Object, Object, Object, Object, Object, Object, Object, Object, Object, Object, Object, Object, Object, Object, Object, Object, Object, Object, Object, Object, Object, Object, Object, Object, Object, Object, Object, Object, Object, Object, Object, Object, Object, Object, Object, Object, Object, Object, Object, Object, Object, Object, Object, Object, Object, Object, Object, Object] @ https://static.zhipin.com/zhipin-geek-seo/v5462/web/geek/js/main.js:0
[   65617ms] [LOG] [Object, Object, Object, Object, Object, Object, Object, Object, Object, Object, Object, Object, Object, Object, Object, Object, Object, Object, Object, Object, Object, Object, Object, Object, Object, Object, Object, Object, Object, Object, Object, Object, Object, Object, Object, Object, Object, Object, Object, Object, Object, Object, Object, Object, Object, Object, Object, Object, Object, Object] @ https://static.zhipin.com/zhipin-geek-seo/v5462/web/geek/js/main.js:0
[   65617ms] [TABLE] [Object, Object, Object, Object, Object, Object, Object, Object, Object, Object, Object, Object, Object, Object, Object, Object, Object, Object, Object, Object, Object, Object, Object, Object, Object, Object, Object, Object, Object, Object, Object, Object, Object, Object, Object, Object, Object, Object, Object, Object, Object, Object, Object, Object, Object, Object, Object, Object, Object, Object] @ https://static.zhipin.com/zhipin-geek-seo/v5462/web/geek/js/main.js:0
[   65647ms] [LOG] [Object, Object, Object, Object, Object, Object, Object, Object, Object, Object, Object, Object, Object, Object, Object, Object, Object, Object, Object, Object, Object, Object, Object, Object, Object, Object, Object, Object, Object, Object, Object, Object, Object, Object, Object, Object, Object, Object, Object, Object, Object, Object, Object, Object, Object, Object, Object, Object, Object, Object] @ https://static.zhipin.com/zhipin-geek-seo/v5462/web/geek/js/main.js:0
[   65651ms] [WARNING] Scripts may close only the windows that were opened by them. @ https://static.zhipin.com/zhipin-geek-seo/v5462/web/geek/js/main.js:0
[   65664ms] [ERROR] Failed to load resource: the server responded with a status of 404 () @ https://www.zhipin.com/wapi/zpgeek/search/joblist.htm?query=%E5%82%A8%E8%83%BD%E5%BA%94%E7%94%A8%E5%B7%A5%E7%A8%8B%E5%B8%88&page=1:0
[   65682ms] [LOG] %c数星埋点初始化成功 color: #00bebd @ https://www.zhipin.com/wapi/zpgeek/search/joblist.htm?query=%E5%82%A8%E8%83%BD%E5%BA%94%E7%94%A8%E5%B7%A5%E7%A8%8B%E5%B8%88&page=1:120
[   70838ms] [LOG] %c数星埋点初始化成功 color: #00bebd @ https://www.zhipin.com/:126
[   71563ms] [ERROR] Failed to load resource: net::ERR_FAILED @ chrome-extension://invalid/:0
[   71566ms] [LOG] JSHandle@node @ https://static.zhipin.com/zhipin-geek-seo/v5462/web/geek/js/main.js:0
[   71566ms] [LOG] Mon Jun 29 2026 18:38:28 GMT+0800 (中国标准时间) @ https://static.zhipin.com/zhipin-geek-seo/v5462/web/geek/js/main.js:0
[   71567ms] [LOG] function(){} @ https://static.zhipin.com/zhipin-geek-seo/v5462/web/geek/js/main.js:0
[   71567ms] [TABLE] [Object, Object, Object, Object, Object, Object, Object, Object, Object, Object, Object, Object, Object, Object, Object, Object, Object, Object, Object, Object, Object, Object, Object, Object, Object, Object, Object, Object, Object, Object, Object, Object, Object, Object, Object, Object, Object, Object, Object, Object, Object, Object, Object, Object, Object, Object, Object, Object, Object, Object] @ https://static.zhipin.com/zhipin-geek-seo/v5462/web/geek/js/main.js:0
[   71600ms] [LOG] [Object, Object, Object, Object, Object, Object, Object, Object, Object, Object, Object, Object, Object, Object, Object, Object, Object, Object, Object, Object, Object, Object, Object, Object, Object, Object, Object, Object, Object, Object, Object, Object, Object, Object, Object, Object, Object, Object, Object, Object, Object, Object, Object, Object, Object, Object, Object, Object, Object, Object] @ https://static.zhipin.com/zhipin-geek-seo/v5462/web/geek/js/main.js:0
[   72064ms] [LOG] JSHandle@node @ https://static.zhipin.com/zhipin-geek-seo/v5462/web/geek/js/main.js:0
[   72065ms] [LOG] Mon Jun 29 2026 18:38:28 GMT+0800 (中国标准时间) @ https://static.zhipin.com/zhipin-geek-seo/v5462/web/geek/js/main.js:0
[   72065ms] [LOG] function(){} @ https://static.zhipin.com/zhipin-geek-seo/v5462/web/geek/js/main.js:0
[   72065ms] [TABLE] [Object, Object, Object, Object, Object, Object, Object, Object, Object, Object, Object, Object, Object, Object, Object, Object, Object, Object, Object, Object, Object, Object, Object, Object, Object, Object, Object, Object, Object, Object, Object, Object, Object, Object, Object, Object, Object, Object, Object, Object, Object, Object, Object, Object, Object, Object, Object, Object, Object, Object] @ https://static.zhipin.com/zhipin-geek-seo/v5462/web/geek/js/main.js:0
[   72098ms] [LOG] [Object, Object, Object, Object, Object, Object, Object, Object, Object, Object, Object, Object, Object, Object, Object, Object, Object, Object, Object, Object, Object, Object, Object, Object, Object, Object, Object, Object, Object, Object, Object, Object, Object, Object, Object, Object, Object, Object, Object, Object, Object, Object, Object, Object, Object, Object, Object, Object, Object, Object] @ https://static.zhipin.com/zhipin-geek-seo/v5462/web/geek/js/main.js:0
[   72567ms] [LOG] JSHandle@node @ https://static.zhipin.com/zhipin-geek-seo/v5462/web/geek/js/main.js:0
[   72568ms] [LOG] Mon Jun 29 2026 18:38:28 GMT+0800 (中国标准时间) @ https://static.zhipin.com/zhipin-geek-seo/v5462/web/geek/js/main.js:0
[   72568ms] [LOG] function(){} @ https://static.zhipin.com/zhipin-geek-seo/v5462/web/geek/js/main.js:0
[   72568ms] [TABLE] [Object, Object, Object, Object, Object, Object, Object, Object, Object, Object, Object, Object, Object, Object, Object, Object, Object, Object, Object, Object, Object, Object, Object, Object, Object, Object, Object, Object, Object, Object, Object, Object, Object, Object, Object, Object, Object, Object, Object, Object, Object, Object, Object, Object, Object, Object, Object, Object, Object, Object] @ https://static.zhipin.com/zhipin-geek-seo/v5462/web/geek/js/main.js:0
[   72601ms] [LOG] [Object, Object, Object, Object, Object, Object, Object, Object, Object, Object, Object, Object, Object, Object, Object, Object, Object, Object, Object, Object, Object, Object, Object, Object, Object, Object, Object, Object, Object, Object, Object, Object, Object, Object, Object, Object, Object, Object, Object, Object, Object, Object, Object, Object, Object, Object, Object, Object, Object, Object] @ https://static.zhipin.com/zhipin-geek-seo/v5462/web/geek/js/main.js:0
[   73075ms] [LOG] JSHandle@node @ https://static.zhipin.com/zhipin-geek-seo/v5462/web/geek/js/main.js:0
[   73075ms] [LOG] Mon Jun 29 2026 18:38:28 GMT+0800 (中国标准时间) @ https://static.zhipin.com/zhipin-geek-seo/v5462/web/geek/js/main.js:0
[   73076ms] [LOG] function(){} @ https://static.zhipin.com/zhipin-geek-seo/v5462/web/geek/js/main.js:0
[   73076ms] [TABLE] [Object, Object, Object, Object, Object, Object, Object, Object, Object, Object, Object, Object, Object, Object, Object, Object, Object, Object, Object, Object, Object, Object, Object, Object, Object, Object, Object, Object, Object, Object, Object, Object, Object, Object, Object, Object, Object, Object, Object, Object, Object, Object, Object, Object, Object, Object, Object, Object, Object, Object] @ https://static.zhipin.com/zhipin-geek-seo/v5462/web/geek/js/main.js:0
[   73108ms] [LOG] [Object, Object, Object, Object, Object, Object, Object, Object, Object, Object, Object, Object, Object, Object, Object, Object, Object, Object, Object, Object, Object, Object, Object, Object, Object, Object, Object, Object, Object, Object, Object, Object, Object, Object, Object, Object, Object, Object, Object, Object, Object, Object, Object, Object, Object, Object, Object, Object, Object, Object] @ https://static.zhipin.com/zhipin-geek-seo/v5462/web/geek/js/main.js:0
[   73591ms] [LOG] JSHandle@node @ https://static.zhipin.com/zhipin-geek-seo/v5462/web/geek/js/main.js:0
[   73591ms] [LOG] Mon Jun 29 2026 18:38:28 GMT+0800 (中国标准时间) @ https://static.zhipin.com/zhipin-geek-seo/v5462/web/geek/js/main.js:0
[   73591ms] [LOG] function(){} @ https://static.zhipin.com/zhipin-geek-seo/v5462/web/geek/js/main.js:0
[   73591ms] [TABLE] [Object, Object, Object, Object, Object, Object, Object, Object, Object, Object, Object, Object, Object, Object, Object, Object, Object, Object, Object, Object, Object, Object, Object, Object, Object, Object, Object, Object, Object, Object, Object, Object, Object, Object, Object, Object, Object, Object, Object, Object, Object, Object, Object, Object, Object, Object, Object, Object, Object, Object] @ https://static.zhipin.com/zhipin-geek-seo/v5462/web/geek/js/main.js:0
[   73622ms] [LOG] [Object, Object, Object, Object, Object, Object, Object, Object, Object, Object, Object, Object, Object, Object, Object, Object, Object, Object, Object, Object, Object, Object, Object, Object, Object, Object, Object, Object, Object, Object, Object, Object, Object, Object, Object, Object, Object, Object, Object, Object, Object, Object, Object, Object, Object, Object, Object, Object, Object, Object] @ https://static.zhipin.com/zhipin-geek-seo/v5462/web/geek/js/main.js:0
[   73622ms] [TABLE] [Object, Object, Object, Object, Object, Object, Object, Object, Object, Object, Object, Object, Object, Object, Object, Object, Object, Object, Object, Object, Object, Object, Object, Object, Object, Object, Object, Object, Object, Object, Object, Object, Object, Object, Object, Object, Object, Object, Object, Object, Object, Object, Object, Object, Object, Object, Object, Object, Object, Object] @ https://static.zhipin.com/zhipin-geek-seo/v5462/web/geek/js/main.js:0
[   73652ms] [LOG] [Object, Object, Object, Object, Object, Object, Object, Object, Object, Object, Object, Object, Object, Object, Object, Object, Object, Object, Object, Object, Object, Object, Object, Object, Object, Object, Object, Object, Object, Object, Object, Object, Object, Object, Object, Object, Object, Object, Object, Object, Object, Object, Object, Object, Object, Object, Object, Object, Object, Object] @ https://static.zhipin.com/zhipin-geek-seo/v5462/web/geek/js/main.js:0
[   73652ms] [TABLE] [Object, Object, Object, Object, Object, Object, Object, Object, Object, Object, Object, Object, Object, Object, Object, Object, Object, Object, Object, Object, Object, Object, Object, Object, Object, Object, Object, Object, Object, Object, Object, Object, Object, Object, Object, Object, Object, Object, Object, Object, Object, Object, Object, Object, Object, Object, Object, Object, Object, Object] @ https://static.zhipin.com/zhipin-geek-seo/v5462/web/geek/js/main.js:0
[   73683ms] [LOG] [Object, Object, Object, Object, Object, Object, Object, Object, Object, Object, Object, Object, Object, Object, Object, Object, Object, Object, Object, Object, Object, Object, Object, Object, Object, Object, Object, Object, Object, Object, Object, Object, Object, Object, Object, Object, Object, Object, Object, Object, Object, Object, Object, Object, Object, Object, Object, Object, Object, Object] @ https://static.zhipin.com/zhipin-geek-seo/v5462/web/geek/js/main.js:0
[   73683ms] [TABLE] [Object, Object, Object, Object, Object, Object, Object, Object, Object, Object, Object, Object, Object, Object, Object, Object, Object, Object, Object, Object, Object, Object, Object, Object, Object, Object, Object, Object, Object, Object, Object, Object, Object, Object, Object, Object, Object, Object, Object, Object, Object, Object, Object, Object, Object, Object, Object, Object, Object, Object] @ https://static.zhipin.com/zhipin-geek-seo/v5462/web/geek/js/main.js:0
[   73720ms] [LOG] [Object, Object, Object, Object, Object, Object, Object, Object, Object, Object, Object, Object, Object, Object, Object, Object, Object, Object, Object, Object, Object, Object, Object, Object, Object, Object, Object, Object, Object, Object, Object, Object, Object, Object, Object, Object, Object, Object, Object, Object, Object, Object, Object, Object, Object, Object, Object, Object, Object, Object] @ https://static.zhipin.com/zhipin-geek-seo/v5462/web/geek/js/main.js:0
[   73723ms] [WARNING] Scripts may close only the windows that were opened by them. @ https://static.zhipin.com/zhipin-geek-seo/v5462/web/geek/js/main.js:0
[   73735ms] [ERROR] Failed to load resource: the server responded with a status of 404 () @ https://www.zhipin.com/wapi/zpgeek/search/joblist.htm?query=%E5%82%A8%E8%83%BD%E5%BA%94%E7%94%A8%E5%B7%A5%E7%A8%8B%E5%B8%88&page=1:0
[   73746ms] [LOG] %c数星埋点初始化成功 color: #00bebd @ https://www.zhipin.com/wapi/zpgeek/search/joblist.htm?query=%E5%82%A8%E8%83%BD%E5%BA%94%E7%94%A8%E5%B7%A5%E7%A8%8B%E5%B8%88&page=1:120
[   78827ms] [LOG] %c数星埋点初始化成功 color: #00bebd @ https://www.zhipin.com/:126
[   79478ms] [ERROR] Failed to load resource: net::ERR_FAILED @ chrome-extension://invalid/:0
[   79479ms] [LOG] JSHandle@node @ https://static.zhipin.com/zhipin-geek-seo/v5462/web/geek/js/main.js:0
[   79479ms] [LOG] Mon Jun 29 2026 18:38:35 GMT+0800 (中国标准时间) @ https://static.zhipin.com/zhipin-geek-seo/v5462/web/geek/js/main.js:0
[   79479ms] [LOG] function(){} @ https://static.zhipin.com/zhipin-geek-seo/v5462/web/geek/js/main.js:0
[   79479ms] [TABLE] [Object, Object, Object, Object, Object, Object, Object, Object, Object, Object, Object, Object, Object, Object, Object, Object, Object, Object, Object, Object, Object, Object, Object, Object, Object, Object, Object, Object, Object, Object, Object, Object, Object, Object, Object, Object, Object, Object, Object, Object, Object, Object, Object, Object, Object, Object, Object, Object, Object, Object] @ https://static.zhipin.com/zhipin-geek-seo/v5462/web/geek/js/main.js:0
[   79511ms] [LOG] [Object, Object, Object, Object, Object, Object, Object, Object, Object, Object, Object, Object, Object, Object, Object, Object, Object, Object, Object, Object, Object, Object, Object, Object, Object, Object, Object, Object, Object, Object, Object, Object, Object, Object, Object, Object, Object, Object, Object, Object, Object, Object, Object, Object, Object, Object, Object, Object, Object, Object] @ https://static.zhipin.com/zhipin-geek-seo/v5462/web/geek/js/main.js:0
[   79981ms] [LOG] JSHandle@node @ https://static.zhipin.com/zhipin-geek-seo/v5462/web/geek/js/main.js:0
[   79982ms] [LOG] Mon Jun 29 2026 18:38:35 GMT+0800 (中国标准时间) @ https://static.zhipin.com/zhipin-geek-seo/v5462/web/geek/js/main.js:0
[   79982ms] [LOG] function(){} @ https://static.zhipin.com/zhipin-geek-seo/v5462/web/geek/js/main.js:0
[   79983ms] [TABLE] [Object, Object, Object, Object, Object, Object, Object, Object, Object, Object, Object, Object, Object, Object, Object, Object, Object, Object, Object, Object, Object, Object, Object, Object, Object, Object, Object, Object, Object, Object, Object, Object, Object, Object, Object, Object, Object, Object, Object, Object, Object, Object, Object, Object, Object, Object, Object, Object, Object, Object] @ https://static.zhipin.com/zhipin-geek-seo/v5462/web/geek/js/main.js:0
[   80014ms] [LOG] [Object, Object, Object, Object, Object, Object, Object, Object, Object, Object, Object, Object, Object, Object, Object, Object, Object, Object, Object, Object, Object, Object, Object, Object, Object, Object, Object, Object, Object, Object, Object, Object, Object, Object, Object, Object, Object, Object, Object, Object, Object, Object, Object, Object, Object, Object, Object, Object, Object, Object] @ https://static.zhipin.com/zhipin-geek-seo/v5462/web/geek/js/main.js:0
[   80489ms] [LOG] JSHandle@node @ https://static.zhipin.com/zhipin-geek-seo/v5462/web/geek/js/main.js:0
[   80490ms] [LOG] Mon Jun 29 2026 18:38:35 GMT+0800 (中国标准时间) @ https://static.zhipin.com/zhipin-geek-seo/v5462/web/geek/js/main.js:0
[   80490ms] [LOG] function(){} @ https://static.zhipin.com/zhipin-geek-seo/v5462/web/geek/js/main.js:0
[   80491ms] [TABLE] [Object, Object, Object, Object, Object, Object, Object, Object, Object, Object, Object, Object, Object, Object, Object, Object, Object, Object, Object, Object, Object, Object, Object, Object, Object, Object, Object, Object, Object, Object, Object, Object, Object, Object, Object, Object, Object, Object, Object, Object, Object, Object, Object, Object, Object, Object, Object, Object, Object, Object] @ https://static.zhipin.com/zhipin-geek-seo/v5462/web/geek/js/main.js:0
[   80523ms] [LOG] [Object, Object, Object, Object, Object, Object, Object, Object, Object, Object, Object, Object, Object, Object, Object, Object, Object, Object, Object, Object, Object, Object, Object, Object, Object, Object, Object, Object, Object, Object, Object, Object, Object, Object, Object, Object, Object, Object, Object, Object, Object, Object, Object, Object, Object, Object, Object, Object, Object, Object] @ https://static.zhipin.com/zhipin-geek-seo/v5462/web/geek/js/main.js:0
[   81000ms] [LOG] JSHandle@node @ https://static.zhipin.com/zhipin-geek-seo/v5462/web/geek/js/main.js:0
[   81000ms] [LOG] Mon Jun 29 2026 18:38:35 GMT+0800 (中国标准时间) @ https://static.zhipin.com/zhipin-geek-seo/v5462/web/geek/js/main.js:0
[   81001ms] [LOG] function(){} @ https://static.zhipin.com/zhipin-geek-seo/v5462/web/geek/js/main.js:0
[   81001ms] [TABLE] [Object, Object, Object, Object, Object, Object, Object, Object, Object, Object, Object, Object, Object, Object, Object, Object, Object, Object, Object, Object, Object, Object, Object, Object, Object, Object, Object, Object, Object, Object, Object, Object, Object, Object, Object, Object, Object, Object, Object, Object, Object, Object, Object, Object, Object, Object, Object, Object, Object, Object] @ https://static.zhipin.com/zhipin-geek-seo/v5462/web/geek/js/main.js:0
[   81032ms] [LOG] [Object, Object, Object, Object, Object, Object, Object, Object, Object, Object, Object, Object, Object, Object, Object, Object, Object, Object, Object, Object, Object, Object, Object, Object, Object, Object, Object, Object, Object, Object, Object, Object, Object, Object, Object, Object, Object, Object, Object, Object, Object, Object, Object, Object, Object, Object, Object, Object, Object, Object] @ https://static.zhipin.com/zhipin-geek-seo/v5462/web/geek/js/main.js:0
[   81508ms] [LOG] JSHandle@node @ https://static.zhipin.com/zhipin-geek-seo/v5462/web/geek/js/main.js:0
[   81508ms] [LOG] Mon Jun 29 2026 18:38:35 GMT+0800 (中国标准时间) @ https://static.zhipin.com/zhipin-geek-seo/v5462/web/geek/js/main.js:0
[   81509ms] [LOG] function(){} @ https://static.zhipin.com/zhipin-geek-seo/v5462/web/geek/js/main.js:0
[   81509ms] [TABLE] [Object, Object, Object, Object, Object, Object, Object, Object, Object, Object, Object, Object, Object, Object, Object, Object, Object, Object, Object, Object, Object, Object, Object, Object, Object, Object, Object, Object, Object, Object, Object, Object, Object, Object, Object, Object, Object, Object, Object, Object, Object, Object, Object, Object, Object, Object, Object, Object, Object, Object] @ https://static.zhipin.com/zhipin-geek-seo/v5462/web/geek/js/main.js:0
[   81540ms] [LOG] [Object, Object, Object, Object, Object, Object, Object, Object, Object, Object, Object, Object, Object, Object, Object, Object, Object, Object, Object, Object, Object, Object, Object, Object, Object, Object, Object, Object, Object, Object, Object, Object, Object, Object, Object, Object, Object, Object, Object, Object, Object, Object, Object, Object, Object, Object, Object, Object, Object, Object] @ https://static.zhipin.com/zhipin-geek-seo/v5462/web/geek/js/main.js:0
[   81540ms] [TABLE] [Object, Object, Object, Object, Object, Object, Object, Object, Object, Object, Object, Object, Object, Object, Object, Object, Object, Object, Object, Object, Object, Object, Object, Object, Object, Object, Object, Object, Object, Object, Object, Object, Object, Object, Object, Object, Object, Object, Object, Object, Object, Object, Object, Object, Object, Object, Object, Object, Object, Object] @ https://static.zhipin.com/zhipin-geek-seo/v5462/web/geek/js/main.js:0
[   81570ms] [LOG] [Object, Object, Object, Object, Object, Object, Object, Object, Object, Object, Object, Object, Object, Object, Object, Object, Object, Object, Object, Object, Object, Object, Object, Object, Object, Object, Object, Object, Object, Object, Object, Object, Object, Object, Object, Object, Object, Object, Object, Object, Object, Object, Object, Object, Object, Object, Object, Object, Object, Object] @ https://static.zhipin.com/zhipin-geek-seo/v5462/web/geek/js/main.js:0
[   81570ms] [TABLE] [Object, Object, Object, Object, Object, Object, Object, Object, Object, Object, Object, Object, Object, Object, Object, Object, Object, Object, Object, Object, Object, Object, Object, Object, Object, Object, Object, Object, Object, Object, Object, Object, Object, Object, Object, Object, Object, Object, Object, Object, Object, Object, Object, Object, Object, Object, Object, Object, Object, Object] @ https://static.zhipin.com/zhipin-geek-seo/v5462/web/geek/js/main.js:0
[   81600ms] [LOG] [Object, Object, Object, Object, Object, Object, Object, Object, Object, Object, Object, Object, Object, Object, Object, Object, Object, Object, Object, Object, Object, Object, Object, Object, Object, Object, Object, Object, Object, Object, Object, Object, Object, Object, Object, Object, Object, Object, Object, Object, Object, Object, Object, Object, Object, Object, Object, Object, Object, Object] @ https://static.zhipin.com/zhipin-geek-seo/v5462/web/geek/js/main.js:0
[   81600ms] [TABLE] [Object, Object, Object, Object, Object, Object, Object, Object, Object, Object, Object, Object, Object, Object, Object, Object, Object, Object, Object, Object, Object, Object, Object, Object, Object, Object, Object, Object, Object, Object, Object, Object, Object, Object, Object, Object, Object, Object, Object, Object, Object, Object, Object, Object, Object, Object, Object, Object, Object, Object] @ https://static.zhipin.com/zhipin-geek-seo/v5462/web/geek/js/main.js:0
[   81629ms] [LOG] [Object, Object, Object, Object, Object, Object, Object, Object, Object, Object, Object, Object, Object, Object, Object, Object, Object, Object, Object, Object, Object, Object, Object, Object, Object, Object, Object, Object, Object, Object, Object, Object, Object, Object, Object, Object, Object, Object, Object, Object, Object, Object, Object, Object, Object, Object, Object, Object, Object, Object] @ https://static.zhipin.com/zhipin-geek-seo/v5462/web/geek/js/main.js:0
[   81632ms] [WARNING] Scripts may close only the windows that were opened by them. @ https://static.zhipin.com/zhipin-geek-seo/v5462/web/geek/js/main.js:0
[   81644ms] [ERROR] Failed to load resource: the server responded with a status of 404 () @ https://www.zhipin.com/wapi/zpgeek/search/joblist.htm?query=%E5%82%A8%E8%83%BD%E5%BA%94%E7%94%A8%E5%B7%A5%E7%A8%8B%E5%B8%88&page=1:0
[   81656ms] [LOG] %c数星埋点初始化成功 color: #00bebd @ https://www.zhipin.com/wapi/zpgeek/search/joblist.htm?query=%E5%82%A8%E8%83%BD%E5%BA%94%E7%94%A8%E5%B7%A5%E7%A8%8B%E5%B8%88&page=1:120
[   86741ms] [LOG] %c数星埋点初始化成功 color: #00bebd @ https://www.zhipin.com/:126
[   87350ms] [ERROR] Failed to load resource: net::ERR_FAILED @ chrome-extension://invalid/:0
[   87385ms] [LOG] JSHandle@node @ https://static.zhipin.com/zhipin-geek-seo/v5462/web/geek/js/main.js:0
[   87385ms] [LOG] Mon Jun 29 2026 18:38:43 GMT+0800 (中国标准时间) @ https://static.zhipin.com/zhipin-geek-seo/v5462/web/geek/js/main.js:0
[   87385ms] [LOG] function(){} @ https://static.zhipin.com/zhipin-geek-seo/v5462/web/geek/js/main.js:0
[   87385ms] [TABLE] [Object, Object, Object, Object, Object, Object, Object, Object, Object, Object, Object, Object, Object, Object, Object, Object, Object, Object, Object, Object, Object, Object, Object, Object, Object, Object, Object, Object, Object, Object, Object, Object, Object, Object, Object, Object, Object, Object, Object, Object, Object, Object, Object, Object, Object, Object, Object, Object, Object, Object] @ https://static.zhipin.com/zhipin-geek-seo/v5462/web/geek/js/main.js:0
[   87418ms] [LOG] [Object, Object, Object, Object, Object, Object, Object, Object, Object, Object, Object, Object, Object, Object, Object, Object, Object, Object, Object, Object, Object, Object, Object, Object, Object, Object, Object, Object, Object, Object, Object, Object, Object, Object, Object, Object, Object, Object, Object, Object, Object, Object, Object, Object, Object, Object, Object, Object, Object, Object] @ https://static.zhipin.com/zhipin-geek-seo/v5462/web/geek/js/main.js:0
[   87418ms] [TABLE] [Object, Object, Object, Object, Object, Object, Object, Object, Object, Object, Object, Object, Object, Object, Object, Object, Object, Object, Object, Object, Object, Object, Object, Object, Object, Object, Object, Object, Object, Object, Object, Object, Object, Object, Object, Object, Object, Object, Object, Object, Object, Object, Object, Object, Object, Object, Object, Object, Object, Object] @ https://static.zhipin.com/zhipin-geek-seo/v5462/web/geek/js/main.js:0
[   87447ms] [LOG] [Object, Object, Object, Object, Object, Object, Object, Object, Object, Object, Object, Object, Object, Object, Object, Object, Object, Object, Object, Object, Object, Object, Object, Object, Object, Object, Object, Object, Object, Object, Object, Object, Object, Object, Object, Object, Object, Object, Object, Object, Object, Object, Object, Object, Object, Object, Object, Object, Object, Object] @ https://static.zhipin.com/zhipin-geek-seo/v5462/web/geek/js/main.js:0
[   87448ms] [TABLE] [Object, Object, Object, Object, Object, Object, Object, Object, Object, Object, Object, Object, Object, Object, Object, Object, Object, Object, Object, Object, Object, Object, Object, Object, Object, Object, Object, Object, Object, Object, Object, Object, Object, Object, Object, Object, Object, Object, Object, Object, Object, Object, Object, Object, Object, Object, Object, Object, Object, Object] @ https://static.zhipin.com/zhipin-geek-seo/v5462/web/geek/js/main.js:0
[   87482ms] [LOG] [Object, Object, Object, Object, Object, Object, Object, Object, Object, Object, Object, Object, Object, Object, Object, Object, Object, Object, Object, Object, Object, Object, Object, Object, Object, Object, Object, Object, Object, Object, Object, Object, Object, Object, Object, Object, Object, Object, Object, Object, Object, Object, Object, Object, Object, Object, Object, Object, Object, Object] @ https://static.zhipin.com/zhipin-geek-seo/v5462/web/geek/js/main.js:0
[   87483ms] [TABLE] [Object, Object, Object, Object, Object, Object, Object, Object, Object, Object, Object, Object, Object, Object, Object, Object, Object, Object, Object, Object, Object, Object, Object, Object, Object, Object, Object, Object, Object, Object, Object, Object, Object, Object, Object, Object, Object, Object, Object, Object, Object, Object, Object, Object, Object, Object, Object, Object, Object, Object] @ https://static.zhipin.com/zhipin-geek-seo/v5462/web/geek/js/main.js:0
[   87512ms] [LOG] [Object, Object, Object, Object, Object, Object, Object, Object, Object, Object, Object, Object, Object, Object, Object, Object, Object, Object, Object, Object, Object, Object, Object, Object, Object, Object, Object, Object, Object, Object, Object, Object, Object, Object, Object, Object, Object, Object, Object, Object, Object, Object, Object, Object, Object, Object, Object, Object, Object, Object] @ https://static.zhipin.com/zhipin-geek-seo/v5462/web/geek/js/main.js:0
[   87515ms] [WARNING] Scripts may close only the windows that were opened by them. @ https://static.zhipin.com/zhipin-geek-seo/v5462/web/geek/js/main.js:0
[   87534ms] [ERROR] Failed to load resource: the server responded with a status of 404 () @ https://www.zhipin.com/wapi/zpgeek/search/joblist.htm?query=%E5%82%A8%E8%83%BD%E5%BA%94%E7%94%A8%E5%B7%A5%E7%A8%8B%E5%B8%88&page=1:0
[   87548ms] [LOG] %c数星埋点初始化成功 color: #00bebd @ https://www.zhipin.com/wapi/zpgeek/search/joblist.htm?query=%E5%82%A8%E8%83%BD%E5%BA%94%E7%94%A8%E5%B7%A5%E7%A8%8B%E5%B8%88&page=1:120
[   92633ms] [LOG] %c数星埋点初始化成功 color: #00bebd @ https://www.zhipin.com/:126
[   93299ms] [LOG] JSHandle@node @ https://static.zhipin.com/zhipin-geek-seo/v5462/web/geek/js/main.js:0
[   93299ms] [LOG] Mon Jun 29 2026 18:38:49 GMT+0800 (中国标准时间) @ https://static.zhipin.com/zhipin-geek-seo/v5462/web/geek/js/main.js:0
[   93299ms] [LOG] function(){} @ https://static.zhipin.com/zhipin-geek-seo/v5462/web/geek/js/main.js:0
[   93299ms] [TABLE] [Object, Object, Object, Object, Object, Object, Object, Object, Object, Object, Object, Object, Object, Object, Object, Object, Object, Object, Object, Object, Object, Object, Object, Object, Object, Object, Object, Object, Object, Object, Object, Object, Object, Object, Object, Object, Object, Object, Object, Object, Object, Object, Object, Object, Object, Object, Object, Object, Object, Object] @ https://static.zhipin.com/zhipin-geek-seo/v5462/web/geek/js/main.js:0
[   93333ms] [LOG] [Object, Object, Object, Object, Object, Object, Object, Object, Object, Object, Object, Object, Object, Object, Object, Object, Object, Object, Object, Object, Object, Object, Object, Object, Object, Object, Object, Object, Object, Object, Object, Object, Object, Object, Object, Object, Object, Object, Object, Object, Object, Object, Object, Object, Object, Object, Object, Object, Object, Object] @ https://static.zhipin.com/zhipin-geek-seo/v5462/web/geek/js/main.js:0
[   93334ms] [ERROR] Failed to load resource: net::ERR_FAILED @ chrome-extension://invalid/:0
[   93789ms] [LOG] JSHandle@node @ https://static.zhipin.com/zhipin-geek-seo/v5462/web/geek/js/main.js:0
[   93789ms] [LOG] Mon Jun 29 2026 18:38:49 GMT+0800 (中国标准时间) @ https://static.zhipin.com/zhipin-geek-seo/v5462/web/geek/js/main.js:0
[   93789ms] [LOG] function(){} @ https://static.zhipin.com/zhipin-geek-seo/v5462/web/geek/js/main.js:0
[   93789ms] [TABLE] [Object, Object, Object, Object, Object, Object, Object, Object, Object, Object, Object, Object, Object, Object, Object, Object, Object, Object, Object, Object, Object, Object, Object, Object, Object, Object, Object, Object, Object, Object, Object, Object, Object, Object, Object, Object, Object, Object, Object, Object, Object, Object, Object, Object, Object, Object, Object, Object, Object, Object] @ https://static.zhipin.com/zhipin-geek-seo/v5462/web/geek/js/main.js:0
[   93820ms] [LOG] [Object, Object, Object, Object, Object, Object, Object, Object, Object, Object, Object, Object, Object, Object, Object, Object, Object, Object, Object, Object, Object, Object, Object, Object, Object, Object, Object, Object, Object, Object, Object, Object, Object, Object, Object, Object, Object, Object, Object, Object, Object, Object, Object, Object, Object, Object, Object, Object, Object, Object] @ https://static.zhipin.com/zhipin-geek-seo/v5462/web/geek/js/main.js:0
[   94299ms] [LOG] JSHandle@node @ https://static.zhipin.com/zhipin-geek-seo/v5462/web/geek/js/main.js:0
[   94300ms] [LOG] Mon Jun 29 2026 18:38:49 GMT+0800 (中国标准时间) @ https://static.zhipin.com/zhipin-geek-seo/v5462/web/geek/js/main.js:0
[   94300ms] [LOG] function(){} @ https://static.zhipin.com/zhipin-geek-seo/v5462/web/geek/js/main.js:0
[   94300ms] [TABLE] [Object, Object, Object, Object, Object, Object, Object, Object, Object, Object, Object, Object, Object, Object, Object, Object, Object, Object, Object, Object, Object, Object, Object, Object, Object, Object, Object, Object, Object, Object, Object, Object, Object, Object, Object, Object, Object, Object, Object, Object, Object, Object, Object, Object, Object, Object, Object, Object, Object, Object] @ https://static.zhipin.com/zhipin-geek-seo/v5462/web/geek/js/main.js:0
[   94334ms] [LOG] [Object, Object, Object, Object, Object, Object, Object, Object, Object, Object, Object, Object, Object, Object, Object, Object, Object, Object, Object, Object, Object, Object, Object, Object, Object, Object, Object, Object, Object, Object, Object, Object, Object, Object, Object, Object, Object, Object, Object, Object, Object, Object, Object, Object, Object, Object, Object, Object, Object, Object] @ https://static.zhipin.com/zhipin-geek-seo/v5462/web/geek/js/main.js:0
[   94809ms] [LOG] JSHandle@node @ https://static.zhipin.com/zhipin-geek-seo/v5462/web/geek/js/main.js:0
[   94809ms] [LOG] Mon Jun 29 2026 18:38:49 GMT+0800 (中国标准时间) @ https://static.zhipin.com/zhipin-geek-seo/v5462/web/geek/js/main.js:0
[   94809ms] [LOG] function(){} @ https://static.zhipin.com/zhipin-geek-seo/v5462/web/geek/js/main.js:0
[   94809ms] [TABLE] [Object, Object, Object, Object, Object, Object, Object, Object, Object, Object, Object, Object, Object, Object, Object, Object, Object, Object, Object, Object, Object, Object, Object, Object, Object, Object, Object, Object, Object, Object, Object, Object, Object, Object, Object, Object, Object, Object, Object, Object, Object, Object, Object, Object, Object, Object, Object, Object, Object, Object] @ https://static.zhipin.com/zhipin-geek-seo/v5462/web/geek/js/main.js:0
[   94841ms] [LOG] [Object, Object, Object, Object, Object, Object, Object, Object, Object, Object, Object, Object, Object, Object, Object, Object, Object, Object, Object, Object, Object, Object, Object, Object, Object, Object, Object, Object, Object, Object, Object, Object, Object, Object, Object, Object, Object, Object, Object, Object, Object, Object, Object, Object, Object, Object, Object, Object, Object, Object] @ https://static.zhipin.com/zhipin-geek-seo/v5462/web/geek/js/main.js:0
[   95318ms] [LOG] JSHandle@node @ https://static.zhipin.com/zhipin-geek-seo/v5462/web/geek/js/main.js:0
[   95318ms] [LOG] Mon Jun 29 2026 18:38:49 GMT+0800 (中国标准时间) @ https://static.zhipin.com/zhipin-geek-seo/v5462/web/geek/js/main.js:0
[   95318ms] [LOG] function(){} @ https://static.zhipin.com/zhipin-geek-seo/v5462/web/geek/js/main.js:0
[   95318ms] [TABLE] [Object, Object, Object, Object, Object, Object, Object, Object, Object, Object, Object, Object, Object, Object, Object, Object, Object, Object, Object, Object, Object, Object, Object, Object, Object, Object, Object, Object, Object, Object, Object, Object, Object, Object, Object, Object, Object, Object, Object, Object, Object, Object, Object, Object, Object, Object, Object, Object, Object, Object] @ https://static.zhipin.com/zhipin-geek-seo/v5462/web/geek/js/main.js:0
[   95348ms] [LOG] [Object, Object, Object, Object, Object, Object, Object, Object, Object, Object, Object, Object, Object, Object, Object, Object, Object, Object, Object, Object, Object, Object, Object, Object, Object, Object, Object, Object, Object, Object, Object, Object, Object, Object, Object, Object, Object, Object, Object, Object, Object, Object, Object, Object, Object, Object, Object, Object, Object, Object] @ https://static.zhipin.com/zhipin-geek-seo/v5462/web/geek/js/main.js:0
[   95825ms] [LOG] JSHandle@node @ https://static.zhipin.com/zhipin-geek-seo/v5462/web/geek/js/main.js:0
[   95825ms] [LOG] Mon Jun 29 2026 18:38:49 GMT+0800 (中国标准时间) @ https://static.zhipin.com/zhipin-geek-seo/v5462/web/geek/js/main.js:0
[   95825ms] [LOG] function(){} @ https://static.zhipin.com/zhipin-geek-seo/v5462/web/geek/js/main.js:0
[   95825ms] [TABLE] [Object, Object, Object, Object, Object, Object, Object, Object, Object, Object, Object, Object, Object, Object, Object, Object, Object, Object, Object, Object, Object, Object, Object, Object, Object, Object, Object, Object, Object, Object, Object, Object, Object, Object, Object, Object, Object, Object, Object, Object, Object, Object, Object, Object, Object, Object, Object, Object, Object, Object] @ https://static.zhipin.com/zhipin-geek-seo/v5462/web/geek/js/main.js:0
[   95857ms] [LOG] [Object, Object, Object, Object, Object, Object, Object, Object, Object, Object, Object, Object, Object, Object, Object, Object, Object, Object, Object, Object, Object, Object, Object, Object, Object, Object, Object, Object, Object, Object, Object, Object, Object, Object, Object, Object, Object, Object, Object, Object, Object, Object, Object, Object, Object, Object, Object, Object, Object, Object] @ https://static.zhipin.com/zhipin-geek-seo/v5462/web/geek/js/main.js:0
[   95857ms] [TABLE] [Object, Object, Object, Object, Object, Object, Object, Object, Object, Object, Object, Object, Object, Object, Object, Object, Object, Object, Object, Object, Object, Object, Object, Object, Object, Object, Object, Object, Object, Object, Object, Object, Object, Object, Object, Object, Object, Object, Object, Object, Object, Object, Object, Object, Object, Object, Object, Object, Object, Object] @ https://static.zhipin.com/zhipin-geek-seo/v5462/web/geek/js/main.js:0
[   95887ms] [LOG] [Object, Object, Object, Object, Object, Object, Object, Object, Object, Object, Object, Object, Object, Object, Object, Object, Object, Object, Object, Object, Object, Object, Object, Object, Object, Object, Object, Object, Object, Object, Object, Object, Object, Object, Object, Object, Object, Object, Object, Object, Object, Object, Object, Object, Object, Object, Object, Object, Object, Object] @ https://static.zhipin.com/zhipin-geek-seo/v5462/web/geek/js/main.js:0
[   95887ms] [TABLE] [Object, Object, Object, Object, Object, Object, Object, Object, Object, Object, Object, Object, Object, Object, Object, Object, Object, Object, Object, Object, Object, Object, Object, Object, Object, Object, Object, Object, Object, Object, Object, Object, Object, Object, Object, Object, Object, Object, Object, Object, Object, Object, Object, Object, Object, Object, Object, Object, Object, Object] @ https://static.zhipin.com/zhipin-geek-seo/v5462/web/geek/js/main.js:0
[   95916ms] [LOG] [Object, Object, Object, Object, Object, Object, Object, Object, Object, Object, Object, Object, Object, Object, Object, Object, Object, Object, Object, Object, Object, Object, Object, Object, Object, Object, Object, Object, Object, Object, Object, Object, Object, Object, Object, Object, Object, Object, Object, Object, Object, Object, Object, Object, Object, Object, Object, Object, Object, Object] @ https://static.zhipin.com/zhipin-geek-seo/v5462/web/geek/js/main.js:0
[   95916ms] [TABLE] [Object, Object, Object, Object, Object, Object, Object, Object, Object, Object, Object, Object, Object, Object, Object, Object, Object, Object, Object, Object, Object, Object, Object, Object, Object, Object, Object, Object, Object, Object, Object, Object, Object, Object, Object, Object, Object, Object, Object, Object, Object, Object, Object, Object, Object, Object, Object, Object, Object, Object] @ https://static.zhipin.com/zhipin-geek-seo/v5462/web/geek/js/main.js:0
[   95946ms] [LOG] [Object, Object, Object, Object, Object, Object, Object, Object, Object, Object, Object, Object, Object, Object, Object, Object, Object, Object, Object, Object, Object, Object, Object, Object, Object, Object, Object, Object, Object, Object, Object, Object, Object, Object, Object, Object, Object, Object, Object, Object, Object, Object, Object, Object, Object, Object, Object, Object, Object, Object] @ https://static.zhipin.com/zhipin-geek-seo/v5462/web/geek/js/main.js:0
[   95949ms] [WARNING] Scripts may close only the windows that were opened by them. @ https://static.zhipin.com/zhipin-geek-seo/v5462/web/geek/js/main.js:0
[   95958ms] [ERROR] Failed to load resource: the server responded with a status of 404 () @ https://www.zhipin.com/wapi/zpgeek/search/joblist.htm?query=%E5%82%A8%E8%83%BD%E5%BA%94%E7%94%A8%E5%B7%A5%E7%A8%8B%E5%B8%88&page=1:0
[   95967ms] [LOG] %c数星埋点初始化成功 color: #00bebd @ https://www.zhipin.com/wapi/zpgeek/search/joblist.htm?query=%E5%82%A8%E8%83%BD%E5%BA%94%E7%94%A8%E5%B7%A5%E7%A8%8B%E5%B8%88&page=1:120
[  101048ms] [LOG] %c数星埋点初始化成功 color: #00bebd @ https://www.zhipin.com/:126
[  101694ms] [ERROR] Failed to load resource: net::ERR_FAILED @ chrome-extension://invalid/:0
[  101695ms] [LOG] JSHandle@node @ https://static.zhipin.com/zhipin-geek-seo/v5462/web/geek/js/main.js:0
[  101695ms] [LOG] Mon Jun 29 2026 18:38:58 GMT+0800 (中国标准时间) @ https://static.zhipin.com/zhipin-geek-seo/v5462/web/geek/js/main.js:0
[  101695ms] [LOG] function(){} @ https://static.zhipin.com/zhipin-geek-seo/v5462/web/geek/js/main.js:0
[  101695ms] [TABLE] [Object, Object, Object, Object, Object, Object, Object, Object, Object, Object, Object, Object, Object, Object, Object, Object, Object, Object, Object, Object, Object, Object, Object, Object, Object, Object, Object, Object, Object, Object, Object, Object, Object, Object, Object, Object, Object, Object, Object, Object, Object, Object, Object, Object, Object, Object, Object, Object, Object, Object] @ https://static.zhipin.com/zhipin-geek-seo/v5462/web/geek/js/main.js:0
[  101727ms] [LOG] [Object, Object, Object, Object, Object, Object, Object, Object, Object, Object, Object, Object, Object, Object, Object, Object, Object, Object, Object, Object, Object, Object, Object, Object, Object, Object, Object, Object, Object, Object, Object, Object, Object, Object, Object, Object, Object, Object, Object, Object, Object, Object, Object, Object, Object, Object, Object, Object, Object, Object] @ https://static.zhipin.com/zhipin-geek-seo/v5462/web/geek/js/main.js:0
[  102201ms] [LOG] JSHandle@node @ https://static.zhipin.com/zhipin-geek-seo/v5462/web/geek/js/main.js:0
[  102201ms] [LOG] Mon Jun 29 2026 18:38:58 GMT+0800 (中国标准时间) @ https://static.zhipin.com/zhipin-geek-seo/v5462/web/geek/js/main.js:0
[  102202ms] [LOG] function(){} @ https://static.zhipin.com/zhipin-geek-seo/v5462/web/geek/js/main.js:0
[  102202ms] [TABLE] [Object, Object, Object, Object, Object, Object, Object, Object, Object, Object, Object, Object, Object, Object, Object, Object, Object, Object, Object, Object, Object, Object, Object, Object, Object, Object, Object, Object, Object, Object, Object, Object, Object, Object, Object, Object, Object, Object, Object, Object, Object, Object, Object, Object, Object, Object, Object, Object, Object, Object] @ https://static.zhipin.com/zhipin-geek-seo/v5462/web/geek/js/main.js:0
[  102232ms] [LOG] [Object, Object, Object, Object, Object, Object, Object, Object, Object, Object, Object, Object, Object, Object, Object, Object, Object, Object, Object, Object, Object, Object, Object, Object, Object, Object, Object, Object, Object, Object, Object, Object, Object, Object, Object, Object, Object, Object, Object, Object, Object, Object, Object, Object, Object, Object, Object, Object, Object, Object] @ https://static.zhipin.com/zhipin-geek-seo/v5462/web/geek/js/main.js:0
[  102712ms] [LOG] JSHandle@node @ https://static.zhipin.com/zhipin-geek-seo/v5462/web/geek/js/main.js:0
[  102712ms] [LOG] Mon Jun 29 2026 18:38:58 GMT+0800 (中国标准时间) @ https://static.zhipin.com/zhipin-geek-seo/v5462/web/geek/js/main.js:0
[  102712ms] [LOG] function(){} @ https://static.zhipin.com/zhipin-geek-seo/v5462/web/geek/js/main.js:0
[  102712ms] [TABLE] [Object, Object, Object, Object, Object, Object, Object, Object, Object, Object, Object, Object, Object, Object, Object, Object, Object, Object, Object, Object, Object, Object, Object, Object, Object, Object, Object, Object, Object, Object, Object, Object, Object, Object, Object, Object, Object, Object, Object, Object, Object, Object, Object, Object, Object, Object, Object, Object, Object, Object] @ https://static.zhipin.com/zhipin-geek-seo/v5462/web/geek/js/main.js:0
[  102744ms] [LOG] [Object, Object, Object, Object, Object, Object, Object, Object, Object, Object, Object, Object, Object, Object, Object, Object, Object, Object, Object, Object, Object, Object, Object, Object, Object, Object, Object, Object, Object, Object, Object, Object, Object, Object, Object, Object, Object, Object, Object, Object, Object, Object, Object, Object, Object, Object, Object, Object, Object, Object] @ https://static.zhipin.com/zhipin-geek-seo/v5462/web/geek/js/main.js:0
[  103227ms] [LOG] JSHandle@node @ https://static.zhipin.com/zhipin-geek-seo/v5462/web/geek/js/main.js:0
[  103228ms] [LOG] Mon Jun 29 2026 18:38:58 GMT+0800 (中国标准时间) @ https://static.zhipin.com/zhipin-geek-seo/v5462/web/geek/js/main.js:0
[  103228ms] [LOG] function(){} @ https://static.zhipin.com/zhipin-geek-seo/v5462/web/geek/js/main.js:0
[  103228ms] [TABLE] [Object, Object, Object, Object, Object, Object, Object, Object, Object, Object, Object, Object, Object, Object, Object, Object, Object, Object, Object, Object, Object, Object, Object, Object, Object, Object, Object, Object, Object, Object, Object, Object, Object, Object, Object, Object, Object, Object, Object, Object, Object, Object, Object, Object, Object, Object, Object, Object, Object, Object] @ https://static.zhipin.com/zhipin-geek-seo/v5462/web/geek/js/main.js:0
[  103283ms] [LOG] [Object, Object, Object, Object, Object, Object, Object, Object, Object, Object, Object, Object, Object, Object, Object, Object, Object, Object, Object, Object, Object, Object, Object, Object, Object, Object, Object, Object, Object, Object, Object, Object, Object, Object, Object, Object, Object, Object, Object, Object, Object, Object, Object, Object, Object, Object, Object, Object, Object, Object] @ https://static.zhipin.com/zhipin-geek-seo/v5462/web/geek/js/main.js:0
[  103736ms] [LOG] JSHandle@node @ https://static.zhipin.com/zhipin-geek-seo/v5462/web/geek/js/main.js:0
[  103736ms] [LOG] Mon Jun 29 2026 18:38:58 GMT+0800 (中国标准时间) @ https://static.zhipin.com/zhipin-geek-seo/v5462/web/geek/js/main.js:0
[  103736ms] [LOG] function(){} @ https://static.zhipin.com/zhipin-geek-seo/v5462/web/geek/js/main.js:0
[  103737ms] [TABLE] [Object, Object, Object, Object, Object, Object, Object, Object, Object, Object, Object, Object, Object, Object, Object, Object, Object, Object, Object, Object, Object, Object, Object, Object, Object, Object, Object, Object, Object, Object, Object, Object, Object, Object, Object, Object, Object, Object, Object, Object, Object, Object, Object, Object, Object, Object, Object, Object, Object, Object] @ https://static.zhipin.com/zhipin-geek-seo/v5462/web/geek/js/main.js:0
[  103767ms] [LOG] [Object, Object, Object, Object, Object, Object, Object, Object, Object, Object, Object, Object, Object, Object, Object, Object, Object, Object, Object, Object, Object, Object, Object, Object, Object, Object, Object, Object, Object, Object, Object, Object, Object, Object, Object, Object, Object, Object, Object, Object, Object, Object, Object, Object, Object, Object, Object, Object, Object, Object] @ https://static.zhipin.com/zhipin-geek-seo/v5462/web/geek/js/main.js:0
[  104244ms] [LOG] JSHandle@node @ https://static.zhipin.com/zhipin-geek-seo/v5462/web/geek/js/main.js:0
[  104244ms] [LOG] Mon Jun 29 2026 18:38:58 GMT+0800 (中国标准时间) @ https://static.zhipin.com/zhipin-geek-seo/v5462/web/geek/js/main.js:0
[  104245ms] [LOG] function(){} @ https://static.zhipin.com/zhipin-geek-seo/v5462/web/geek/js/main.js:0
[  104245ms] [TABLE] [Object, Object, Object, Object, Object, Object, Object, Object, Object, Object, Object, Object, Object, Object, Object, Object, Object, Object, Object, Object, Object, Object, Object, Object, Object, Object, Object, Object, Object, Object, Object, Object, Object, Object, Object, Object, Object, Object, Object, Object, Object, Object, Object, Object, Object, Object, Object, Object, Object, Object] @ https://static.zhipin.com/zhipin-geek-seo/v5462/web/geek/js/main.js:0
[  104277ms] [LOG] [Object, Object, Object, Object, Object, Object, Object, Object, Object, Object, Object, Object, Object, Object, Object, Object, Object, Object, Object, Object, Object, Object, Object, Object, Object, Object, Object, Object, Object, Object, Object, Object, Object, Object, Object, Object, Object, Object, Object, Object, Object, Object, Object, Object, Object, Object, Object, Object, Object, Object] @ https://static.zhipin.com/zhipin-geek-seo/v5462/web/geek/js/main.js:0
[  104277ms] [TABLE] [Object, Object, Object, Object, Object, Object, Object, Object, Object, Object, Object, Object, Object, Object, Object, Object, Object, Object, Object, Object, Object, Object, Object, Object, Object, Object, Object, Object, Object, Object, Object, Object, Object, Object, Object, Object, Object, Object, Object, Object, Object, Object, Object, Object, Object, Object, Object, Object, Object, Object] @ https://static.zhipin.com/zhipin-geek-seo/v5462/web/geek/js/main.js:0
[  104306ms] [LOG] [Object, Object, Object, Object, Object, Object, Object, Object, Object, Object, Object, Object, Object, Object, Object, Object, Object, Object, Object, Object, Object, Object, Object, Object, Object, Object, Object, Object, Object, Object, Object, Object, Object, Object, Object, Object, Object, Object, Object, Object, Object, Object, Object, Object, Object, Object, Object, Object, Object, Object] @ https://static.zhipin.com/zhipin-geek-seo/v5462/web/geek/js/main.js:0
[  104306ms] [TABLE] [Object, Object, Object, Object, Object, Object, Object, Object, Object, Object, Object, Object, Object, Object, Object, Object, Object, Object, Object, Object, Object, Object, Object, Object, Object, Object, Object, Object, Object, Object, Object, Object, Object, Object, Object, Object, Object, Object, Object, Object, Object, Object, Object, Object, Object, Object, Object, Object, Object, Object] @ https://static.zhipin.com/zhipin-geek-seo/v5462/web/geek/js/main.js:0
[  104336ms] [LOG] [Object, Object, Object, Object, Object, Object, Object, Object, Object, Object, Object, Object, Object, Object, Object, Object, Object, Object, Object, Object, Object, Object, Object, Object, Object, Object, Object, Object, Object, Object, Object, Object, Object, Object, Object, Object, Object, Object, Object, Object, Object, Object, Object, Object, Object, Object, Object, Object, Object, Object] @ https://static.zhipin.com/zhipin-geek-seo/v5462/web/geek/js/main.js:0
[  104336ms] [TABLE] [Object, Object, Object, Object, Object, Object, Object, Object, Object, Object, Object, Object, Object, Object, Object, Object, Object, Object, Object, Object, Object, Object, Object, Object, Object, Object, Object, Object, Object, Object, Object, Object, Object, Object, Object, Object, Object, Object, Object, Object, Object, Object, Object, Object, Object, Object, Object, Object, Object, Object] @ https://static.zhipin.com/zhipin-geek-seo/v5462/web/geek/js/main.js:0
[  104365ms] [LOG] [Object, Object, Object, Object, Object, Object, Object, Object, Object, Object, Object, Object, Object, Object, Object, Object, Object, Object, Object, Object, Object, Object, Object, Object, Object, Object, Object, Object, Object, Object, Object, Object, Object, Object, Object, Object, Object, Object, Object, Object, Object, Object, Object, Object, Object, Object, Object, Object, Object, Object] @ https://static.zhipin.com/zhipin-geek-seo/v5462/web/geek/js/main.js:0
[  104369ms] [WARNING] Scripts may close only the windows that were opened by them. @ https://static.zhipin.com/zhipin-geek-seo/v5462/web/geek/js/main.js:0
[  104379ms] [ERROR] Failed to load resource: the server responded with a status of 404 () @ https://www.zhipin.com/wapi/zpgeek/search/joblist.htm?query=%E5%82%A8%E8%83%BD%E5%BA%94%E7%94%A8%E5%B7%A5%E7%A8%8B%E5%B8%88&page=1:0
[  104392ms] [LOG] %c数星埋点初始化成功 color: #00bebd @ https://www.zhipin.com/wapi/zpgeek/search/joblist.htm?query=%E5%82%A8%E8%83%BD%E5%BA%94%E7%94%A8%E5%B7%A5%E7%A8%8B%E5%B8%88&page=1:120
[  109483ms] [LOG] %c数星埋点初始化成功 color: #00bebd @ https://www.zhipin.com/:126
[  110145ms] [LOG] JSHandle@node @ https://static.zhipin.com/zhipin-geek-seo/v5462/web/geek/js/main.js:0
[  110145ms] [LOG] Mon Jun 29 2026 18:39:06 GMT+0800 (中国标准时间) @ https://static.zhipin.com/zhipin-geek-seo/v5462/web/geek/js/main.js:0
[  110145ms] [LOG] function(){} @ https://static.zhipin.com/zhipin-geek-seo/v5462/web/geek/js/main.js:0
[  110145ms] [TABLE] [Object, Object, Object, Object, Object, Object, Object, Object, Object, Object, Object, Object, Object, Object, Object, Object, Object, Object, Object, Object, Object, Object, Object, Object, Object, Object, Object, Object, Object, Object, Object, Object, Object, Object, Object, Object, Object, Object, Object, Object, Object, Object, Object, Object, Object, Object, Object, Object, Object, Object] @ https://static.zhipin.com/zhipin-geek-seo/v5462/web/geek/js/main.js:0
[  110178ms] [LOG] [Object, Object, Object, Object, Object, Object, Object, Object, Object, Object, Object, Object, Object, Object, Object, Object, Object, Object, Object, Object, Object, Object, Object, Object, Object, Object, Object, Object, Object, Object, Object, Object, Object, Object, Object, Object, Object, Object, Object, Object, Object, Object, Object, Object, Object, Object, Object, Object, Object, Object] @ https://static.zhipin.com/zhipin-geek-seo/v5462/web/geek/js/main.js:0
[  110178ms] [TABLE] [Object, Object, Object, Object, Object, Object, Object, Object, Object, Object, Object, Object, Object, Object, Object, Object, Object, Object, Object, Object, Object, Object, Object, Object, Object, Object, Object, Object, Object, Object, Object, Object, Object, Object, Object, Object, Object, Object, Object, Object, Object, Object, Object, Object, Object, Object, Object, Object, Object, Object] @ https://static.zhipin.com/zhipin-geek-seo/v5462/web/geek/js/main.js:0
[  110208ms] [LOG] [Object, Object, Object, Object, Object, Object, Object, Object, Object, Object, Object, Object, Object, Object, Object, Object, Object, Object, Object, Object, Object, Object, Object, Object, Object, Object, Object, Object, Object, Object, Object, Object, Object, Object, Object, Object, Object, Object, Object, Object, Object, Object, Object, Object, Object, Object, Object, Object, Object, Object] @ https://static.zhipin.com/zhipin-geek-seo/v5462/web/geek/js/main.js:0
[  110209ms] [TABLE] [Object, Object, Object, Object, Object, Object, Object, Object, Object, Object, Object, Object, Object, Object, Object, Object, Object, Object, Object, Object, Object, Object, Object, Object, Object, Object, Object, Object, Object, Object, Object, Object, Object, Object, Object, Object, Object, Object, Object, Object, Object, Object, Object, Object, Object, Object, Object, Object, Object, Object] @ https://static.zhipin.com/zhipin-geek-seo/v5462/web/geek/js/main.js:0
[  110238ms] [LOG] [Object, Object, Object, Object, Object, Object, Object, Object, Object, Object, Object, Object, Object, Object, Object, Object, Object, Object, Object, Object, Object, Object, Object, Object, Object, Object, Object, Object, Object, Object, Object, Object, Object, Object, Object, Object, Object, Object, Object, Object, Object, Object, Object, Object, Object, Object, Object, Object, Object, Object] @ https://static.zhipin.com/zhipin-geek-seo/v5462/web/geek/js/main.js:0
[  110238ms] [TABLE] [Object, Object, Object, Object, Object, Object, Object, Object, Object, Object, Object, Object, Object, Object, Object, Object, Object, Object, Object, Object, Object, Object, Object, Object, Object, Object, Object, Object, Object, Object, Object, Object, Object, Object, Object, Object, Object, Object, Object, Object, Object, Object, Object, Object, Object, Object, Object, Object, Object, Object] @ https://static.zhipin.com/zhipin-geek-seo/v5462/web/geek/js/main.js:0
[  110269ms] [LOG] [Object, Object, Object, Object, Object, Object, Object, Object, Object, Object, Object, Object, Object, Object, Object, Object, Object, Object, Object, Object, Object, Object, Object, Object, Object, Object, Object, Object, Object, Object, Object, Object, Object, Object, Object, Object, Object, Object, Object, Object, Object, Object, Object, Object, Object, Object, Object, Object, Object, Object] @ https://static.zhipin.com/zhipin-geek-seo/v5462/web/geek/js/main.js:0
[  110272ms] [WARNING] Scripts may close only the windows that were opened by them. @ https://static.zhipin.com/zhipin-geek-seo/v5462/web/geek/js/main.js:0
[  110291ms] [ERROR] Failed to load resource: the server responded with a status of 404 () @ https://www.zhipin.com/wapi/zpgeek/search/joblist.htm?query=%E5%82%A8%E8%83%BD%E5%BA%94%E7%94%A8%E5%B7%A5%E7%A8%8B%E5%B8%88&page=1:0
[  110301ms] [LOG] %c数星埋点初始化成功 color: #00bebd @ https://www.zhipin.com/wapi/zpgeek/search/joblist.htm?query=%E5%82%A8%E8%83%BD%E5%BA%94%E7%94%A8%E5%B7%A5%E7%A8%8B%E5%B8%88&page=1:120
[  115374ms] [LOG] %c数星埋点初始化成功 color: #00bebd @ https://www.zhipin.com/:126
[  116023ms] [ERROR] Failed to load resource: net::ERR_FAILED @ chrome-extension://invalid/:0
[  116042ms] [LOG] JSHandle@node @ https://static.zhipin.com/zhipin-geek-seo/v5462/web/geek/js/main.js:0
[  116042ms] [LOG] Mon Jun 29 2026 18:39:12 GMT+0800 (中国标准时间) @ https://static.zhipin.com/zhipin-geek-seo/v5462/web/geek/js/main.js:0
[  116043ms] [LOG] function(){} @ https://static.zhipin.com/zhipin-geek-seo/v5462/web/geek/js/main.js:0
[  116043ms] [TABLE] [Object, Object, Object, Object, Object, Object, Object, Object, Object, Object, Object, Object, Object, Object, Object, Object, Object, Object, Object, Object, Object, Object, Object, Object, Object, Object, Object, Object, Object, Object, Object, Object, Object, Object, Object, Object, Object, Object, Object, Object, Object, Object, Object, Object, Object, Object, Object, Object, Object, Object] @ https://static.zhipin.com/zhipin-geek-seo/v5462/web/geek/js/main.js:0
[  116083ms] [LOG] [Object, Object, Object, Object, Object, Object, Object, Object, Object, Object, Object, Object, Object, Object, Object, Object, Object, Object, Object, Object, Object, Object, Object, Object, Object, Object, Object, Object, Object, Object, Object, Object, Object, Object, Object, Object, Object, Object, Object, Object, Object, Object, Object, Object, Object, Object, Object, Object, Object, Object] @ https://static.zhipin.com/zhipin-geek-seo/v5462/web/geek/js/main.js:0
[  116559ms] [LOG] JSHandle@node @ https://static.zhipin.com/zhipin-geek-seo/v5462/web/geek/js/main.js:0
[  116559ms] [LOG] Mon Jun 29 2026 18:39:12 GMT+0800 (中国标准时间) @ https://static.zhipin.com/zhipin-geek-seo/v5462/web/geek/js/main.js:0
[  116559ms] [LOG] function(){} @ https://static.zhipin.com/zhipin-geek-seo/v5462/web/geek/js/main.js:0
[  116559ms] [TABLE] [Object, Object, Object, Object, Object, Object, Object, Object, Object, Object, Object, Object, Object, Object, Object, Object, Object, Object, Object, Object, Object, Object, Object, Object, Object, Object, Object, Object, Object, Object, Object, Object, Object, Object, Object, Object, Object, Object, Object, Object, Object, Object, Object, Object, Object, Object, Object, Object, Object, Object] @ https://static.zhipin.com/zhipin-geek-seo/v5462/web/geek/js/main.js:0
[  116597ms] [LOG] [Object, Object, Object, Object, Object, Object, Object, Object, Object, Object, Object, Object, Object, Object, Object, Object, Object, Object, Object, Object, Object, Object, Object, Object, Object, Object, Object, Object, Object, Object, Object, Object, Object, Object, Object, Object, Object, Object, Object, Object, Object, Object, Object, Object, Object, Object, Object, Object, Object, Object] @ https://static.zhipin.com/zhipin-geek-seo/v5462/web/geek/js/main.js:0
[  116597ms] [TABLE] [Object, Object, Object, Object, Object, Object, Object, Object, Object, Object, Object, Object, Object, Object, Object, Object, Object, Object, Object, Object, Object, Object, Object, Object, Object, Object, Object, Object, Object, Object, Object, Object, Object, Object, Object, Object, Object, Object, Object, Object, Object, Object, Object, Object, Object, Object, Object, Object, Object, Object] @ https://static.zhipin.com/zhipin-geek-seo/v5462/web/geek/js/main.js:0
[  116627ms] [LOG] [Object, Object, Object, Object, Object, Object, Object, Object, Object, Object, Object, Object, Object, Object, Object, Object, Object, Object, Object, Object, Object, Object, Object, Object, Object, Object, Object, Object, Object, Object, Object, Object, Object, Object, Object, Object, Object, Object, Object, Object, Object, Object, Object, Object, Object, Object, Object, Object, Object, Object] @ https://static.zhipin.com/zhipin-geek-seo/v5462/web/geek/js/main.js:0
[  116627ms] [TABLE] [Object, Object, Object, Object, Object, Object, Object, Object, Object, Object, Object, Object, Object, Object, Object, Object, Object, Object, Object, Object, Object, Object, Object, Object, Object, Object, Object, Object, Object, Object, Object, Object, Object, Object, Object, Object, Object, Object, Object, Object, Object, Object, Object, Object, Object, Object, Object, Object, Object, Object] @ https://static.zhipin.com/zhipin-geek-seo/v5462/web/geek/js/main.js:0
[  116656ms] [LOG] [Object, Object, Object, Object, Object, Object, Object, Object, Object, Object, Object, Object, Object, Object, Object, Object, Object, Object, Object, Object, Object, Object, Object, Object, Object, Object, Object, Object, Object, Object, Object, Object, Object, Object, Object, Object, Object, Object, Object, Object, Object, Object, Object, Object, Object, Object, Object, Object, Object, Object] @ https://static.zhipin.com/zhipin-geek-seo/v5462/web/geek/js/main.js:0
[  116657ms] [TABLE] [Object, Object, Object, Object, Object, Object, Object, Object, Object, Object, Object, Object, Object, Object, Object, Object, Object, Object, Object, Object, Object, Object, Object, Object, Object, Object, Object, Object, Object, Object, Object, Object, Object, Object, Object, Object, Object, Object, Object, Object, Object, Object, Object, Object, Object, Object, Object, Object, Object, Object] @ https://static.zhipin.com/zhipin-geek-seo/v5462/web/geek/js/main.js:0
[  116688ms] [LOG] [Object, Object, Object, Object, Object, Object, Object, Object, Object, Object, Object, Object, Object, Object, Object, Object, Object, Object, Object, Object, Object, Object, Object, Object, Object, Object, Object, Object, Object, Object, Object, Object, Object, Object, Object, Object, Object, Object, Object, Object, Object, Object, Object, Object, Object, Object, Object, Object, Object, Object] @ https://static.zhipin.com/zhipin-geek-seo/v5462/web/geek/js/main.js:0
[  116692ms] [WARNING] Scripts may close only the windows that were opened by them. @ https://static.zhipin.com/zhipin-geek-seo/v5462/web/geek/js/main.js:0
[  116706ms] [ERROR] Failed to load resource: the server responded with a status of 404 () @ https://www.zhipin.com/wapi/zpgeek/search/joblist.htm?query=%E5%82%A8%E8%83%BD%E5%BA%94%E7%94%A8%E5%B7%A5%E7%A8%8B%E5%B8%88&page=1:0
[  116717ms] [LOG] %c数星埋点初始化成功 color: #00bebd @ https://www.zhipin.com/wapi/zpgeek/search/joblist.htm?query=%E5%82%A8%E8%83%BD%E5%BA%94%E7%94%A8%E5%B7%A5%E7%A8%8B%E5%B8%88&page=1:120
[  121820ms] [LOG] %c数星埋点初始化成功 color: #00bebd @ https://www.zhipin.com/:126
[  122487ms] [ERROR] Failed to load resource: net::ERR_FAILED @ chrome-extension://invalid/:0
[  122517ms] [LOG] JSHandle@node @ https://static.zhipin.com/zhipin-geek-seo/v5462/web/geek/js/main.js:0
[  122518ms] [LOG] Mon Jun 29 2026 18:39:18 GMT+0800 (中国标准时间) @ https://static.zhipin.com/zhipin-geek-seo/v5462/web/geek/js/main.js:0
[  122518ms] [LOG] function(){} @ https://static.zhipin.com/zhipin-geek-seo/v5462/web/geek/js/main.js:0
[  122518ms] [TABLE] [Object, Object, Object, Object, Object, Object, Object, Object, Object, Object, Object, Object, Object, Object, Object, Object, Object, Object, Object, Object, Object, Object, Object, Object, Object, Object, Object, Object, Object, Object, Object, Object, Object, Object, Object, Object, Object, Object, Object, Object, Object, Object, Object, Object, Object, Object, Object, Object, Object, Object] @ https://static.zhipin.com/zhipin-geek-seo/v5462/web/geek/js/main.js:0
[  122553ms] [LOG] [Object, Object, Object, Object, Object, Object, Object, Object, Object, Object, Object, Object, Object, Object, Object, Object, Object, Object, Object, Object, Object, Object, Object, Object, Object, Object, Object, Object, Object, Object, Object, Object, Object, Object, Object, Object, Object, Object, Object, Object, Object, Object, Object, Object, Object, Object, Object, Object, Object, Object] @ https://static.zhipin.com/zhipin-geek-seo/v5462/web/geek/js/main.js:0
[  123025ms] [LOG] JSHandle@node @ https://static.zhipin.com/zhipin-geek-seo/v5462/web/geek/js/main.js:0
[  123025ms] [LOG] Mon Jun 29 2026 18:39:18 GMT+0800 (中国标准时间) @ https://static.zhipin.com/zhipin-geek-seo/v5462/web/geek/js/main.js:0
[  123026ms] [LOG] function(){} @ https://static.zhipin.com/zhipin-geek-seo/v5462/web/geek/js/main.js:0
[  123026ms] [TABLE] [Object, Object, Object, Object, Object, Object, Object, Object, Object, Object, Object, Object, Object, Object, Object, Object, Object, Object, Object, Object, Object, Object, Object, Object, Object, Object, Object, Object, Object, Object, Object, Object, Object, Object, Object, Object, Object, Object, Object, Object, Object, Object, Object, Object, Object, Object, Object, Object, Object, Object] @ https://static.zhipin.com/zhipin-geek-seo/v5462/web/geek/js/main.js:0
[  123083ms] [LOG] [Object, Object, Object, Object, Object, Object, Object, Object, Object, Object, Object, Object, Object, Object, Object, Object, Object, Object, Object, Object, Object, Object, Object, Object, Object, Object, Object, Object, Object, Object, Object, Object, Object, Object, Object, Object, Object, Object, Object, Object, Object, Object, Object, Object, Object, Object, Object, Object, Object, Object] @ https://static.zhipin.com/zhipin-geek-seo/v5462/web/geek/js/main.js:0
[  123536ms] [LOG] JSHandle@node @ https://static.zhipin.com/zhipin-geek-seo/v5462/web/geek/js/main.js:0
[  123537ms] [LOG] Mon Jun 29 2026 18:39:18 GMT+0800 (中国标准时间) @ https://static.zhipin.com/zhipin-geek-seo/v5462/web/geek/js/main.js:0
[  123537ms] [LOG] function(){} @ https://static.zhipin.com/zhipin-geek-seo/v5462/web/geek/js/main.js:0
[  123537ms] [TABLE] [Object, Object, Object, Object, Object, Object, Object, Object, Object, Object, Object, Object, Object, Object, Object, Object, Object, Object, Object, Object, Object, Object, Object, Object, Object, Object, Object, Object, Object, Object, Object, Object, Object, Object, Object, Object, Object, Object, Object, Object, Object, Object, Object, Object, Object, Object, Object, Object, Object, Object] @ https://static.zhipin.com/zhipin-geek-seo/v5462/web/geek/js/main.js:0
[  123570ms] [LOG] [Object, Object, Object, Object, Object, Object, Object, Object, Object, Object, Object, Object, Object, Object, Object, Object, Object, Object, Object, Object, Object, Object, Object, Object, Object, Object, Object, Object, Object, Object, Object, Object, Object, Object, Object, Object, Object, Object, Object, Object, Object, Object, Object, Object, Object, Object, Object, Object, Object, Object] @ https://static.zhipin.com/zhipin-geek-seo/v5462/web/geek/js/main.js:0
[  123570ms] [TABLE] [Object, Object, Object, Object, Object, Object, Object, Object, Object, Object, Object, Object, Object, Object, Object, Object, Object, Object, Object, Object, Object, Object, Object, Object, Object, Object, Object, Object, Object, Object, Object, Object, Object, Object, Object, Object, Object, Object, Object, Object, Object, Object, Object, Object, Object, Object, Object, Object, Object, Object] @ https://static.zhipin.com/zhipin-geek-seo/v5462/web/geek/js/main.js:0
[  123600ms] [LOG] [Object, Object, Object, Object, Object, Object, Object, Object, Object, Object, Object, Object, Object, Object, Object, Object, Object, Object, Object, Object, Object, Object, Object, Object, Object, Object, Object, Object, Object, Object, Object, Object, Object, Object, Object, Object, Object, Object, Object, Object, Object, Object, Object, Object, Object, Object, Object, Object, Object, Object] @ https://static.zhipin.com/zhipin-geek-seo/v5462/web/geek/js/main.js:0
[  123601ms] [TABLE] [Object, Object, Object, Object, Object, Object, Object, Object, Object, Object, Object, Object, Object, Object, Object, Object, Object, Object, Object, Object, Object, Object, Object, Object, Object, Object, Object, Object, Object, Object, Object, Object, Object, Object, Object, Object, Object, Object, Object, Object, Object, Object, Object, Object, Object, Object, Object, Object, Object, Object] @ https://static.zhipin.com/zhipin-geek-seo/v5462/web/geek/js/main.js:0
[  123641ms] [LOG] [Object, Object, Object, Object, Object, Object, Object, Object, Object, Object, Object, Object, Object, Object, Object, Object, Object, Object, Object, Object, Object, Object, Object, Object, Object, Object, Object, Object, Object, Object, Object, Object, Object, Object, Object, Object, Object, Object, Object, Object, Object, Object, Object, Object, Object, Object, Object, Object, Object, Object] @ https://static.zhipin.com/zhipin-geek-seo/v5462/web/geek/js/main.js:0
[  123642ms] [TABLE] [Object, Object, Object, Object, Object, Object, Object, Object, Object, Object, Object, Object, Object, Object, Object, Object, Object, Object, Object, Object, Object, Object, Object, Object, Object, Object, Object, Object, Object, Object, Object, Object, Object, Object, Object, Object, Object, Object, Object, Object, Object, Object, Object, Object, Object, Object, Object, Object, Object, Object] @ https://static.zhipin.com/zhipin-geek-seo/v5462/web/geek/js/main.js:0
[  123671ms] [LOG] [Object, Object, Object, Object, Object, Object, Object, Object, Object, Object, Object, Object, Object, Object, Object, Object, Object, Object, Object, Object, Object, Object, Object, Object, Object, Object, Object, Object, Object, Object, Object, Object, Object, Object, Object, Object, Object, Object, Object, Object, Object, Object, Object, Object, Object, Object, Object, Object, Object, Object] @ https://static.zhipin.com/zhipin-geek-seo/v5462/web/geek/js/main.js:0
[  123674ms] [WARNING] Scripts may close only the windows that were opened by them. @ https://static.zhipin.com/zhipin-geek-seo/v5462/web/geek/js/main.js:0
[  123684ms] [ERROR] Failed to load resource: the server responded with a status of 404 () @ https://www.zhipin.com/wapi/zpgeek/search/joblist.htm?query=%E5%82%A8%E8%83%BD%E5%BA%94%E7%94%A8%E5%B7%A5%E7%A8%8B%E5%B8%88&page=1:0
[  123694ms] [LOG] %c数星埋点初始化成功 color: #00bebd @ https://www.zhipin.com/wapi/zpgeek/search/joblist.htm?query=%E5%82%A8%E8%83%BD%E5%BA%94%E7%94%A8%E5%B7%A5%E7%A8%8B%E5%B8%88&page=1:120
[  128777ms] [LOG] %c数星埋点初始化成功 color: #00bebd @ https://www.zhipin.com/:126
[  129439ms] [ERROR] Failed to load resource: net::ERR_FAILED @ chrome-extension://invalid/:0
[  129439ms] [LOG] JSHandle@node @ https://static.zhipin.com/zhipin-geek-seo/v5462/web/geek/js/main.js:0
[  129439ms] [LOG] Mon Jun 29 2026 18:39:25 GMT+0800 (中国标准时间) @ https://static.zhipin.com/zhipin-geek-seo/v5462/web/geek/js/main.js:0
[  129440ms] [LOG] function(){} @ https://static.zhipin.com/zhipin-geek-seo/v5462/web/geek/js/main.js:0
[  129440ms] [TABLE] [Object, Object, Object, Object, Object, Object, Object, Object, Object, Object, Object, Object, Object, Object, Object, Object, Object, Object, Object, Object, Object, Object, Object, Object, Object, Object, Object, Object, Object, Object, Object, Object, Object, Object, Object, Object, Object, Object, Object, Object, Object, Object, Object, Object, Object, Object, Object, Object, Object, Object] @ https://static.zhipin.com/zhipin-geek-seo/v5462/web/geek/js/main.js:0
[  129472ms] [LOG] [Object, Object, Object, Object, Object, Object, Object, Object, Object, Object, Object, Object, Object, Object, Object, Object, Object, Object, Object, Object, Object, Object, Object, Object, Object, Object, Object, Object, Object, Object, Object, Object, Object, Object, Object, Object, Object, Object, Object, Object, Object, Object, Object, Object, Object, Object, Object, Object, Object, Object] @ https://static.zhipin.com/zhipin-geek-seo/v5462/web/geek/js/main.js:0
[  129472ms] [TABLE] [Object, Object, Object, Object, Object, Object, Object, Object, Object, Object, Object, Object, Object, Object, Object, Object, Object, Object, Object, Object, Object, Object, Object, Object, Object, Object, Object, Object, Object, Object, Object, Object, Object, Object, Object, Object, Object, Object, Object, Object, Object, Object, Object, Object, Object, Object, Object, Object, Object, Object] @ https://static.zhipin.com/zhipin-geek-seo/v5462/web/geek/js/main.js:0
[  129503ms] [LOG] [Object, Object, Object, Object, Object, Object, Object, Object, Object, Object, Object, Object, Object, Object, Object, Object, Object, Object, Object, Object, Object, Object, Object, Object, Object, Object, Object, Object, Object, Object, Object, Object, Object, Object, Object, Object, Object, Object, Object, Object, Object, Object, Object, Object, Object, Object, Object, Object, Object, Object] @ https://static.zhipin.com/zhipin-geek-seo/v5462/web/geek/js/main.js:0
[  129503ms] [TABLE] [Object, Object, Object, Object, Object, Object, Object, Object, Object, Object, Object, Object, Object, Object, Object, Object, Object, Object, Object, Object, Object, Object, Object, Object, Object, Object, Object, Object, Object, Object, Object, Object, Object, Object, Object, Object, Object, Object, Object, Object, Object, Object, Object, Object, Object, Object, Object, Object, Object, Object] @ https://static.zhipin.com/zhipin-geek-seo/v5462/web/geek/js/main.js:0
[  129533ms] [LOG] [Object, Object, Object, Object, Object, Object, Object, Object, Object, Object, Object, Object, Object, Object, Object, Object, Object, Object, Object, Object, Object, Object, Object, Object, Object, Object, Object, Object, Object, Object, Object, Object, Object, Object, Object, Object, Object, Object, Object, Object, Object, Object, Object, Object, Object, Object, Object, Object, Object, Object] @ https://static.zhipin.com/zhipin-geek-seo/v5462/web/geek/js/main.js:0
[  129533ms] [TABLE] [Object, Object, Object, Object, Object, Object, Object, Object, Object, Object, Object, Object, Object, Object, Object, Object, Object, Object, Object, Object, Object, Object, Object, Object, Object, Object, Object, Object, Object, Object, Object, Object, Object, Object, Object, Object, Object, Object, Object, Object, Object, Object, Object, Object, Object, Object, Object, Object, Object, Object] @ https://static.zhipin.com/zhipin-geek-seo/v5462/web/geek/js/main.js:0
[  129575ms] [LOG] [Object, Object, Object, Object, Object, Object, Object, Object, Object, Object, Object, Object, Object, Object, Object, Object, Object, Object, Object, Object, Object, Object, Object, Object, Object, Object, Object, Object, Object, Object, Object, Object, Object, Object, Object, Object, Object, Object, Object, Object, Object, Object, Object, Object, Object, Object, Object, Object, Object, Object] @ https://static.zhipin.com/zhipin-geek-seo/v5462/web/geek/js/main.js:0
[  129579ms] [WARNING] Scripts may close only the windows that were opened by them. @ https://static.zhipin.com/zhipin-geek-seo/v5462/web/geek/js/main.js:0
[  129602ms] [ERROR] Failed to load resource: the server responded with a status of 404 () @ https://www.zhipin.com/wapi/zpgeek/search/joblist.htm?query=%E5%82%A8%E8%83%BD%E5%BA%94%E7%94%A8%E5%B7%A5%E7%A8%8B%E5%B8%88&page=1:0
[  129611ms] [LOG] %c数星埋点初始化成功 color: #00bebd @ https://www.zhipin.com/wapi/zpgeek/search/joblist.htm?query=%E5%82%A8%E8%83%BD%E5%BA%94%E7%94%A8%E5%B7%A5%E7%A8%8B%E5%B8%88&page=1:120
[  134693ms] [LOG] %c数星埋点初始化成功 color: #00bebd @ https://www.zhipin.com/:126
[  135337ms] [LOG] JSHandle@node @ https://static.zhipin.com/zhipin-geek-seo/v5462/web/geek/js/main.js:0
[  135337ms] [LOG] Mon Jun 29 2026 18:39:31 GMT+0800 (中国标准时间) @ https://static.zhipin.com/zhipin-geek-seo/v5462/web/geek/js/main.js:0
[  135337ms] [LOG] function(){} @ https://static.zhipin.com/zhipin-geek-seo/v5462/web/geek/js/main.js:0
[  135337ms] [TABLE] [Object, Object, Object, Object, Object, Object, Object, Object, Object, Object, Object, Object, Object, Object, Object, Object, Object, Object, Object, Object, Object, Object, Object, Object, Object, Object, Object, Object, Object, Object, Object, Object, Object, Object, Object, Object, Object, Object, Object, Object, Object, Object, Object, Object, Object, Object, Object, Object, Object, Object] @ https://static.zhipin.com/zhipin-geek-seo/v5462/web/geek/js/main.js:0
[  135370ms] [LOG] [Object, Object, Object, Object, Object, Object, Object, Object, Object, Object, Object, Object, Object, Object, Object, Object, Object, Object, Object, Object, Object, Object, Object, Object, Object, Object, Object, Object, Object, Object, Object, Object, Object, Object, Object, Object, Object, Object, Object, Object, Object, Object, Object, Object, Object, Object, Object, Object, Object, Object] @ https://static.zhipin.com/zhipin-geek-seo/v5462/web/geek/js/main.js:0
[  135435ms] [ERROR] Failed to load resource: net::ERR_FAILED @ chrome-extension://invalid/:0
[  135846ms] [LOG] JSHandle@node @ https://static.zhipin.com/zhipin-geek-seo/v5462/web/geek/js/main.js:0
[  135846ms] [LOG] Mon Jun 29 2026 18:39:31 GMT+0800 (中国标准时间) @ https://static.zhipin.com/zhipin-geek-seo/v5462/web/geek/js/main.js:0
[  135847ms] [LOG] function(){} @ https://static.zhipin.com/zhipin-geek-seo/v5462/web/geek/js/main.js:0
[  135847ms] [TABLE] [Object, Object, Object, Object, Object, Object, Object, Object, Object, Object, Object, Object, Object, Object, Object, Object, Object, Object, Object, Object, Object, Object, Object, Object, Object, Object, Object, Object, Object, Object, Object, Object, Object, Object, Object, Object, Object, Object, Object, Object, Object, Object, Object, Object, Object, Object, Object, Object, Object, Object] @ https://static.zhipin.com/zhipin-geek-seo/v5462/web/geek/js/main.js:0
[  135879ms] [LOG] [Object, Object, Object, Object, Object, Object, Object, Object, Object, Object, Object, Object, Object, Object, Object, Object, Object, Object, Object, Object, Object, Object, Object, Object, Object, Object, Object, Object, Object, Object, Object, Object, Object, Object, Object, Object, Object, Object, Object, Object, Object, Object, Object, Object, Object, Object, Object, Object, Object, Object] @ https://static.zhipin.com/zhipin-geek-seo/v5462/web/geek/js/main.js:0
[  136350ms] [LOG] JSHandle@node @ https://static.zhipin.com/zhipin-geek-seo/v5462/web/geek/js/main.js:0
[  136351ms] [LOG] Mon Jun 29 2026 18:39:31 GMT+0800 (中国标准时间) @ https://static.zhipin.com/zhipin-geek-seo/v5462/web/geek/js/main.js:0
[  136351ms] [LOG] function(){} @ https://static.zhipin.com/zhipin-geek-seo/v5462/web/geek/js/main.js:0
[  136351ms] [TABLE] [Object, Object, Object, Object, Object, Object, Object, Object, Object, Object, Object, Object, Object, Object, Object, Object, Object, Object, Object, Object, Object, Object, Object, Object, Object, Object, Object, Object, Object, Object, Object, Object, Object, Object, Object, Object, Object, Object, Object, Object, Object, Object, Object, Object, Object, Object, Object, Object, Object, Object] @ https://static.zhipin.com/zhipin-geek-seo/v5462/web/geek/js/main.js:0
[  136382ms] [LOG] [Object, Object, Object, Object, Object, Object, Object, Object, Object, Object, Object, Object, Object, Object, Object, Object, Object, Object, Object, Object, Object, Object, Object, Object, Object, Object, Object, Object, Object, Object, Object, Object, Object, Object, Object, Object, Object, Object, Object, Object, Object, Object, Object, Object, Object, Object, Object, Object, Object, Object] @ https://static.zhipin.com/zhipin-geek-seo/v5462/web/geek/js/main.js:0
[  136382ms] [TABLE] [Object, Object, Object, Object, Object, Object, Object, Object, Object, Object, Object, Object, Object, Object, Object, Object, Object, Object, Object, Object, Object, Object, Object, Object, Object, Object, Object, Object, Object, Object, Object, Object, Object, Object, Object, Object, Object, Object, Object, Object, Object, Object, Object, Object, Object, Object, Object, Object, Object, Object] @ https://static.zhipin.com/zhipin-geek-seo/v5462/web/geek/js/main.js:0
[  136411ms] [LOG] [Object, Object, Object, Object, Object, Object, Object, Object, Object, Object, Object, Object, Object, Object, Object, Object, Object, Object, Object, Object, Object, Object, Object, Object, Object, Object, Object, Object, Object, Object, Object, Object, Object, Object, Object, Object, Object, Object, Object, Object, Object, Object, Object, Object, Object, Object, Object, Object, Object, Object] @ https://static.zhipin.com/zhipin-geek-seo/v5462/web/geek/js/main.js:0
[  136412ms] [TABLE] [Object, Object, Object, Object, Object, Object, Object, Object, Object, Object, Object, Object, Object, Object, Object, Object, Object, Object, Object, Object, Object, Object, Object, Object, Object, Object, Object, Object, Object, Object, Object, Object, Object, Object, Object, Object, Object, Object, Object, Object, Object, Object, Object, Object, Object, Object, Object, Object, Object, Object] @ https://static.zhipin.com/zhipin-geek-seo/v5462/web/geek/js/main.js:0
[  136440ms] [LOG] [Object, Object, Object, Object, Object, Object, Object, Object, Object, Object, Object, Object, Object, Object, Object, Object, Object, Object, Object, Object, Object, Object, Object, Object, Object, Object, Object, Object, Object, Object, Object, Object, Object, Object, Object, Object, Object, Object, Object, Object, Object, Object, Object, Object, Object, Object, Object, Object, Object, Object] @ https://static.zhipin.com/zhipin-geek-seo/v5462/web/geek/js/main.js:0
[  136441ms] [TABLE] [Object, Object, Object, Object, Object, Object, Object, Object, Object, Object, Object, Object, Object, Object, Object, Object, Object, Object, Object, Object, Object, Object, Object, Object, Object, Object, Object, Object, Object, Object, Object, Object, Object, Object, Object, Object, Object, Object, Object, Object, Object, Object, Object, Object, Object, Object, Object, Object, Object, Object] @ https://static.zhipin.com/zhipin-geek-seo/v5462/web/geek/js/main.js:0
[  136470ms] [LOG] [Object, Object, Object, Object, Object, Object, Object, Object, Object, Object, Object, Object, Object, Object, Object, Object, Object, Object, Object, Object, Object, Object, Object, Object, Object, Object, Object, Object, Object, Object, Object, Object, Object, Object, Object, Object, Object, Object, Object, Object, Object, Object, Object, Object, Object, Object, Object, Object, Object, Object] @ https://static.zhipin.com/zhipin-geek-seo/v5462/web/geek/js/main.js:0
[  136473ms] [WARNING] Scripts may close only the windows that were opened by them. @ https://static.zhipin.com/zhipin-geek-seo/v5462/web/geek/js/main.js:0
[  136483ms] [ERROR] Failed to load resource: the server responded with a status of 404 () @ https://www.zhipin.com/wapi/zpgeek/search/joblist.htm?query=%E5%82%A8%E8%83%BD%E5%BA%94%E7%94%A8%E5%B7%A5%E7%A8%8B%E5%B8%88&page=1:0
[  136491ms] [LOG] %c数星埋点初始化成功 color: #00bebd @ https://www.zhipin.com/wapi/zpgeek/search/joblist.htm?query=%E5%82%A8%E8%83%BD%E5%BA%94%E7%94%A8%E5%B7%A5%E7%A8%8B%E5%B8%88&page=1:120
[  141575ms] [LOG] %c数星埋点初始化成功 color: #00bebd @ https://www.zhipin.com/:126
[  142329ms] [LOG] JSHandle@node @ https://static.zhipin.com/zhipin-geek-seo/v5462/web/geek/js/main.js:0
[  142329ms] [LOG] Mon Jun 29 2026 18:39:38 GMT+0800 (中国标准时间) @ https://static.zhipin.com/zhipin-geek-seo/v5462/web/geek/js/main.js:0
[  142329ms] [LOG] function(){} @ https://static.zhipin.com/zhipin-geek-seo/v5462/web/geek/js/main.js:0
[  142329ms] [TABLE] [Object, Object, Object, Object, Object, Object, Object, Object, Object, Object, Object, Object, Object, Object, Object, Object, Object, Object, Object, Object, Object, Object, Object, Object, Object, Object, Object, Object, Object, Object, Object, Object, Object, Object, Object, Object, Object, Object, Object, Object, Object, Object, Object, Object, Object, Object, Object, Object, Object, Object] @ https://static.zhipin.com/zhipin-geek-seo/v5462/web/geek/js/main.js:0
[  142384ms] [LOG] [Object, Object, Object, Object, Object, Object, Object, Object, Object, Object, Object, Object, Object, Object, Object, Object, Object, Object, Object, Object, Object, Object, Object, Object, Object, Object, Object, Object, Object, Object, Object, Object, Object, Object, Object, Object, Object, Object, Object, Object, Object, Object, Object, Object, Object, Object, Object, Object, Object, Object] @ https://static.zhipin.com/zhipin-geek-seo/v5462/web/geek/js/main.js:0
[  142544ms] [ERROR] Failed to load resource: net::ERR_FAILED @ chrome-extension://invalid/:0
[  142822ms] [LOG] JSHandle@node @ https://static.zhipin.com/zhipin-geek-seo/v5462/web/geek/js/main.js:0
[  142822ms] [LOG] Mon Jun 29 2026 18:39:38 GMT+0800 (中国标准时间) @ https://static.zhipin.com/zhipin-geek-seo/v5462/web/geek/js/main.js:0
[  142823ms] [LOG] function(){} @ https://static.zhipin.com/zhipin-geek-seo/v5462/web/geek/js/main.js:0
[  142823ms] [TABLE] [Object, Object, Object, Object, Object, Object, Object, Object, Object, Object, Object, Object, Object, Object, Object, Object, Object, Object, Object, Object, Object, Object, Object, Object, Object, Object, Object, Object, Object, Object, Object, Object, Object, Object, Object, Object, Object, Object, Object, Object, Object, Object, Object, Object, Object, Object, Object, Object, Object, Object] @ https://static.zhipin.com/zhipin-geek-seo/v5462/web/geek/js/main.js:0
[  142869ms] [LOG] [Object, Object, Object, Object, Object, Object, Object, Object, Object, Object, Object, Object, Object, Object, Object, Object, Object, Object, Object, Object, Object, Object, Object, Object, Object, Object, Object, Object, Object, Object, Object, Object, Object, Object, Object, Object, Object, Object, Object, Object, Object, Object, Object, Object, Object, Object, Object, Object, Object, Object] @ https://static.zhipin.com/zhipin-geek-seo/v5462/web/geek/js/main.js:0
[  143326ms] [LOG] JSHandle@node @ https://static.zhipin.com/zhipin-geek-seo/v5462/web/geek/js/main.js:0
[  143326ms] [LOG] Mon Jun 29 2026 18:39:38 GMT+0800 (中国标准时间) @ https://static.zhipin.com/zhipin-geek-seo/v5462/web/geek/js/main.js:0
[  143327ms] [LOG] function(){} @ https://static.zhipin.com/zhipin-geek-seo/v5462/web/geek/js/main.js:0
[  143327ms] [TABLE] [Object, Object, Object, Object, Object, Object, Object, Object, Object, Object, Object, Object, Object, Object, Object, Object, Object, Object, Object, Object, Object, Object, Object, Object, Object, Object, Object, Object, Object, Object, Object, Object, Object, Object, Object, Object, Object, Object, Object, Object, Object, Object, Object, Object, Object, Object, Object, Object, Object, Object] @ https://static.zhipin.com/zhipin-geek-seo/v5462/web/geek/js/main.js:0
[  143361ms] [LOG] [Object, Object, Object, Object, Object, Object, Object, Object, Object, Object, Object, Object, Object, Object, Object, Object, Object, Object, Object, Object, Object, Object, Object, Object, Object, Object, Object, Object, Object, Object, Object, Object, Object, Object, Object, Object, Object, Object, Object, Object, Object, Object, Object, Object, Object, Object, Object, Object, Object, Object] @ https://static.zhipin.com/zhipin-geek-seo/v5462/web/geek/js/main.js:0
[  143830ms] [LOG] JSHandle@node @ https://static.zhipin.com/zhipin-geek-seo/v5462/web/geek/js/main.js:0
[  143831ms] [LOG] Mon Jun 29 2026 18:39:38 GMT+0800 (中国标准时间) @ https://static.zhipin.com/zhipin-geek-seo/v5462/web/geek/js/main.js:0
[  143831ms] [LOG] function(){} @ https://static.zhipin.com/zhipin-geek-seo/v5462/web/geek/js/main.js:0
[  143831ms] [TABLE] [Object, Object, Object, Object, Object, Object, Object, Object, Object, Object, Object, Object, Object, Object, Object, Object, Object, Object, Object, Object, Object, Object, Object, Object, Object, Object, Object, Object, Object, Object, Object, Object, Object, Object, Object, Object, Object, Object, Object, Object, Object, Object, Object, Object, Object, Object, Object, Object, Object, Object] @ https://static.zhipin.com/zhipin-geek-seo/v5462/web/geek/js/main.js:0
[  143869ms] [LOG] [Object, Object, Object, Object, Object, Object, Object, Object, Object, Object, Object, Object, Object, Object, Object, Object, Object, Object, Object, Object, Object, Object, Object, Object, Object, Object, Object, Object, Object, Object, Object, Object, Object, Object, Object, Object, Object, Object, Object, Object, Object, Object, Object, Object, Object, Object, Object, Object, Object, Object] @ https://static.zhipin.com/zhipin-geek-seo/v5462/web/geek/js/main.js:0
[  144334ms] [LOG] JSHandle@node @ https://static.zhipin.com/zhipin-geek-seo/v5462/web/geek/js/main.js:0
[  144334ms] [LOG] Mon Jun 29 2026 18:39:38 GMT+0800 (中国标准时间) @ https://static.zhipin.com/zhipin-geek-seo/v5462/web/geek/js/main.js:0
[  144334ms] [LOG] function(){} @ https://static.zhipin.com/zhipin-geek-seo/v5462/web/geek/js/main.js:0
[  144335ms] [TABLE] [Object, Object, Object, Object, Object, Object, Object, Object, Object, Object, Object, Object, Object, Object, Object, Object, Object, Object, Object, Object, Object, Object, Object, Object, Object, Object, Object, Object, Object, Object, Object, Object, Object, Object, Object, Object, Object, Object, Object, Object, Object, Object, Object, Object, Object, Object, Object, Object, Object, Object] @ https://static.zhipin.com/zhipin-geek-seo/v5462/web/geek/js/main.js:0
[  144372ms] [LOG] [Object, Object, Object, Object, Object, Object, Object, Object, Object, Object, Object, Object, Object, Object, Object, Object, Object, Object, Object, Object, Object, Object, Object, Object, Object, Object, Object, Object, Object, Object, Object, Object, Object, Object, Object, Object, Object, Object, Object, Object, Object, Object, Object, Object, Object, Object, Object, Object, Object, Object] @ https://static.zhipin.com/zhipin-geek-seo/v5462/web/geek/js/main.js:0
[  144577ms] [ERROR] WebSocket connection to 'ws://127.0.0.1:18789/1782729579513' failed: Error in connection establishment: net::ERR_CONNECTION_REFUSED @ https://static.zhipin.com/zhipin-geek/security/106/geek/index.js:0
[  144578ms] [ERROR] WebSocket connection to 'ws://127.0.0.1:9222/1782729579513' failed: Error in connection establishment: net::ERR_CONNECTION_REFUSED @ https://static.zhipin.com/zhipin-geek/security/106/geek/index.js:0
[  144838ms] [LOG] JSHandle@node @ https://static.zhipin.com/zhipin-geek-seo/v5462/web/geek/js/main.js:0
[  144839ms] [LOG] Mon Jun 29 2026 18:39:38 GMT+0800 (中国标准时间) @ https://static.zhipin.com/zhipin-geek-seo/v5462/web/geek/js/main.js:0
[  144839ms] [LOG] function(){} @ https://static.zhipin.com/zhipin-geek-seo/v5462/web/geek/js/main.js:0
[  144839ms] [TABLE] [Object, Object, Object, Object, Object, Object, Object, Object, Object, Object, Object, Object, Object, Object, Object, Object, Object, Object, Object, Object, Object, Object, Object, Object, Object, Object, Object, Object, Object, Object, Object, Object, Object, Object, Object, Object, Object, Object, Object, Object, Object, Object, Object, Object, Object, Object, Object, Object, Object, Object] @ https://static.zhipin.com/zhipin-geek-seo/v5462/web/geek/js/main.js:0
[  144876ms] [LOG] [Object, Object, Object, Object, Object, Object, Object, Object, Object, Object, Object, Object, Object, Object, Object, Object, Object, Object, Object, Object, Object, Object, Object, Object, Object, Object, Object, Object, Object, Object, Object, Object, Object, Object, Object, Object, Object, Object, Object, Object, Object, Object, Object, Object, Object, Object, Object, Object, Object, Object] @ https://static.zhipin.com/zhipin-geek-seo/v5462/web/geek/js/main.js:0
[  145342ms] [LOG] JSHandle@node @ https://static.zhipin.com/zhipin-geek-seo/v5462/web/geek/js/main.js:0
[  145343ms] [LOG] Mon Jun 29 2026 18:39:38 GMT+0800 (中国标准时间) @ https://static.zhipin.com/zhipin-geek-seo/v5462/web/geek/js/main.js:0
[  145343ms] [LOG] function(){} @ https://static.zhipin.com/zhipin-geek-seo/v5462/web/geek/js/main.js:0
[  145343ms] [TABLE] [Object, Object, Object, Object, Object, Object, Object, Object, Object, Object, Object, Object, Object, Object, Object, Object, Object, Object, Object, Object, Object, Object, Object, Object, Object, Object, Object, Object, Object, Object, Object, Object, Object, Object, Object, Object, Object, Object, Object, Object, Object, Object, Object, Object, Object, Object, Object, Object, Object, Object] @ https://static.zhipin.com/zhipin-geek-seo/v5462/web/geek/js/main.js:0
[  145377ms] [LOG] [Object, Object, Object, Object, Object, Object, Object, Object, Object, Object, Object, Object, Object, Object, Object, Object, Object, Object, Object, Object, Object, Object, Object, Object, Object, Object, Object, Object, Object, Object, Object, Object, Object, Object, Object, Object, Object, Object, Object, Object, Object, Object, Object, Object, Object, Object, Object, Object, Object, Object] @ https://static.zhipin.com/zhipin-geek-seo/v5462/web/geek/js/main.js:0
[  145377ms] [TABLE] [Object, Object, Object, Object, Object, Object, Object, Object, Object, Object, Object, Object, Object, Object, Object, Object, Object, Object, Object, Object, Object, Object, Object, Object, Object, Object, Object, Object, Object, Object, Object, Object, Object, Object, Object, Object, Object, Object, Object, Object, Object, Object, Object, Object, Object, Object, Object, Object, Object, Object] @ https://static.zhipin.com/zhipin-geek-seo/v5462/web/geek/js/main.js:0
[  145419ms] [LOG] [Object, Object, Object, Object, Object, Object, Object, Object, Object, Object, Object, Object, Object, Object, Object, Object, Object, Object, Object, Object, Object, Object, Object, Object, Object, Object, Object, Object, Object, Object, Object, Object, Object, Object, Object, Object, Object, Object, Object, Object, Object, Object, Object, Object, Object, Object, Object, Object, Object, Object] @ https://static.zhipin.com/zhipin-geek-seo/v5462/web/geek/js/main.js:0
[  145419ms] [TABLE] [Object, Object, Object, Object, Object, Object, Object, Object, Object, Object, Object, Object, Object, Object, Object, Object, Object, Object, Object, Object, Object, Object, Object, Object, Object, Object, Object, Object, Object, Object, Object, Object, Object, Object, Object, Object, Object, Object, Object, Object, Object, Object, Object, Object, Object, Object, Object, Object, Object, Object] @ https://static.zhipin.com/zhipin-geek-seo/v5462/web/geek/js/main.js:0
[  145461ms] [LOG] [Object, Object, Object, Object, Object, Object, Object, Object, Object, Object, Object, Object, Object, Object, Object, Object, Object, Object, Object, Object, Object, Object, Object, Object, Object, Object, Object, Object, Object, Object, Object, Object, Object, Object, Object, Object, Object, Object, Object, Object, Object, Object, Object, Object, Object, Object, Object, Object, Object, Object] @ https://static.zhipin.com/zhipin-geek-seo/v5462/web/geek/js/main.js:0
[  145461ms] [TABLE] [Object, Object, Object, Object, Object, Object, Object, Object, Object, Object, Object, Object, Object, Object, Object, Object, Object, Object, Object, Object, Object, Object, Object, Object, Object, Object, Object, Object, Object, Object, Object, Object, Object, Object, Object, Object, Object, Object, Object, Object, Object, Object, Object, Object, Object, Object, Object, Object, Object, Object] @ https://static.zhipin.com/zhipin-geek-seo/v5462/web/geek/js/main.js:0
[  145509ms] [LOG] [Object, Object, Object, Object, Object, Object, Object, Object, Object, Object, Object, Object, Object, Object, Object, Object, Object, Object, Object, Object, Object, Object, Object, Object, Object, Object, Object, Object, Object, Object, Object, Object, Object, Object, Object, Object, Object, Object, Object, Object, Object, Object, Object, Object, Object, Object, Object, Object, Object, Object] @ https://static.zhipin.com/zhipin-geek-seo/v5462/web/geek/js/main.js:0
[  145512ms] [WARNING] Scripts may close only the windows that were opened by them. @ https://static.zhipin.com/zhipin-geek-seo/v5462/web/geek/js/main.js:0
[  145527ms] [ERROR] Failed to load resource: the server responded with a status of 404 () @ https://www.zhipin.com/wapi/zpgeek/search/joblist.htm?query=%E5%82%A8%E8%83%BD%E5%BA%94%E7%94%A8%E5%B7%A5%E7%A8%8B%E5%B8%88&page=1:0
[  145542ms] [LOG] %c数星埋点初始化成功 color: #00bebd @ https://www.zhipin.com/wapi/zpgeek/search/joblist.htm?query=%E5%82%A8%E8%83%BD%E5%BA%94%E7%94%A8%E5%B7%A5%E7%A8%8B%E5%B8%88&page=1:120
[  150633ms] [LOG] %c数星埋点初始化成功 color: #00bebd @ https://www.zhipin.com/:126
[  151390ms] [LOG] JSHandle@node @ https://static.zhipin.com/zhipin-geek-seo/v5462/web/geek/js/main.js:0
[  151390ms] [LOG] Mon Jun 29 2026 18:39:47 GMT+0800 (中国标准时间) @ https://static.zhipin.com/zhipin-geek-seo/v5462/web/geek/js/main.js:0
[  151390ms] [LOG] function(){} @ https://static.zhipin.com/zhipin-geek-seo/v5462/web/geek/js/main.js:0
[  151391ms] [TABLE] [Object, Object, Object, Object, Object, Object, Object, Object, Object, Object, Object, Object, Object, Object, Object, Object, Object, Object, Object, Object, Object, Object, Object, Object, Object, Object, Object, Object, Object, Object, Object, Object, Object, Object, Object, Object, Object, Object, Object, Object, Object, Object, Object, Object, Object, Object, Object, Object, Object, Object] @ https://static.zhipin.com/zhipin-geek-seo/v5462/web/geek/js/main.js:0
[  151431ms] [LOG] [Object, Object, Object, Object, Object, Object, Object, Object, Object, Object, Object, Object, Object, Object, Object, Object, Object, Object, Object, Object, Object, Object, Object, Object, Object, Object, Object, Object, Object, Object, Object, Object, Object, Object, Object, Object, Object, Object, Object, Object, Object, Object, Object, Object, Object, Object, Object, Object, Object, Object] @ https://static.zhipin.com/zhipin-geek-seo/v5462/web/geek/js/main.js:0
[  151431ms] [TABLE] [Object, Object, Object, Object, Object, Object, Object, Object, Object, Object, Object, Object, Object, Object, Object, Object, Object, Object, Object, Object, Object, Object, Object, Object, Object, Object, Object, Object, Object, Object, Object, Object, Object, Object, Object, Object, Object, Object, Object, Object, Object, Object, Object, Object, Object, Object, Object, Object, Object, Object] @ https://static.zhipin.com/zhipin-geek-seo/v5462/web/geek/js/main.js:0
[  151478ms] [LOG] [Object, Object, Object, Object, Object, Object, Object, Object, Object, Object, Object, Object, Object, Object, Object, Object, Object, Object, Object, Object, Object, Object, Object, Object, Object, Object, Object, Object, Object, Object, Object, Object, Object, Object, Object, Object, Object, Object, Object, Object, Object, Object, Object, Object, Object, Object, Object, Object, Object, Object] @ https://static.zhipin.com/zhipin-geek-seo/v5462/web/geek/js/main.js:0
[  151479ms] [TABLE] [Object, Object, Object, Object, Object, Object, Object, Object, Object, Object, Object, Object, Object, Object, Object, Object, Object, Object, Object, Object, Object, Object, Object, Object, Object, Object, Object, Object, Object, Object, Object, Object, Object, Object, Object, Object, Object, Object, Object, Object, Object, Object, Object, Object, Object, Object, Object, Object, Object, Object] @ https://static.zhipin.com/zhipin-geek-seo/v5462/web/geek/js/main.js:0
[  151519ms] [LOG] [Object, Object, Object, Object, Object, Object, Object, Object, Object, Object, Object, Object, Object, Object, Object, Object, Object, Object, Object, Object, Object, Object, Object, Object, Object, Object, Object, Object, Object, Object, Object, Object, Object, Object, Object, Object, Object, Object, Object, Object, Object, Object, Object, Object, Object, Object, Object, Object, Object, Object] @ https://static.zhipin.com/zhipin-geek-seo/v5462/web/geek/js/main.js:0
[  151520ms] [TABLE] [Object, Object, Object, Object, Object, Object, Object, Object, Object, Object, Object, Object, Object, Object, Object, Object, Object, Object, Object, Object, Object, Object, Object, Object, Object, Object, Object, Object, Object, Object, Object, Object, Object, Object, Object, Object, Object, Object, Object, Object, Object, Object, Object, Object, Object, Object, Object, Object, Object, Object] @ https://static.zhipin.com/zhipin-geek-seo/v5462/web/geek/js/main.js:0
[  151564ms] [LOG] [Object, Object, Object, Object, Object, Object, Object, Object, Object, Object, Object, Object, Object, Object, Object, Object, Object, Object, Object, Object, Object, Object, Object, Object, Object, Object, Object, Object, Object, Object, Object, Object, Object, Object, Object, Object, Object, Object, Object, Object, Object, Object, Object, Object, Object, Object, Object, Object, Object, Object] @ https://static.zhipin.com/zhipin-geek-seo/v5462/web/geek/js/main.js:0
[  151569ms] [WARNING] Scripts may close only the windows that were opened by them. @ https://static.zhipin.com/zhipin-geek-seo/v5462/web/geek/js/main.js:0
[  151608ms] [ERROR] Failed to load resource: the server responded with a status of 404 () @ https://www.zhipin.com/wapi/zpgeek/search/joblist.htm?query=%E5%82%A8%E8%83%BD%E5%BA%94%E7%94%A8%E5%B7%A5%E7%A8%8B%E5%B8%88&page=1:0
[  151619ms] [LOG] %c数星埋点初始化成功 color: #00bebd @ https://www.zhipin.com/wapi/zpgeek/search/joblist.htm?query=%E5%82%A8%E8%83%BD%E5%BA%94%E7%94%A8%E5%B7%A5%E7%A8%8B%E5%B8%88&page=1:120
[  156711ms] [LOG] %c数星埋点初始化成功 color: #00bebd @ https://www.zhipin.com/:126
