time,speed_kmh,P_load_kW,P_fc_kW,P_bat_kW,SOC,m_H2_cumul_kg,H2_eq_kg
0,0.0,0.0,0.0,0.0,0.6,0.0,0.17091682414302092
1,0.0,0.0,0.0,0.0,0.6,0.0,0.17091682414302092
2,0.0,0.0,0.0,0.0,0.6,0.0,0.17091682414302092
3,0.0,0.0,0.0,0.0,0.6,0.0,0.17091682414302092
4,0.0,0.0,0.0,0.0,0.6,0.0,0.17091682414302092
5,0.0,0.0,0.0,0.0,0.6,0.0,0.17091682414302092
6,0.0,0.0,0.0,0.0,0.6,0.0,0.17091682414302092
7,0.0,0.0,0.0,0.0,0.6,0.0,0.17091682414302092
8,0.0,0.0,0.0,0.0,0.6,0.0,0.17091682414302092
9,0.0,0.0,0.0,0.0,0.6,0.0,0.17091682414302092
10,0.0,0.0,0.0,0.0,0.6,0.0,0.17091682414302092
11,0.0,0.0,0.0,0.0,0.6,0.0,0.17091682414302092
12,0.0,0.0,0.0,0.0,0.6,0.0,0.17091682414302092
13,0.0,0.0,0.0,0.0,0.6,0.0,0.17091682414302092
14,0.0,0.0,0.0,0.0,0.6,0.0,0.17091682414302092
15,3.2,1.329447606157598,0.0,1.329447606157598,0.6,0.0,0.17091682414302092
16,5.4,2.2097697777777774,0.0,2.2097697777777774,0.5999791838878058,0.0,0.17091682414302092
17,8.5,3.9193452955913735,0.0,3.9193452955913735,0.5999445717684554,0.0,0.17091682414302092
18,11.5,4.940001888526901,0.0,4.940001888526901,0.5998831401988157,0.0,0.17091682414302092
19,14.1,5.250537086934157,0.0,5.250537086934157,0.5998056789913587,0.0,0.17091682414302092
20,16.2,5.938950666666664,0.0,5.938950666666664,0.5997233377201853,0.0,0.17091682414302092
21,18.7,5.790034139555707,0.0,5.790034139555707,0.599630174174745,0.0,0.17091682414302092
22,19.9,1.8204869372237489,0.0,1.8204869372237489,0.5995393513492228,0.0,0.17091682414302092
23,19.0,2.220005639384241,0.0,2.220005639384241,0.5995108400072542,0.0,0.17091682414302092
24,20.6,3.7449452412741966,0.0,3.7449452412741966,0.5994760660409928,0.0,0.17091682414302092
25,20.7,6.159835828703703,0.0,6.159835828703703,0.599417369755881,0.0,0.17091682414302092
26,24.1,9.688716817539246,0.0,9.688716817539246,0.5993207301722304,0.0,0.17091682414302092
27,25.8,7.408517069958845,0.0,7.408517069958845,0.5991685108965921,0.0,0.17091682414302092
28,27.4,7.539544031702476,0.0,7.539544031702476,0.5990522206436479,0.0,0.17091682414302092
29,28.9,7.234042641956257,0.0,7.234042641956257,0.5989338663036653,0.0,0.17091682414302092
30,30.1,6.975669489007019,0.0,6.975669489007019,0.5988203204122093,0.0,0.17091682414302092
31,31.3,4.661067759926076,0.0,4.661067759926076,0.5987108402230938,0.0,0.17091682414302092
32,31.2,2.2367663045267427,0.0,2.2367663045267427,0.5986377536814643,0.0,0.17091682414302092
33,31.2,4.644173711934155,0.0,4.644173711934155,0.5986027143540682,0.0,0.17091682414302092
34,32.3,6.907982384792705,0.0,6.907982384792705,0.5985298925377158,0.0,0.17091682414302092
35,33.3,5.003080560185182,0.0,5.003080560185182,0.5984214749295995,0.0,0.17091682414302092
36,33.4,3.3022855406188256,0.0,3.3022855406188256,0.5983430129177281,0.0,0.17091682414302092
37,33.6,2.6785350781893014,0.0,2.6785350781893014,0.5982912588054708,0.0,0.17091682414302092
38,33.4,2.0137052937052093,0.0,2.0137052937052093,0.5982492904846711,0.0,0.17091682414302092
39,33.3,2.0053953750000084,0.0,2.0053953750000084,0.5982177472082494,0.0,0.17091682414302092
40,33.1,2.62734011486435,0.0,2.62734011486435,0.5981863341208209,0.0,0.17091682414302092
41,33.3,3.504237967592589,0.0,3.504237967592589,0.5981451684156546,0.0,0.17091682414302092
42,33.5,2.0220357915142597,0.0,2.0220357915142597,0.5980902439219093,0.0,0.17091682414302092
43,33.0,1.131823045267488,0.0,1.131823045267488,0.598058569622665,0.0,0.17091682414302092
44,32.8,1.7532469617436397,0.0,1.7532469617436397,0.598040846340707,0.0,0.17091682414302092
45,32.6,2.367035666514258,0.0,2.367035666514258,0.5980133853213336,0.0,0.17091682414302092
46,32.7,1.9559645735596665,0.0,1.9559645735596665,0.5979763014192713,0.0,0.17091682414302092
47,32.3,0.8849628374676041,0.0,0.8849628374676041,0.5979456626063233,0.0,0.17091682414302092
48,31.9,0.45535462583829384,0.0,0.45535462583829384,0.5979318061494335,0.0,0.17091682414302092
49,31.3,0.23334142247752,0.0,0.23334142247752,0.5979246775647274,0.0,0.17091682414302092
50,30.8,1.0119743249504636,0.0,1.0119743249504636,0.5979210249204324,0.0,0.17091682414302092
51,30.6,0.6080257777777778,0.0,0.6080257777777778,0.5979051789267832,0.0,0.17091682414302092
52,29.9,0.0,0.0,0.0,0.5978956596739179,0.0,0.17091682414302092
53,29.1,0.0,0.0,0.0,0.5978956596739179,0.0,0.17091682414302092
54,27.0,0.0,0.0,0.0,0.5978956596739179,0.0,0.17091682414302092
55,25.0,0.0,0.0,0.0,0.5978956596739179,0.0,0.17091682414302092
56,22.8,0.0,0.0,0.0,0.5978956596739179,0.0,0.17091682414302092
57,22.1,0.0,0.0,0.0,0.5978956596739179,0.0,0.17091682414302092
58,21.3,0.0,0.0,0.0,0.5978956596739179,0.0,0.17091682414302092
59,20.3,1.3383123504991579,0.0,1.3383123504991579,0.5978956596739179,0.0,0.17091682414302092
60,21.2,4.132115054717263,0.0,4.132115054717263,0.5978747009551765,0.0,0.17091682414302092
61,22.2,2.195716427983541,0.0,2.195716427983541,0.5978099175826757,0.0,0.17091682414302092
62,21.6,1.4360991111111159,0.0,1.4360991111111159,0.597775519459522,0.0,0.17091682414302092
63,22.1,3.890067359758418,0.0,3.890067359758418,0.597753028242545,0.0,0.17091682414302092
64,23.2,4.244739131839653,0.0,4.244739131839653,0.5976920449557418,0.0,0.17091682414302092
65,23.8,1.7598143691510437,0.0,1.7598143691510437,0.5976254918403383,0.0,0.17091682414302092
66,23.2,0.0,0.0,0.0,0.5975979269149425,0.0,0.17091682414302092
67,22.1,0.0,0.0,0.0,0.5975979269149425,0.0,0.17091682414302092
68,21.2,0.0,0.0,0.0,0.5975979269149425,0.0,0.17091682414302092
69,20.0,0.0,0.0,0.0,0.5975979269149425,0.0,0.17091682414302092
70,18.3,0.0,0.0,0.0,0.5975979269149425,0.0,0.17091682414302092
71,15.0,0.0,0.0,0.0,0.5975979269149425,0.0,0.17091682414302092
72,10.0,0.0,0.0,0.0,0.5975979269149425,0.0,0.17091682414302092
73,5.7,0.0,0.0,0.0,0.5975979269149425,0.0,0.17091682414302092
74,2.1,0.0,0.0,0.0,0.5975979269149425,0.0,0.17091682414302092
75,0.0,0.0,0.0,0.0,0.5975979269149425,0.0,0.17091682414302092
76,0.0,0.0,0.0,0.0,0.5975979269149425,0.0,0.17091682414302092
77,0.0,0.0,0.0,0.0,0.5975979269149425,0.0,0.17091682414302092
78,0.0,0.0,0.0,0.0,0.5975979269149425,0.0,0.17091682414302092
79,0.0,0.0,0.0,0.0,0.5975979269149425,0.0,0.17091682414302092
80,0.0,0.0,0.0,0.0,0.5975979269149425,0.0,0.17091682414302092
81,0.0,0.0,0.0,0.0,0.5975979269149425,0.0,0.17091682414302092
82,0.0,0.0,0.0,0.0,0.5975979269149425,0.0,0.17091682414302092
83,0.0,0.0,0.0,0.0,0.5975979269149425,0.0,0.17091682414302092
84,0.0,0.0,0.0,0.0,0.5975979269149425,0.0,0.17091682414302092
85,0.0,0.0,0.0,0.0,0.5975979269149425,0.0,0.17091682414302092
86,0.0,0.0,0.0,0.0,0.5975979269149425,0.0,0.17091682414302092
87,0.0,0.0,0.0,0.0,0.5975979269149425,0.0,0.17091682414302092
88,0.0,0.0,0.0,0.0,0.5975979269149425,0.0,0.17091682414302092
89,0.0,0.0,0.0,0.0,0.5975979269149425,0.0,0.17091682414302092
90,0.0,0.0,0.0,0.0,0.5975979269149425,0.0,0.17091682414302092
91,0.0,0.0,0.0,0.0,0.5975979269149425,0.0,0.17091682414302092
92,0.0,0.0,0.0,0.0,0.5975979269149425,0.0,0.17091682414302092
93,0.0,0.0,0.0,0.0,0.5975979269149425,0.0,0.17091682414302092
94,0.0,0.0,0.0,0.0,0.5975979269149425,0.0,0.17091682414302092
95,0.0,0.0,0.0,0.0,0.5975979269149425,0.0,0.17091682414302092
96,0.0,0.0,0.0,0.0,0.5975979269149425,0.0,0.17091682414302092
97,0.0,0.0,0.0,0.0,0.5975979269149425,0.0,0.17091682414302092
98,0.0,0.0,0.0,0.0,0.5975979269149425,0.0,0.17091682414302092
99,0.0,0.0,0.0,0.0,0.5975979269149425,0.0,0.17091682414302092
100,0.0,0.0,0.0,0.0,0.5975979269149425,0.0,0.17091682414302092
101,0.0,0.0,0.0,0.0,0.5975979269149425,0.0,0.17091682414302092
102,1.4,0.35646284895595176,0.0,0.35646284895595176,0.5975979269149425,0.0,0.17091682414302092
103,2.9,0.7199322925430576,0.0,0.7199322925430576,0.5975923465443526,0.0,0.17091682414302092
104,4.2,0.9350339588477367,0.0,0.9350339588477367,0.5975810744836255,0.0,0.17091682414302092
105,5.3,1.1123341183318092,0.0,1.1123341183318092,0.5975664332868215,0.0,0.17091682414302092
106,6.4,1.3851940179850637,0.0,1.3851940179850637,0.5975490145928061,0.0,0.17091682414302092
107,7.6,1.6462290440481628,0.0,1.6462290440481628,0.5975273206403635,0.0,0.17091682414302092
108,8.7,1.774218194958847,0.0,1.774218194958847,0.5975015358140112,0.0,0.17091682414302092
109,9.7,2.04235553358863,0.0,2.04235553358863,0.5974737448228947,0.0,0.17091682414302092
110,10.9,2.2276975905159278,0.0,2.2276975905159278,0.5974417502953753,0.0,0.17091682414302092
111,11.8,1.8829901167504963,0.0,1.8829901167504963,0.5974068496227649,0.0,0.17091682414302092
112,12.3,1.8852103492798356,0.0,1.8852103492798356,0.5973773533378899,0.0,0.17091682414302092
113,13.1,2.9371281159312583,0.0,2.9371281159312583,0.5973478221741426,0.0,0.17091682414302092
114,14.7,4.625878246399174,0.0,4.625878246399174,0.5973017937001242,0.0,0.17091682414302092
115,16.9,5.764922278444594,0.0,5.764922278444594,0.597229251285362,0.0,0.17091682414302092
116,18.9,5.367308041666667,0.0,5.367308041666667,0.5971388048370156,0.0,0.17091682414302092
117,20.2,3.798729365035821,0.0,3.798729365035821,0.5970546093301057,0.0,0.17091682414302092
118,20.7,2.2998821250000008,0.0,2.2998821250000008,0.596995056561081,0.0,0.17091682414302092
119,20.8,1.3756650961743642,0.0,1.3756650961743642,0.5969590225967524,0.0,0.17091682414302092
120,20.6,0.30101520012193267,0.0,0.30101520012193267,0.5969374768856898,0.0,0.17091682414302092
121,19.9,0.0,0.0,0.0,0.5969327643800518,0.0,0.17091682414302092
122,19.3,0.3958386721345868,0.0,0.3958386721345868,0.5969327643800518,0.0,0.17091682414302092
123,19.1,1.3727406639422346,0.0,1.3727406639422346,0.5969265671416358,0.0,0.17091682414302092
124,19.3,2.3814353799535097,0.0,2.3814353799535097,0.5969050671990764,0.0,0.17091682414302092
125,19.9,3.483938583314278,0.0,3.483938583314278,0.5968677539835932,0.0,0.17091682414302092
126,20.9,4.339706767851697,0.0,4.339706767851697,0.5968131421860857,0.0,0.17091682414302092
127,22.0,4.861695282731288,0.0,4.861695282731288,0.596745092425748,0.0,0.17091682414302092
128,23.2,5.139800860234721,0.0,5.139800860234721,0.596668841180023,0.0,0.17091682414302092
129,24.3,5.396536625000001,0.0,5.396536625000001,0.596588218627394,0.0,0.17091682414302092
130,25.5,5.350748906893002,0.0,5.350748906893002,0.5965035596741313,0.0,0.17091682414302092
131,26.4,4.363990436213988,0.0,4.363990436213988,0.5964196199546631,0.0,0.17091682414302092
132,26.9,3.0702586162741974,0.0,3.0702586162741974,0.5963511864613199,0.0,0.17091682414302092
133,27.0,1.867888888888895,0.0,1.867888888888895,0.5963030650502603,0.0,0.17091682414302092
134,26.8,1.3341161112635294,0.0,1.3341161112635294,0.5962738027616661,0.0,0.17091682414302092
135,26.6,1.4922818119189112,0.0,1.4922818119189112,0.5962529069257294,0.0,0.17091682414302092
136,26.5,1.9964149972374636,0.0,1.9964149972374636,0.5962295322792878,0.0,0.17091682414302092
137,26.6,2.860594569120563,0.0,2.860594569120563,0.5961982547104488,0.0,0.17091682414302092
138,27.0,3.603999999999994,0.0,3.603999999999994,0.5961534226132388,0.0,0.17091682414302092
139,27.5,3.5016099513222074,0.0,3.5016099513222074,0.596096922691175,0.0,0.17091682414302092
140,27.8,2.2932594141137073,0.0,2.2932594141137073,0.5960420299162696,0.0,0.17091682414302092
141,27.6,0.0,0.0,0.0,0.5960060969096216,0.0,0.17091682414302092
142,26.6,0.0,0.0,0.0,0.5960060969096216,0.0,0.17091682414302092
143,25.2,0.0,0.0,0.0,0.5960060969096216,0.0,0.17091682414302092
144,23.6,0.0,0.0,0.0,0.5960060969096216,0.0,0.17091682414302092
145,22.1,0.0,0.0,0.0,0.5960060969096216,0.0,0.17091682414302092
146,20.6,0.0,0.0,0.0,0.5960060969096216,0.0,0.17091682414302092
147,19.3,0.0,0.0,0.0,0.5960060969096216,0.0,0.17091682414302092
148,18.7,0.6196380490207233,0.0,0.6196380490207233,0.5960060969096216,0.0,0.17091682414302092
149,18.7,1.8220557444939853,0.0,1.8220557444939853,0.5959963942520893,0.0,0.17091682414302092
150,19.1,2.3552509520080824,0.0,2.3552509520080824,0.5959678497635522,0.0,0.17091682414302092
151,19.5,1.9061241640946482,0.0,1.9061241640946482,0.5959309442708638,0.0,0.17091682414302092
152,19.5,0.6522661394032868,0.0,0.6522661394032868,0.5959010815945507,0.0,0.17091682414302092
153,18.9,0.0,0.0,0.0,0.5958908678040354,0.0,0.17091682414302092
154,17.7,0.0,0.0,0.0,0.5958908678040354,0.0,0.17091682414302092
155,16.5,0.0,0.0,0.0,0.5958908678040354,0.0,0.17091682414302092
156,15.7,0.09978602398643532,0.0,0.09978602398643532,0.5958908678040354,0.0,0.17091682414302092
157,15.5,0.894846748304375,0.0,0.894846748304375,0.5958893056030696,0.0,0.17091682414302092
158,15.5,1.1938436618846209,0.0,1.1938436618846209,0.5958752918947252,0.0,0.17091682414302092
159,15.6,1.6032786584362153,0.0,1.6032786584362153,0.5958565935138402,0.0,0.17091682414302092
160,16.0,2.57239109891785,0.0,2.57239109891785,0.5958314782955235,0.0,0.17091682414302092
161,17.0,3.2854799573235747,0.0,3.2854799573235747,0.5957911663846945,0.0,0.17091682414302092
162,17.9,2.774604351870902,0.0,2.774604351870902,0.5957396648609412,0.0,0.17091682414302092
163,18.3,1.427290771090538,0.0,1.427290771090538,0.5956961802282248,0.0,0.17091682414302092
164,18.0,0.0,0.0,0.0,0.5956738231060511,0.0,0.17091682414302092
165,17.1,0.0,0.0,0.0,0.5956738231060511,0.0,0.17091682414302092
166,15.4,0.0,0.0,0.0,0.5956738231060511,0.0,0.17091682414302092
167,13.5,0.0,0.0,0.0,0.5956738231060511,0.0,0.17091682414302092
168,12.0,0.0,0.0,0.0,0.5956738231060511,0.0,0.17091682414302092
169,11.1,0.0,0.0,0.0,0.5956738231060511,0.0,0.17091682414302092
170,10.6,0.32540494253924745,0.0,0.32540494253924745,0.5956738231060511,0.0,0.17091682414302092
171,10.5,0.8622310313786014,0.0,0.8622310313786014,0.595668728176169,0.0,0.17091682414302092
172,10.8,1.2347971111111105,0.0,1.2347971111111105,0.5956552251679053,0.0,0.17091682414302092
173,11.2,1.2095259905502205,0.0,1.2095259905502205,0.5956358846852565,0.0,0.17091682414302092
174,11.4,1.0117464032921812,0.0,1.0117464032921812,0.595616940180567,0.0,0.17091682414302092
175,11.5,1.168782752724432,0.0,1.168782752724432,0.5956010946689373,0.0,0.17091682414302092
176,11.9,1.5166498285512886,0.0,1.5166498285512886,0.5955827885581096,0.0,0.17091682414302092
177,12.4,1.741386761469289,0.0,1.741386761469289,0.5955590306408114,0.0,0.17091682414302092
178,13.0,1.8276819082456934,0.0,1.8276819082456934,0.5955317497853014,0.0,0.17091682414302092
179,13.5,1.5525920138888882,0.0,1.5525920138888882,0.5955031159663395,0.0,0.17091682414302092
180,13.7,1.2239924509792717,0.0,1.2239924509792717,0.5954787945125113,0.0,0.17091682414302092
181,13.8,0.9671127078189301,0.0,0.9671127078189301,0.5954596230581296,0.0,0.17091682414302092
182,13.7,0.5192599406912057,0.0,0.5192599406912057,0.5954444766462607,0.0,0.17091682414302092
183,13.3,0.0,0.0,0.0,0.5954363457063211,0.0,0.17091682414302092
184,12.4,0.0,0.0,0.0,0.5954363457063211,0.0,0.17091682414302092
185,11.4,0.0,0.0,0.0,0.5954363457063211,0.0,0.17091682414302092
186,10.6,0.05277119768328024,0.0,0.05277119768328024,0.5954363457063211,0.0,0.17091682414302092
187,10.4,0.6531788160341414,0.0,0.6531788160341414,0.5954355195300534,0.0,0.17091682414302092
188,10.5,1.064777327674897,0.0,1.064777327674897,0.595425291041518,0.0,0.17091682414302092
189,10.9,1.5268231049192191,0.0,1.5268231049192191,0.5954086143617103,0.0,0.17091682414302092
190,11.6,1.9251060231672006,0.0,1.9251060231672006,0.59538469663335,0.0,0.17091682414302092
191,12.4,1.9008517820454212,0.0,1.9008517820454212,0.595354534951195,0.0,0.17091682414302092
192,12.9,1.5644371260288052,0.0,1.5644371260288052,0.5953247534848216,0.0,0.17091682414302092
193,13.2,1.3472511193415635,0.0,1.3472511193415635,0.5953002459910771,0.0,0.17091682414302092
194,13.4,1.1960709696692584,0.0,1.1960709696692584,0.5952791425768426,0.0,0.17091682414302092
195,13.5,1.1185642361111103,0.0,1.1185642361111103,0.5952604083494895,0.0,0.17091682414302092
196,13.6,1.039779812223746,0.0,1.039779812223746,0.595242888633125,0.0,0.17091682414302092
197,13.6,0.8648826928821828,0.0,0.8648826928821828,0.5952266033781355,0.0,0.17091682414302092
198,13.5,0.8581475694444447,0.0,0.8581475694444447,0.5952130583225191,0.0,0.17091682414302092
199,13.5,0.9449531249999998,0.0,0.9449531249999998,0.5951996187672438,0.0,0.17091682414302092
200,13.5,1.3789809027777775,0.0,1.3789809027777775,0.5951848192119478,0.0,0.17091682414302092
201,14.0,2.5122779682975156,0.0,2.5122779682975156,0.5951632182970733,0.0,0.17091682414302092
202,15.2,3.514978442920285,0.0,3.514978442920285,0.595123847132247,0.0,0.17091682414302092
203,16.5,3.3982014531892992,0.0,3.3982014531892992,0.5950687399475592,0.0,0.17091682414302092
204,17.3,2.4553693789628133,0.0,2.4553693789628133,0.5950154658026785,0.0,0.17091682414302092
205,17.6,1.594490536198753,0.0,1.594490536198753,0.5949769868713147,0.0,0.17091682414302092
206,17.6,1.1418156390794054,0.0,1.1418156390794054,0.5949520075456768,0.0,0.17091682414302092
207,17.5,0.5720686752210016,0.0,0.5720686752210016,0.594934123017922,0.0,0.17091682414302092
208,17.0,0.0,0.0,0.0,0.5949251645867741,0.0,0.17091682414302092
209,16.3,0.0,0.0,0.0,0.5949251645867741,0.0,0.17091682414302092
210,15.5,0.0,0.0,0.0,0.5949251645867741,0.0,0.17091682414302092
211,14.2,0.0,0.0,0.0,0.5949251645867741,0.0,0.17091682414302092
212,12.7,0.0,0.0,0.0,0.5949251645867741,0.0,0.17091682414302092
213,11.4,0.0,0.0,0.0,0.5949251645867741,0.0,0.17091682414302092
214,10.7,0.05350308026596581,0.0,0.05350308026596581,0.5949251645867741,0.0,0.17091682414302092
215,10.4,0.5863063880506025,0.0,0.5863063880506025,0.5949243269158409,0.0,0.17091682414302092
216,10.5,1.064777327674897,0.0,1.064777327674897,0.5949151454666478,0.0,0.17091682414302092
217,10.9,1.5268231049192191,0.0,1.5268231049192191,0.5948984680669755,0.0,0.17091682414302092
218,11.6,1.6267521137021785,0.0,1.6267521137021785,0.5948745493058014,0.0,0.17091682414302092
219,12.0,1.2210473251028802,0.0,1.2210473251028802,0.5948490640214428,0.0,0.17091682414302092
220,12.1,0.998111680365035,0.0,0.998111680365035,0.5948299376998938,0.0,0.17091682414302092
221,12.2,1.5557904868160353,0.0,1.5557904868160353,0.5948143047729001,0.0,0.17091682414302092
222,13.0,3.4159020728547493,0.0,3.4159020728547493,0.5947899317627452,0.0,0.17091682414302092
223,15.2,6.153867331809175,0.0,6.153867331809175,0.594736378478762,0.0,0.17091682414302092
224,18.2,8.089333888736471,0.0,8.089333888736471,0.5946397943668585,0.0,0.17091682414302092
225,21.0,8.142238683127573,0.0,8.142238683127573,0.5945127338731712,0.0,0.17091682414302092
226,23.1,6.601887750514406,0.0,6.601887750514406,0.5943848382991914,0.0,0.17091682414302092
227,24.3,4.146536625000001,0.0,4.146536625000001,0.5942812008941246,0.0,0.17091682414302092
228,24.6,2.6196442139917724,0.0,2.6196442139917724,0.5942161712292038,0.0,0.17091682414302092
229,24.8,2.8029233098612987,0.0,2.8029233098612987,0.5941751124243908,0.0,0.17091682414302092
230,25.2,4.149603629629626,0.0,4.149603629629626,0.59413117764692,0.0,0.17091682414302092
231,26.2,5.844303219631151,0.0,5.844303219631151,0.5940660989746519,0.0,0.17091682414302092
232,27.5,6.154001926630846,0.0,6.154001926630846,0.5939743795636928,0.0,0.17091682414302092
233,28.5,4.928123778292184,0.0,4.928123778292184,0.5938777870807309,0.0,0.17091682414302092
234,29.0,3.7178455265965615,0.0,3.7178455265965615,0.5938004731019252,0.0,0.17091682414302092
235,29.3,3.0079676025567723,0.0,3.0079676025567723,0.5937421741468218,0.0,0.17091682414302092
236,29.4,2.0747898600822987,0.0,2.0747898600822987,0.5936950197934849,0.0,0.17091682414302092
237,29.2,0.9306181304679151,0.0,0.9306181304679151,0.5936625063446045,0.0,0.17091682414302092
238,28.7,0.0,0.0,0.0,0.5936479294868293,0.0,0.17091682414302092
239,27.9,0.0,0.0,0.0,0.5936479294868293,0.0,0.17091682414302092
240,26.8,0.0,0.0,0.0,0.5936479294868293,0.0,0.17091682414302092
241,25.1,0.0,0.0,0.0,0.5936479294868293,0.0,0.17091682414302092
242,23.2,0.0,0.0,0.0,0.5936479294868293,0.0,0.17091682414302092
243,21.2,0.0,0.0,0.0,0.5936479294868293,0.0,0.17091682414302092
244,18.5,0.0,0.0,0.0,0.5936479294868293,0.0,0.17091682414302092
245,14.9,0.0,0.0,0.0,0.5936479294868293,0.0,0.17091682414302092
246,11.6,0.0,0.0,0.0,0.5936479294868293,0.0,0.17091682414302092
247,9.1,0.0,0.0,0.0,0.5936479294868293,0.0,0.17091682414302092
248,7.0,0.0,0.0,0.0,0.5936479294868293,0.0,0.17091682414302092
249,5.6,0.0,0.0,0.0,0.5936479294868293,0.0,0.17091682414302092
250,4.8,0.0,0.0,0.0,0.5936479294868293,0.0,0.17091682414302092
251,4.1,0.0,0.0,0.0,0.5936479294868293,0.0,0.17091682414302092
252,3.3,0.0,0.0,0.0,0.5936479294868293,0.0,0.17091682414302092
253,2.5,0.0,0.0,0.0,0.5936479294868293,0.0,0.17091682414302092
254,1.5,0.0,0.0,0.0,0.5936479294868293,0.0,0.17091682414302092
255,0.0,0.0,0.0,0.0,0.5936479294868293,0.0,0.17091682414302092
256,0.0,0.0,0.0,0.0,0.5936479294868293,0.0,0.17091682414302092
257,0.0,0.0,0.0,0.0,0.5936479294868293,0.0,0.17091682414302092
258,0.0,0.0,0.0,0.0,0.5936479294868293,0.0,0.17091682414302092
259,0.0,0.0,0.0,0.0,0.5936479294868293,0.0,0.17091682414302092
260,0.0,0.0,0.0,0.0,0.5936479294868293,0.0,0.17091682414302092
261,0.0,0.0,0.0,0.0,0.5936479294868293,0.0,0.17091682414302092
262,0.0,0.0,0.0,0.0,0.5936479294868293,0.0,0.17091682414302092
263,0.0,0.0,0.0,0.0,0.5936479294868293,0.0,0.17091682414302092
264,0.0,0.0,0.0,0.0,0.5936479294868293,0.0,0.17091682414302092
265,0.0,0.0,0.0,0.0,0.5936479294868293,0.0,0.17091682414302092
266,0.0,0.0,0.0,0.0,0.5936479294868293,0.0,0.17091682414302092
267,0.0,0.0,0.0,0.0,0.5936479294868293,0.0,0.17091682414302092
268,0.0,0.0,0.0,0.0,0.5936479294868293,0.0,0.17091682414302092
269,0.0,0.0,0.0,0.0,0.5936479294868293,0.0,0.17091682414302092
270,0.0,0.0,0.0,0.0,0.5936479294868293,0.0,0.17091682414302092
271,0.0,0.0,0.0,0.0,0.5936479294868293,0.0,0.17091682414302092
272,0.0,0.0,0.0,0.0,0.5936479294868293,0.0,0.17091682414302092
273,0.0,0.0,0.0,0.0,0.5936479294868293,0.0,0.17091682414302092
274,1.1,0.3012886166171315,0.0,0.3012886166171315,0.5936479294868293,0.0,0.17091682414302092
275,3.2,1.12368628928517,0.0,1.12368628928517,0.5936432113880044,0.0,0.17091682414302092
276,5.5,2.003196418705228,0.0,2.003196418705228,0.5936256090019691,0.0,0.17091682414302092
277,7.8,2.4421123786008234,0.0,2.4421123786008234,0.5935942181840416,0.0,0.17091682414302092
278,9.3,1.718211342078189,0.0,1.718211342078189,0.5935559426017178,0.0,0.17091682414302092
279,9.6,1.3420977119341557,0.0,1.3420977119341557,0.5935290204992087,0.0,0.17091682414302092
280,10.4,1.856882519737845,0.0,1.856882519737845,0.5935079946995371,0.0,0.17091682414302092
281,11.3,1.5112242795115072,0.0,1.5112242795115072,0.5934788980787452,0.0,0.17091682414302092
282,11.4,0.0,0.0,0.0,0.5934552209860516,0.0,0.17091682414302092
283,9.8,0.0,0.0,0.0,0.5934552209860516,0.0,0.17091682414302092
284,9.6,0.0,0.0,0.0,0.5934552209860516,0.0,0.17091682414302092
285,7.1,0.0,0.0,0.0,0.5934552209860516,0.0,0.17091682414302092
286,5.5,0.0,0.0,0.0,0.5934552209860516,0.0,0.17091682414302092
287,4.0,0.0,0.0,0.0,0.5934552209860516,0.0,0.17091682414302092
288,0.7,0.0,0.0,0.0,0.5934552209860516,0.0,0.17091682414302092
289,0.0,0.0,0.0,0.0,0.5934552209860516,0.0,0.17091682414302092
290,0.0,0.0,0.0,0.0,0.5934552209860516,0.0,0.17091682414302092
291,0.0,0.0,0.0,0.0,0.5934552209860516,0.0,0.17091682414302092
292,0.0,0.0,0.0,0.0,0.5934552209860516,0.0,0.17091682414302092
293,0.0,0.0,0.0,0.0,0.5934552209860516,0.0,0.17091682414302092
294,0.0,0.0,0.0,0.0,0.5934552209860516,0.0,0.17091682414302092
295,0.0,0.0,0.0,0.0,0.5934552209860516,0.0,0.17091682414302092
296,0.0,0.0,0.0,0.0,0.5934552209860516,0.0,0.17091682414302092
297,0.0,0.0,0.0,0.0,0.5934552209860516,0.0,0.17091682414302092
298,0.0,0.0,0.0,0.0,0.5934552209860516,0.0,0.17091682414302092
299,0.0,0.0,0.0,0.0,0.5934552209860516,0.0,0.17091682414302092
300,0.0,0.0,0.0,0.0,0.5934552209860516,0.0,0.17091682414302092
301,0.0,0.0,0.0,0.0,0.5934552209860516,0.0,0.17091682414302092
302,0.0,0.0,0.0,0.0,0.5934552209860516,0.0,0.17091682414302092
303,0.0,0.0,0.0,0.0,0.5934552209860516,0.0,0.17091682414302092
304,0.0,0.0,0.0,0.0,0.5934552209860516,0.0,0.17091682414302092
305,0.0,0.0,0.0,0.0,0.5934552209860516,0.0,0.17091682414302092
306,0.0,0.0,0.0,0.0,0.5934552209860516,0.0,0.17091682414302092
307,0.0,0.0,0.0,0.0,0.5934552209860516,0.0,0.17091682414302092
308,0.0,0.0,0.0,0.0,0.5934552209860516,0.0,0.17091682414302092
309,0.0,0.0,0.0,0.0,0.5934552209860516,0.0,0.17091682414302092
310,0.0,0.0,0.0,0.0,0.5934552209860516,0.0,0.17091682414302092
311,0.0,0.0,0.0,0.0,0.5934552209860516,0.0,0.17091682414302092
312,0.0,0.0,0.0,0.0,0.5934552209860516,0.0,0.17091682414302092
313,0.0,0.0,0.0,0.0,0.5934552209860516,0.0,0.17091682414302092
314,0.0,0.0,0.0,0.0,0.5934552209860516,0.0,0.17091682414302092
315,0.0,0.0,0.0,0.0,0.5934552209860516,0.0,0.17091682414302092
316,0.0,0.0,0.0,0.0,0.5934552209860516,0.0,0.17091682414302092
317,0.0,0.0,0.0,0.0,0.5934552209860516,0.0,0.17091682414302092
318,0.0,0.0,0.0,0.0,0.5934552209860516,0.0,0.17091682414302092
319,0.0,0.0,0.0,0.0,0.5934552209860516,0.0,0.17091682414302092
320,0.0,0.0,0.0,0.0,0.5934552209860516,0.0,0.17091682414302092
321,0.0,0.0,0.0,0.0,0.5934552209860516,0.0,0.17091682414302092
322,0.0,0.0,0.0,0.0,0.5934552209860516,0.0,0.17091682414302092
323,0.0,0.0,0.0,0.0,0.5934552209860516,0.0,0.17091682414302092
324,0.0,0.0,0.0,0.0,0.5934552209860516,0.0,0.17091682414302092
325,3.6,1.6809142962962962,0.0,1.6809142962962962,0.5934552209860516,0.0,0.17091682414302092
326,6.2,2.8566639573235784,0.0,2.8566639573235784,0.5934288834453385,0.0,0.17091682414302092
327,9.7,3.6640119121894514,0.0,3.6640119121894514,0.5933841025125842,0.0,0.17091682414302092
328,11.0,2.53130437433318,0.0,2.53130437433318,0.5933266469192018,0.0,0.17091682414302092
329,12.2,2.026469499161714,0.0,2.026469499161714,0.5932869711086952,0.0,0.17091682414302092
330,12.5,1.1931212253276953,0.0,1.1931212253276953,0.5932552143881278,0.0,0.17091682414302092
331,12.6,0.8789168888888889,0.0,0.8789168888888889,0.5932365231837703,0.0,0.17091682414302092
332,12.5,0.06786402368160237,0.0,0.06786402368160237,0.5932227559418827,0.0,0.17091682414302092
333,11.6,0.0,0.0,0.0,0.5932216932698352,0.0,0.17091682414302092
334,10.3,0.0,0.0,0.0,0.5932216932698352,0.0,0.17091682414302092
335,8.8,0.0,0.0,0.0,0.5932216932698352,0.0,0.17091682414302092
336,8.3,0.0,0.0,0.0,0.5932216932698352,0.0,0.17091682414302092
337,7.4,0.0,0.0,0.0,0.5932216932698352,0.0,0.17091682414302092
338,6.6,0.19794767078189252,0.0,0.19794767078189252,0.5932216932698352,0.0,0.17091682414302092
339,6.8,1.1223431040999847,0.0,1.1223431040999847,0.5932185934780022,0.0,0.17091682414302092
340,8.1,2.2760198749999994,0.0,2.2760198749999994,0.5932010115103639,0.0,0.17091682414302092
341,10.1,2.322228066205608,0.0,2.322228066205608,0.5931653402916882,0.0,0.17091682414302092
342,10.6,0.9388308684651734,0.0,0.9388308684651734,0.5931289440892765,0.0,0.17091682414302092
343,10.4,0.31881667611644604,0.0,0.31881667611644604,0.5931142378782434,0.0,0.17091682414302092
344,10.0,0.04851489864349969,0.0,0.04851489864349969,0.5931092450345853,0.0,0.17091682414302092
345,9.4,0.0,0.0,0.0,0.5931084853459834,0.0,0.17091682414302092
346,8.6,0.0,0.0,0.0,0.5931084853459834,0.0,0.17091682414302092
347,5.7,0.0,0.0,0.0,0.5931084853459834,0.0,0.17091682414302092
348,4.6,0.0,0.0,0.0,0.5931084853459834,0.0,0.17091682414302092
349,0.0,0.0,0.0,0.0,0.5931084853459834,0.0,0.17091682414302092
350,0.0,0.0,0.0,0.0,0.5931084853459834,0.0,0.17091682414302092
351,0.0,0.0,0.0,0.0,0.5931084853459834,0.0,0.17091682414302092
352,0.0,0.0,0.0,0.0,0.5931084853459834,0.0,0.17091682414302092
353,0.0,0.0,0.0,0.0,0.5931084853459834,0.0,0.17091682414302092
354,0.0,0.0,0.0,0.0,0.5931084853459834,0.0,0.17091682414302092
355,0.0,0.0,0.0,0.0,0.5931084853459834,0.0,0.17091682414302092
356,0.0,0.0,0.0,0.0,0.5931084853459834,0.0,0.17091682414302092
357,0.0,0.0,0.0,0.0,0.5931084853459834,0.0,0.17091682414302092
358,0.0,0.0,0.0,0.0,0.5931084853459834,0.0,0.17091682414302092
359,0.0,0.0,0.0,0.0,0.5931084853459834,0.0,0.17091682414302092
360,0.0,0.0,0.0,0.0,0.5931084853459834,0.0,0.17091682414302092
361,0.0,0.0,0.0,0.0,0.5931084853459834,0.0,0.17091682414302092
362,0.0,0.0,0.0,0.0,0.5931084853459834,0.0,0.17091682414302092
363,0.0,0.0,0.0,0.0,0.5931084853459834,0.0,0.17091682414302092
364,0.0,0.0,0.0,0.0,0.5931084853459834,0.0,0.17091682414302092
365,0.0,0.0,0.0,0.0,0.5931084853459834,0.0,0.17091682414302092
366,0.0,0.0,0.0,0.0,0.5931084853459834,0.0,0.17091682414302092
367,0.0,0.0,0.0,0.0,0.5931084853459834,0.0,0.17091682414302092
368,0.0,0.0,0.0,0.0,0.5931084853459834,0.0,0.17091682414302092
369,0.0,0.0,0.0,0.0,0.5931084853459834,0.0,0.17091682414302092
370,0.0,0.0,0.0,0.0,0.5931084853459834,0.0,0.17091682414302092
371,0.0,0.0,0.0,0.0,0.5931084853459834,0.0,0.17091682414302092
372,0.0,0.0,0.0,0.0,0.5931084853459834,0.0,0.17091682414302092
373,0.0,0.0,0.0,0.0,0.5931084853459834,0.0,0.17091682414302092
374,0.0,0.0,0.0,0.0,0.5931084853459834,0.0,0.17091682414302092
375,0.0,0.0,0.0,0.0,0.5931084853459834,0.0,0.17091682414302092
376,0.0,0.0,0.0,0.0,0.5931084853459834,0.0,0.17091682414302092
377,0.0,0.0,0.0,0.0,0.5931084853459834,0.0,0.17091682414302092
378,0.0,0.0,0.0,0.0,0.5931084853459834,0.0,0.17091682414302092
379,0.0,0.0,0.0,0.0,0.5931084853459834,0.0,0.17091682414302092
380,0.0,0.0,0.0,0.0,0.5931084853459834,0.0,0.17091682414302092
381,0.0,0.0,0.0,0.0,0.5931084853459834,0.0,0.17091682414302092
382,0.0,0.0,0.0,0.0,0.5931084853459834,0.0,0.17091682414302092
383,0.0,0.0,0.0,0.0,0.5931084853459834,0.0,0.17091682414302092
384,0.0,0.0,0.0,0.0,0.5931084853459834,0.0,0.17091682414302092
385,0.0,0.0,0.0,0.0,0.5931084853459834,0.0,0.17091682414302092
386,0.0,0.0,0.0,0.0,0.5931084853459834,0.0,0.17091682414302092
387,0.0,0.0,0.0,0.0,0.5931084853459834,0.0,0.17091682414302092
388,0.0,0.0,0.0,0.0,0.5931084853459834,0.0,0.17091682414302092
389,0.0,0.0,0.0,0.0,0.5931084853459834,0.0,0.17091682414302092
390,0.0,0.0,0.0,0.0,0.5931084853459834,0.0,0.17091682414302092
391,0.0,0.0,0.0,0.0,0.5931084853459834,0.0,0.17091682414302092
392,0.0,0.0,0.0,0.0,0.5931084853459834,0.0,0.17091682414302092
393,0.0,0.0,0.0,0.0,0.5931084853459834,0.0,0.17091682414302092
394,0.0,0.0,0.0,0.0,0.5931084853459834,0.0,0.17091682414302092
395,0.0,0.0,0.0,0.0,0.5931084853459834,0.0,0.17091682414302092
396,0.0,0.0,0.0,0.0,0.5931084853459834,0.0,0.17091682414302092
397,0.0,0.0,0.0,0.0,0.5931084853459834,0.0,0.17091682414302092
398,0.0,0.0,0.0,0.0,0.5931084853459834,0.0,0.17091682414302092
399,0.0,0.0,0.0,0.0,0.5931084853459834,0.0,0.17091682414302092
400,0.0,0.0,0.0,0.0,0.5931084853459834,0.0,0.17091682414302092
401,2.0,0.6507354442920286,0.0,0.6507354442920286,0.5931084853459834,0.0,0.17091682414302092
402,4.0,1.224803307422649,0.0,1.224803307422649,0.593098293123333,0.0,0.17091682414302092
403,5.7,1.6730074593621398,0.0,1.6730074593621398,0.5930791050970057,0.0,0.17091682414302092
404,7.5,2.0102543081275726,0.0,2.0102543081275726,0.5930528906929092,0.0,0.17091682414302092
405,8.8,1.5684322017985057,0.0,1.5684322017985057,0.5930213876587946,0.0,0.17091682414302092
406,9.2,1.8770303084895588,0.0,1.8770303084895588,0.592996812750259,0.0,0.17091682414302092
407,10.9,2.5781348333142815,0.0,2.5781348333142815,0.5929673989123958,0.0,0.17091682414302092
408,11.8,2.1106135735406193,0.0,2.1106135735406193,0.5929269870945445,0.0,0.17091682414302092
409,12.6,2.256231703703704,0.0,2.256231703703704,0.5928939096389252,0.0,0.17091682414302092
410,13.5,2.1602309027777777,0.0,2.1602309027777777,0.59285854791174,0.0,0.17091682414302092
411,14.0,1.9721545115073913,0.0,1.9721545115073913,0.5928246919900008,0.0,0.17091682414302092
412,14.6,2.247005378448407,0.0,2.247005378448407,0.5927937858957609,0.0,0.17091682414302092
413,15.3,2.653165837962964,0.0,2.653165837962964,0.592758568602708,0.0,0.17091682414302092
414,16.2,2.7097840000000004,0.0,2.7097840000000004,0.5927169787075065,0.0,0.17091682414302092
415,16.8,2.165414106995885,0.0,2.165414106995885,0.5926745001820365,0.0,0.17091682414302092
416,17.1,1.985960662037034,0.0,1.985960662037034,0.5926405624281131,0.0,0.17091682414302092
417,17.5,1.6973258768670914,0.0,1.6973258768670914,0.5926094393180329,0.0,0.17091682414302092
418,17.5,1.359748716373269,0.0,1.359748716373269,0.592582842552832,0.0,0.17091682414302092
419,17.6,0.6891407419600691,0.0,0.6891407419600691,0.5925615383701742,0.0,0.17091682414302092
420,17.0,0.0,0.0,0.0,0.5925507439556188,0.0,0.17091682414302092
421,15.1,0.0,0.0,0.0,0.5925507439556188,0.0,0.17091682414302092
422,13.3,0.0,0.0,0.0,0.5925507439556188,0.0,0.17091682414302092
423,11.8,0.0,0.0,0.0,0.5925507439556188,0.0,0.17091682414302092
424,10.6,0.0,0.0,0.0,0.5925507439556188,0.0,0.17091682414302092
425,9.6,0.0,0.0,0.0,0.5925507439556188,0.0,0.17091682414302092
426,8.6,0.0,0.0,0.0,0.5925507439556188,0.0,0.17091682414302092
427,7.1,0.0,0.0,0.0,0.5925507439556188,0.0,0.17091682414302092
428,5.8,0.0,0.0,0.0,0.5925507439556188,0.0,0.17091682414302092
429,4.9,0.0,0.0,0.0,0.5925507439556188,0.0,0.17091682414302092
430,3.9,0.617376894547325,0.0,0.617376894547325,0.5925507439556188,0.0,0.17091682414302092
431,6.3,0.7153200509259259,0.0,0.7153200509259259,0.5925410738872446,0.0,0.17091682414302092
432,4.6,0.0,0.0,0.0,0.5925298692748383,0.0,0.17091682414302092
433,2.1,0.0,0.0,0.0,0.5925298692748383,0.0,0.17091682414302092
434,0.0,0.0,0.0,0.0,0.5925298692748383,0.0,0.17091682414302092
435,0.0,0.0,0.0,0.0,0.5925298692748383,0.0,0.17091682414302092
436,0.0,0.0,0.0,0.0,0.5925298692748383,0.0,0.17091682414302092
437,0.0,0.0,0.0,0.0,0.5925298692748383,0.0,0.17091682414302092
438,0.0,0.0,0.0,0.0,0.5925298692748383,0.0,0.17091682414302092
439,0.0,0.0,0.0,0.0,0.5925298692748383,0.0,0.17091682414302092
440,0.0,0.0,0.0,0.0,0.5925298692748383,0.0,0.17091682414302092
441,0.0,0.0,0.0,0.0,0.5925298692748383,0.0,0.17091682414302092
442,0.0,0.0,0.0,0.0,0.5925298692748383,0.0,0.17091682414302092
443,0.0,0.0,0.0,0.0,0.5925298692748383,0.0,0.17091682414302092
444,0.0,0.0,0.0,0.0,0.5925298692748383,0.0,0.17091682414302092
445,0.0,0.0,0.0,0.0,0.5925298692748383,0.0,0.17091682414302092
446,0.0,0.0,0.0,0.0,0.5925298692748383,0.0,0.17091682414302092
447,0.0,0.0,0.0,0.0,0.5925298692748383,0.0,0.17091682414302092
448,0.0,0.0,0.0,0.0,0.5925298692748383,0.0,0.17091682414302092
449,0.0,0.0,0.0,0.0,0.5925298692748383,0.0,0.17091682414302092
450,0.0,0.0,0.0,0.0,0.5925298692748383,0.0,0.17091682414302092
451,0.0,0.0,0.0,0.0,0.5925298692748383,0.0,0.17091682414302092
452,0.0,0.0,0.0,0.0,0.5925298692748383,0.0,0.17091682414302092
453,0.0,0.0,0.0,0.0,0.5925298692748383,0.0,0.17091682414302092
454,0.0,0.0,0.0,0.0,0.5925298692748383,0.0,0.17091682414302092
455,0.0,0.0,0.0,0.0,0.5925298692748383,0.0,0.17091682414302092
456,0.0,0.0,0.0,0.0,0.5925298692748383,0.0,0.17091682414302092
457,0.0,0.0,0.0,0.0,0.5925298692748383,0.0,0.17091682414302092
458,0.0,0.0,0.0,0.0,0.5925298692748383,0.0,0.17091682414302092
459,0.0,0.0,0.0,0.0,0.5925298692748383,0.0,0.17091682414302092
460,0.0,0.0,0.0,0.0,0.5925298692748383,0.0,0.17091682414302092
461,0.0,0.0,0.0,0.0,0.5925298692748383,0.0,0.17091682414302092
462,0.0,0.0,0.0,0.0,0.5925298692748383,0.0,0.17091682414302092
463,0.0,0.0,0.0,0.0,0.5925298692748383,0.0,0.17091682414302092
464,0.0,0.0,0.0,0.0,0.5925298692748383,0.0,0.17091682414302092
465,0.0,0.0,0.0,0.0,0.5925298692748383,0.0,0.17091682414302092
466,0.0,0.0,0.0,0.0,0.5925298692748383,0.0,0.17091682414302092
467,0.0,0.0,0.0,0.0,0.5925298692748383,0.0,0.17091682414302092
468,0.0,0.0,0.0,0.0,0.5925298692748383,0.0,0.17091682414302092
469,0.0,0.0,0.0,0.0,0.5925298692748383,0.0,0.17091682414302092
470,0.0,0.0,0.0,0.0,0.5925298692748383,0.0,0.17091682414302092
471,0.0,0.0,0.0,0.0,0.5925298692748383,0.0,0.17091682414302092
472,0.0,0.0,0.0,0.0,0.5925298692748383,0.0,0.17091682414302092
473,0.0,0.0,0.0,0.0,0.5925298692748383,0.0,0.17091682414302092
474,0.0,0.0,0.0,0.0,0.5925298692748383,0.0,0.17091682414302092
475,0.0,0.0,0.0,0.0,0.5925298692748383,0.0,0.17091682414302092
476,0.0,0.0,0.0,0.0,0.5925298692748383,0.0,0.17091682414302092
477,0.0,0.0,0.0,0.0,0.5925298692748383,0.0,0.17091682414302092
478,0.0,0.0,0.0,0.0,0.5925298692748383,0.0,0.17091682414302092
479,0.0,0.0,0.0,0.0,0.5925298692748383,0.0,0.17091682414302092
480,0.0,0.0,0.0,0.0,0.5925298692748383,0.0,0.17091682414302092
481,0.0,0.0,0.0,0.0,0.5925298692748383,0.0,0.17091682414302092
482,0.0,0.0,0.0,0.0,0.5925298692748383,0.0,0.17091682414302092
483,0.0,0.0,0.0,0.0,0.5925298692748383,0.0,0.17091682414302092
484,0.0,0.0,0.0,0.0,0.5925298692748383,0.0,0.17091682414302092
485,0.0,0.0,0.0,0.0,0.5925298692748383,0.0,0.17091682414302092
486,0.0,0.0,0.0,0.0,0.5925298692748383,0.0,0.17091682414302092
487,0.0,0.0,0.0,0.0,0.5925298692748383,0.0,0.17091682414302092
488,0.0,0.0,0.0,0.0,0.5925298692748383,0.0,0.17091682414302092
489,0.0,0.0,0.0,0.0,0.5925298692748383,0.0,0.17091682414302092
490,0.0,0.0,0.0,0.0,0.5925298692748383,0.0,0.17091682414302092
491,0.0,0.0,0.0,0.0,0.5925298692748383,0.0,0.17091682414302092
492,0.0,0.0,0.0,0.0,0.5925298692748383,0.0,0.17091682414302092
493,0.0,0.0,0.0,0.0,0.5925298692748383,0.0,0.17091682414302092
494,0.0,0.0,0.0,0.0,0.5925298692748383,0.0,0.17091682414302092
495,0.0,0.0,0.0,0.0,0.5925298692748383,0.0,0.17091682414302092
496,0.0,0.0,0.0,0.0,0.5925298692748383,0.0,0.17091682414302092
497,0.0,0.0,0.0,0.0,0.5925298692748383,0.0,0.17091682414302092
498,0.0,0.0,0.0,0.0,0.5925298692748383,0.0,0.17091682414302092
499,0.0,0.0,0.0,0.0,0.5925298692748383,0.0,0.17091682414302092
500,0.0,0.0,0.0,0.0,0.5925298692748383,0.0,0.17091682414302092
501,0.0,0.0,0.0,0.0,0.5925298692748383,0.0,0.17091682414302092
502,0.0,0.0,0.0,0.0,0.5925298692748383,0.0,0.17091682414302092
503,0.0,0.0,0.0,0.0,0.5925298692748383,0.0,0.17091682414302092
504,0.0,0.0,0.0,0.0,0.5925298692748383,0.0,0.17091682414302092
505,0.0,0.0,0.0,0.0,0.5925298692748383,0.0,0.17091682414302092
506,0.0,0.0,0.0,0.0,0.5925298692748383,0.0,0.17091682414302092
507,0.0,0.0,0.0,0.0,0.5925298692748383,0.0,0.17091682414302092
508,0.0,0.0,0.0,0.0,0.5925298692748383,0.0,0.17091682414302092
509,0.0,0.0,0.0,0.0,0.5925298692748383,0.0,0.17091682414302092
510,0.0,0.0,0.0,0.0,0.5925298692748383,0.0,0.17091682414302092
511,0.0,0.0,0.0,0.0,0.5925298692748383,0.0,0.17091682414302092
512,0.0,0.0,0.0,0.0,0.5925298692748383,0.0,0.17091682414302092
513,0.0,0.0,0.0,0.0,0.5925298692748383,0.0,0.17091682414302092
514,0.0,0.0,0.0,0.0,0.5925298692748383,0.0,0.17091682414302092
515,0.0,0.0,0.0,0.0,0.5925298692748383,0.0,0.17091682414302092
516,0.0,0.0,0.0,0.0,0.5925298692748383,0.0,0.17091682414302092
517,0.0,0.0,0.0,0.0,0.5925298692748383,0.0,0.17091682414302092
518,0.0,0.0,0.0,0.0,0.5925298692748383,0.0,0.17091682414302092
519,0.0,0.0,0.0,0.0,0.5925298692748383,0.0,0.17091682414302092
520,5.4,4.050047555555555,0.0,4.050047555555555,0.5925298692748383,0.0,0.17091682414302092
521,10.6,6.936773255296447,0.0,6.936773255296447,0.5924663458464424,0.0,0.17091682414302092
522,14.5,5.121485127552966,0.0,5.121485127552966,0.592357418992218,0.0,0.17091682414302092
523,15.0,2.8890946502057613,0.0,2.8890946502057613,0.592277054918187,0.0,0.17091682414302092
524,16.4,6.118821765279682,0.0,6.118821765279682,0.5922317605965494,0.0,0.17091682414302092
525,19.7,12.061005040142513,0.0,12.061005040142513,0.5921357074273274,0.0,0.17091682414302092
526,24.8,12.849219606157602,0.0,12.849219606157602,0.591945920009737,0.0,0.17091682414302092
527,26.6,4.228907326322204,0.0,4.228907326322204,0.5917436619866168,0.0,0.17091682414302092
528,26.1,2.7997616342592564,0.0,2.7997616342592564,0.5916773240504495,0.0,0.17091682414302092
529,27.1,9.194985385783419,0.0,9.194985385783419,0.5916334295958314,0.0,0.17091682414302092
530,30.2,14.768204231672,0.0,14.768204231672,0.5914889013591723,0.0,0.17091682414302092
531,33.5,11.930729207152114,0.0,11.930729207152114,0.5912562474611456,0.0,0.17091682414302092
532,34.5,3.8811775334362175,0.0,3.8811775334362175,0.5910685057755158,0.0,0.17091682414302092
533,34.0,0.5336493293705167,0.0,0.5336493293705167,0.5910076275647594,0.0,0.17091682414302092
534,33.5,3.745286820320838,0.0,3.745286820320838,0.5909992681209392,0.0,0.17091682414302092
535,34.5,10.314433706275722,0.0,10.314433706275722,0.5909405242654531,0.0,0.17091682414302092
536,36.9,14.181383134259256,0.0,14.181383134259256,0.5907783178061212,0.0,0.17091682414302092
537,39.2,14.8837174827008,0.0,14.8837174827008,0.5905549479353371,0.0,0.17091682414302092
538,41.5,14.768710307594109,0.0,14.768710307594109,0.5903204445756957,0.0,0.17091682414302092
539,43.4,11.88893077762536,0.0,11.88893077762536,0.5900877593902536,0.0,0.17091682414302092
540,44.4,9.0624690781893,0.0,9.0624690781893,0.589900659929546,0.0,0.17091682414302092
541,45.2,8.968389896966936,0.0,8.968389896966936,0.5897582011601661,0.0,0.17091682414302092
542,46.1,6.814464259621247,0.0,6.814464259621247,0.5896172248993587,0.0,0.17091682414302092
543,46.1,3.2573654941891412,0.0,3.2573654941891412,0.589510197956331,0.0,0.17091682414302092
544,45.8,2.3397134881877824,0.0,2.3397134881877824,0.5894591105162732,0.0,0.17091682414302092
545,45.5,4.944691998647316,0.0,4.944691998647316,0.5894224284930627,0.0,0.17091682414302092
546,46.1,7.110889156740578,0.0,7.110889156740578,0.5893448247240748,0.0,0.17091682414302092
547,46.5,6.891278870884773,0.0,6.891278870884773,0.5892331263197261,0.0,0.17091682414302092
548,47.0,7.290154168571872,0.0,7.290154168571872,0.589124886070564,0.0,0.17091682414302092
549,47.5,7.696183472889039,0.0,7.696183472889039,0.5890103613840942,0.0,0.17091682414302092
550,48.1,5.966020919048148,0.0,5.966020919048148,0.5888894373111705,0.0,0.17091682414302092
551,48.0,0.39332510288064204,0.0,0.39332510288064204,0.5887957619310623,0.0,0.17091682414302092
552,46.8,0.0,0.0,0.0,0.5887895998114523,0.0,0.17091682414302092
553,46.0,0.0,0.0,0.0,0.5887895998114523,0.0,0.17091682414302092
554,44.5,0.0,0.0,0.0,0.5887895998114523,0.0,0.17091682414302092
555,42.0,0.0,0.0,0.0,0.5887895998114523,0.0,0.17091682414302092
556,39.9,0.0,0.0,0.0,0.5887895998114523,0.0,0.17091682414302092
557,38.3,0.0,0.0,0.0,0.5887895998114523,0.0,0.17091682414302092
558,35.5,0.0,0.0,0.0,0.5887895998114523,0.0,0.17091682414302092
559,31.4,0.0,0.0,0.0,0.5887895998114523,0.0,0.17091682414302092
560,28.1,0.0,0.0,0.0,0.5887895998114523,0.0,0.17091682414302092
561,24.1,0.0,0.0,0.0,0.5887895998114523,0.0,0.17091682414302092
562,18.1,0.0,0.0,0.0,0.5887895998114523,0.0,0.17091682414302092
563,14.2,0.0,0.0,0.0,0.5887895998114523,0.0,0.17091682414302092
564,10.5,0.0,0.0,0.0,0.5887895998114523,0.0,0.17091682414302092
565,6.3,0.0,0.0,0.0,0.5887895998114523,0.0,0.17091682414302092
566,4.2,0.0,0.0,0.0,0.5887895998114523,0.0,0.17091682414302092
567,2.9,0.0,0.0,0.0,0.5887895998114523,0.0,0.17091682414302092
568,1.6,0.0,0.0,0.0,0.5887895998114523,0.0,0.17091682414302092
569,0.0,0.0,0.0,0.0,0.5887895998114523,0.0,0.17091682414302092
570,0.0,0.0,0.0,0.0,0.5887895998114523,0.0,0.17091682414302092
571,0.0,0.0,0.0,0.0,0.5887895998114523,0.0,0.17091682414302092
572,0.0,0.0,0.0,0.0,0.5887895998114523,0.0,0.17091682414302092
573,0.0,0.0,0.0,0.0,0.5887895998114523,0.0,0.17091682414302092
574,0.0,0.0,0.0,0.0,0.5887895998114523,0.0,0.17091682414302092
575,0.0,0.0,0.0,0.0,0.5887895998114523,0.0,0.17091682414302092
576,0.0,0.0,0.0,0.0,0.5887895998114523,0.0,0.17091682414302092
577,0.0,0.0,0.0,0.0,0.5887895998114523,0.0,0.17091682414302092
578,0.0,0.0,0.0,0.0,0.5887895998114523,0.0,0.17091682414302092
579,4.3,1.9803537527244321,0.0,1.9803537527244321,0.5887895998114523,0.0,0.17091682414302092
580,6.1,1.7907071570454196,0.0,1.7907071570454196,0.5887585545142879,0.0,0.17091682414302092
581,7.8,2.893501267489712,0.0,2.893501267489712,0.5887304842860278,0.0,0.17091682414302092
582,10.8,5.401463777777778,0.0,5.401463777777778,0.5886851071588671,0.0,0.17091682414302092
583,14.5,5.1214851275529645,0.0,5.1214851275529645,0.5886003138516591,0.0,0.17091682414302092
584,15.2,3.905924944977899,0.0,3.905924944977899,0.5885199241326666,0.0,0.17091682414302092
585,17.4,7.616787226337448,0.0,7.616787226337448,0.5884586438918404,0.0,0.17091682414302092
586,20.9,8.371342570320838,0.0,8.371342570320838,0.5883389655020629,0.0,0.17091682414302092
587,22.5,3.964597800925927,0.0,3.964597800925927,0.5882073900178822,0.0,0.17091682414302092
588,22.5,1.505107060185181,0.0,1.505107060185181,0.5881451861485588,0.0,0.17091682414302092
589,22.4,1.497384879134274,0.0,1.497384879134274,0.5881215943024318,0.0,0.17091682414302092
590,22.4,2.937714097241278,0.0,2.937714097241278,0.5880981235231514,0.0,0.17091682414302092
591,23.3,3.66486818211782,0.0,3.66486818211782,0.5880520497486753,0.0,0.17091682414302092
592,23.7,3.1227919346707766,0.0,3.1227919346707766,0.5879945547111003,0.0,0.17091682414302092
593,24.2,6.77358634415485,0.0,6.77358634415485,0.5879455742128887,0.0,0.17091682414302092
594,26.9,12.064600180060213,0.0,12.064600180060213,0.5878391759093681,0.0,0.17091682414302092
595,30.0,14.280889917695482,0.0,14.280889917695482,0.5876492619725062,0.0,0.17091682414302092
596,33.1,11.353548962600978,0.0,11.353548962600978,0.5874242554980753,0.0,0.17091682414302092
597,34.1,5.580684842611642,0.0,5.580684842611642,0.5872455794196961,0.0,0.17091682414302092
598,34.4,8.07016872001219,0.0,8.07016872001219,0.5871579556628129,0.0,0.17091682414302092
599,36.5,10.2615066848613,0.0,10.2615066848613,0.5870311164215178,0.0,0.17091682414302092
600,37.5,4.784103330761318,0.0,4.784103330761318,0.5868696919253259,0.0,0.17091682414302092
601,37.2,1.149306757201653,0.0,1.149306757201653,0.5867945970363413,0.0,0.17091682414302092
602,36.7,3.0077937177450083,0.0,3.0077937177450083,0.5867765826848064,0.0,0.17091682414302092
603,37.2,5.933257374485586,0.0,5.933257374485586,0.5867294032074999,0.0,0.17091682414302092
604,37.9,8.989747420762836,0.0,8.989747420762836,0.5866362263803945,0.0,0.17091682414302092
605,39.6,8.682669111111117,0.0,8.682669111111117,0.586494875588725,0.0,0.17091682414302092
606,40.0,7.240241579027581,0.0,7.240241579027581,0.5863583683632813,0.0,0.17091682414302092
607,41.1,8.269823954218108,0.0,8.269823954218108,0.5862446032787195,0.0,0.17091682414302092
608,41.8,9.24190877244323,0.0,9.24190877244323,0.5861146055144792,0.0,0.17091682414302092
609,43.2,9.326459555555553,0.0,9.326459555555553,0.5859692686563556,0.0,0.17091682414302092
610,43.8,6.663114353909472,0.0,6.663114353909472,0.5858225953614133,0.0,0.17091682414302092
611,44.2,4.182071285474765,0.0,4.182071285474765,0.5857179180668756,0.0,0.17091682414302092
612,43.9,4.141771285646214,0.0,4.141771285646214,0.5856522825063726,0.0,0.17091682414302092
613,44.3,6.189514764765308,0.0,6.189514764765308,0.5855872801194851,0.0,0.17091682414302092
614,44.7,6.54916615792183,0.0,6.54916615792183,0.5854900595672679,0.0,0.17091682414302092
615,45.2,4.318184135650024,0.0,4.318184135650024,0.5853871741845242,0.0,0.17091682414302092
616,44.8,1.094683971345841,0.0,1.094683971345841,0.5853193968087826,0.0,0.17091682414302092
617,44.2,2.192616552964511,0.0,2.192616552964511,0.5853022368500429,0.0,0.17091682414302092
618,44.2,3.3294478286846356,0.0,3.3294478286846356,0.5852678509162589,0.0,0.17091682414302092
619,44.0,0.0,0.0,0.0,0.5852156126645761,0.0,0.17091682414302092
620,42.8,0.1431940506020635,0.0,0.1431940506020635,0.5852156126645761,0.0,0.17091682414302092
621,42.7,4.806677294562581,0.0,4.806677294562581,0.5852133688250537,0.0,0.17091682414302092
622,43.2,2.1042373333333213,0.0,2.1042373333333213,0.5851379083023226,0.0,0.17091682414302092
623,42.1,0.0,0.0,0.0,0.5851049090880659,0.0,0.17091682414302092
624,41.5,0.0,0.0,0.0,0.5851049090880659,0.0,0.17091682414302092
625,40.6,0.0,0.0,0.0,0.5851049090880659,0.0,0.17091682414302092
626,39.7,0.0,0.0,0.0,0.5851049090880659,0.0,0.17091682414302092
627,38.5,0.0,0.0,0.0,0.5851049090880659,0.0,0.17091682414302092
628,37.6,0.0,0.0,0.0,0.5851049090880659,0.0,0.17091682414302092
629,37.1,1.859050118674741,0.0,1.859050118674741,0.5851049090880659,0.0,0.17091682414302092
630,37.1,3.290377279168579,0.0,3.290377279168579,0.5850757577337273,0.0,0.17091682414302092
631,37.2,4.9764672510288,0.0,4.9764672510288,0.5850241324538842,0.0,0.17091682414302092
632,37.9,4.603173346688745,0.0,4.603173346688745,0.5849459998178757,0.0,0.17091682414302092
633,37.8,0.21308933333334332,0.0,0.21308933333334332,0.58487373836595,0.0,0.17091682414302092
634,36.7,0.176003594288228,0.0,0.176003594288228,0.5848703990833789,0.0,0.17091682414302092
635,36.6,4.173540674897122,0.0,4.173540674897122,0.5848676410043138,0.0,0.17091682414302092
636,37.2,2.1060968806584395,0.0,2.1060968806584395,0.5848021348225867,0.0,0.17091682414302092
637,36.2,1.5566608023167103,0.0,1.5566608023167103,0.5847691054819503,0.0,0.17091682414302092
638,36.6,2.7615036378600903,0.0,2.7615036378600903,0.5847446980750172,0.0,0.17091682414302092
639,36.1,0.0,0.0,0.0,0.5847013786339542,0.0,0.17091682414302092
640,35.1,0.0,0.0,0.0,0.5847013786339542,0.0,0.17091682414302092
641,34.1,0.0,0.0,0.0,0.5847013786339542,0.0,0.17091682414302092
642,30.9,0.0,0.0,0.0,0.5847013786339542,0.0,0.17091682414302092
643,23.9,0.0,0.0,0.0,0.5847013786339542,0.0,0.17091682414302092
644,20.9,0.0,0.0,0.0,0.5847013786339542,0.0,0.17091682414302092
645,20.4,0.16520208230452713,0.0,0.16520208230452713,0.5847013786339542,0.0,0.17091682414302092
646,19.9,1.8204869372237489,0.0,1.8204869372237489,0.5846987897949826,0.0,0.17091682414302092
647,20.7,5.361224717592591,0.0,5.361224717592591,0.5846702425977993,0.0,0.17091682414302092
648,22.8,8.272184189300411,0.0,8.272184189300411,0.584586053612636,0.0,0.17091682414302092
649,25.2,7.876455481481481,0.0,7.876455481481481,0.5844560002526842,0.0,0.17091682414302092
650,26.5,4.041168083657214,0.0,4.041168083657214,0.5843321867576127,0.0,0.17091682414302092
651,26.4,0.6294225349794231,0.0,0.6294225349794231,0.5842687587147688,0.0,0.17091682414302092
652,25.7,0.0,0.0,0.0,0.5842588930138077,0.0,0.17091682414302092
653,24.7,0.0,0.0,0.0,0.5842588930138077,0.0,0.17091682414302092
654,22.6,0.0,0.0,0.0,0.5842588930138077,0.0,0.17091682414302092
655,20.9,0.0,0.0,0.0,0.5842588930138077,0.0,0.17091682414302092
656,20.1,0.0,0.0,0.0,0.5842588930138077,0.0,0.17091682414302092
657,18.7,0.0,0.0,0.0,0.5842588930138077,0.0,0.17091682414302092
658,16.8,0.0,0.0,0.0,0.5842588930138077,0.0,0.17091682414302092
659,15.3,0.0,0.0,0.0,0.5842588930138077,0.0,0.17091682414302092
660,14.3,0.0,0.0,0.0,0.5842588930138077,0.0,0.17091682414302092
661,13.6,0.0,0.0,0.0,0.5842588930138077,0.0,0.17091682414302092
662,12.9,0.0,0.0,0.0,0.5842588930138077,0.0,0.17091682414302092
663,12.2,0.0,0.0,0.0,0.5842588930138077,0.0,0.17091682414302092
664,11.1,0.0,0.0,0.0,0.5842588930138077,0.0,0.17091682414302092
665,9.9,0.0,0.0,0.0,0.5842588930138077,0.0,0.17091682414302092
666,8.1,0.0,0.0,0.0,0.5842588930138077,0.0,0.17091682414302092
667,5.2,0.0,0.0,0.0,0.5842588930138077,0.0,0.17091682414302092
668,2.1,0.0,0.0,0.0,0.5842588930138077,0.0,0.17091682414302092
669,0.0,0.0,0.0,0.0,0.5842588930138077,0.0,0.17091682414302092
670,0.0,0.0,0.0,0.0,0.5842588930138077,0.0,0.17091682414302092
671,0.0,0.0,0.0,0.0,0.5842588930138077,0.0,0.17091682414302092
672,0.0,0.0,0.0,0.0,0.5842588930138077,0.0,0.17091682414302092
673,0.0,0.0,0.0,0.0,0.5842588930138077,0.0,0.17091682414302092
674,0.0,0.0,0.0,0.0,0.5842588930138077,0.0,0.17091682414302092
675,0.0,0.0,0.0,0.0,0.5842588930138077,0.0,0.17091682414302092
676,0.0,0.0,0.0,0.0,0.5842588930138077,0.0,0.17091682414302092
677,0.0,0.0,0.0,0.0,0.5842588930138077,0.0,0.17091682414302092
678,0.0,0.0,0.0,0.0,0.5842588930138077,0.0,0.17091682414302092
679,0.0,0.0,0.0,0.0,0.5842588930138077,0.0,0.17091682414302092
680,0.0,0.0,0.0,0.0,0.5842588930138077,0.0,0.17091682414302092
681,0.0,0.0,0.0,0.0,0.5842588930138077,0.0,0.17091682414302092
682,0.0,0.0,0.0,0.0,0.5842588930138077,0.0,0.17091682414302092
683,0.0,0.0,0.0,0.0,0.5842588930138077,0.0,0.17091682414302092
684,0.0,0.0,0.0,0.0,0.5842588930138077,0.0,0.17091682414302092
685,5.6,3.227953608901082,0.0,3.227953608901082,0.5842588930138077,0.0,0.17091682414302092
686,7.9,3.2355087547820456,0.0,3.2355087547820456,0.5842082448999788,0.0,0.17091682414302092
687,10.9,3.2790093189109877,0.0,3.2790093189109877,0.5841574778710398,0.0,0.17091682414302092
688,11.5,2.277964851489865,0.0,2.277964851489865,0.5841060271773328,0.0,0.17091682414302092
689,12.9,3.3892828050411525,0.0,3.3892828050411525,0.584070297921281,0.0,0.17091682414302092
690,14.5,2.9770664032731298,0.0,2.9770664032731298,0.5840171141986958,0.0,0.17091682414302092
691,15.0,1.0565329218106998,0.0,1.0565329218106998,0.5839704063446182,0.0,0.17091682414302092
692,14.5,0.0,0.0,0.0,0.5839538427904869,0.0,0.17091682414302092
693,13.7,0.6073515044772136,0.0,0.6073515044772136,0.5839538427904869,0.0,0.17091682414302092
694,14.1,1.8959846177983535,0.0,1.8959846177983535,0.583944322865326,0.0,0.17091682414302092
695,14.7,1.6957084933127593,0.0,1.6957084933127593,0.5839145889872003,0.0,0.17091682414302092
696,14.8,1.231869225118125,0.0,1.231869225118125,0.5838879980061612,0.0,0.17091682414302092
697,14.9,1.432262326836609,0.0,1.432262326836609,0.583868684173288,0.0,0.17091682414302092
698,15.2,1.3647726816034131,0.0,1.3647726816034131,0.5838462266519631,0.0,0.17091682414302092
699,15.2,1.2670360560890102,0.0,1.2670360560890102,0.5838248278864925,0.0,0.17091682414302092
700,15.4,0.8885848821825948,0.0,0.8885848821825948,0.5838049623066416,0.0,0.17091682414302092
701,15.0,0.0,0.0,0.0,0.5837910324562784,0.0,0.17091682414302092
702,13.9,0.0,0.0,0.0,0.5837910324562784,0.0,0.17091682414302092
703,13.0,1.0753670934308786,0.0,1.0753670934308786,0.5837910324562784,0.0,0.17091682414302092
704,14.1,5.6131914079218115,0.0,5.6131914079218115,0.5837741732511104,0.0,0.17091682414302092
705,18.1,10.837422170762842,0.0,10.837422170762842,0.5836860119464538,0.0,0.17091682414302092
706,22.3,12.100530409103033,0.0,12.100530409103033,0.5835154394470788,0.0,0.17091682414302092
707,25.4,9.57483711507392,0.0,9.57483711507392,0.5833248867791277,0.0,0.17091682414302092
708,27.0,8.2915,0.0,8.2915,0.5831742583503294,0.0,0.17091682414302092
709,29.0,10.057866102728239,0.0,10.057866102728239,0.5830438846215643,0.0,0.17091682414302092
710,31.2,10.462074946502055,0.0,10.462074946502055,0.5828856227611612,0.0,0.17091682414302092
711,33.0,9.831668724279835,0.0,9.831668724279835,0.5827209715900835,0.0,0.17091682414302092
712,34.6,10.569265216887677,0.0,10.569265216887677,0.5825662788048648,0.0,0.17091682414302092
713,36.5,12.373775203379834,0.0,12.373775203379834,0.5823999289642412,0.0,0.17091682414302092
714,38.6,14.38920268983387,0.0,14.38920268983387,0.5822050333029227,0.0,0.17091682414302092
715,41.0,15.364301630848956,0.0,15.364301630848956,0.5819782046598584,0.0,0.17091682414302092
716,43.1,14.566611637879124,0.0,14.566611637879124,0.5817359043304567,0.0,0.17091682414302092
717,44.9,15.247996877591053,0.0,15.247996877591053,0.5815062533233727,0.0,0.17091682414302092
718,47.0,16.658724127419607,0.0,16.658724127419607,0.581265788773296,0.0,0.17091682414302092
719,49.0,18.094360920591352,0.0,18.094360920591352,0.5810029208808649,0.0,0.17091682414302092
720,51.3,26.32216009722222,0.0,26.32216009722222,0.5807172261152007,0.0,0.17091682414302092
721,55.5,28.732838670267483,0.0,28.732838670267483,0.5803002104016751,0.0,0.17091682414302092
722,57.8,23.016770662399004,0.0,23.016770662399004,0.5798445344921008,0.0,0.17091682414302092
723,60.1,18.689783669391105,0.0,18.689783669391105,0.5794803519095953,0.0,0.17091682414302092
724,61.0,12.762216201798532,0.0,12.762216201798532,0.5791851457765691,0.0,0.17091682414302092
725,61.7,10.185952835067065,0.0,10.185952835067065,0.5789840450694484,0.0,0.17091682414302092
726,61.9,3.866371069596831,0.0,3.866371069596831,0.5788237039369674,0.0,0.17091682414302092
727,61.0,0.0,0.0,0.0,0.5787629952702166,0.0,0.17091682414302092
728,60.0,0.0,0.0,0.0,0.5787629952702166,0.0,0.17091682414302092
729,59.0,0.0,0.0,0.0,0.5787629952702166,0.0,0.17091682414302092
730,58.0,0.0,0.0,0.0,0.5787629952702166,0.0,0.17091682414302092
731,57.1,0.0,0.0,0.0,0.5787629952702166,0.0,0.17091682414302092
732,56.1,0.0,0.0,0.0,0.5787629952702166,0.0,0.17091682414302092
733,52.9,0.0,0.0,0.0,0.5787629952702166,0.0,0.17091682414302092
734,51.2,0.0,0.0,0.0,0.5787629952702166,0.0,0.17091682414302092
735,47.5,0.0,0.0,0.0,0.5787629952702166,0.0,0.17091682414302092
736,43.6,0.0,0.0,0.0,0.5787629952702166,0.0,0.17091682414302092
737,40.1,0.0,0.0,0.0,0.5787629952702166,0.0,0.17091682414302092
738,37.4,0.0,0.0,0.0,0.5787629952702166,0.0,0.17091682414302092
739,36.9,2.080688689814818,0.0,2.080688689814818,0.5787629952702166,0.0,0.17091682414302092
740,37.0,3.278692882182585,0.0,3.278692882182585,0.5787303480192539,0.0,0.17091682414302092
741,37.0,1.375400701112633,0.0,1.375400701112633,0.578678878598216,0.0,0.17091682414302092
742,36.3,0.0,0.0,0.0,0.5786573036563346,0.0,0.17091682414302092
743,35.5,0.0,0.0,0.0,0.5786573036563346,0.0,0.17091682414302092
744,33.4,0.0,0.0,0.0,0.5786573036563346,0.0,0.17091682414302092
745,30.0,0.0,0.0,0.0,0.5786573036563346,0.0,0.17091682414302092
746,26.2,0.0,0.0,0.0,0.5786573036563346,0.0,0.17091682414302092
747,23.5,0.0,0.0,0.0,0.5786573036563346,0.0,0.17091682414302092
748,19.6,0.0,0.0,0.0,0.5786573036563346,0.0,0.17091682414302092
749,14.8,0.0,0.0,0.0,0.5786573036563346,0.0,0.17091682414302092
750,10.6,0.0,0.0,0.0,0.5786573036563346,0.0,0.17091682414302092
751,7.2,0.0,0.0,0.0,0.5786573036563346,0.0,0.17091682414302092
752,3.5,0.0,0.0,0.0,0.5786573036563346,0.0,0.17091682414302092
753,0.0,0.0,0.0,0.0,0.5786573036563346,0.0,0.17091682414302092
754,0.0,0.0,0.0,0.0,0.5786573036563346,0.0,0.17091682414302092
755,0.0,0.0,0.0,0.0,0.5786573036563346,0.0,0.17091682414302092
756,0.0,0.0,0.0,0.0,0.5786573036563346,0.0,0.17091682414302092
757,0.0,0.0,0.0,0.0,0.5786573036563346,0.0,0.17091682414302092
758,0.0,0.0,0.0,0.0,0.5786573036563346,0.0,0.17091682414302092
759,0.0,0.0,0.0,0.0,0.5786573036563346,0.0,0.17091682414302092
760,0.0,0.0,0.0,0.0,0.5786573036563346,0.0,0.17091682414302092
761,0.0,0.0,0.0,0.0,0.5786573036563346,0.0,0.17091682414302092
762,0.0,0.0,0.0,0.0,0.5786573036563346,0.0,0.17091682414302092
763,0.0,0.0,0.0,0.0,0.5786573036563346,0.0,0.17091682414302092
764,0.0,0.0,0.0,0.0,0.5786573036563346,0.0,0.17091682414302092
765,0.0,0.0,0.0,0.0,0.5786573036563346,0.0,0.17091682414302092
766,0.0,0.0,0.0,0.0,0.5786573036563346,0.0,0.17091682414302092
767,0.0,0.0,0.0,0.0,0.5786573036563346,0.0,0.17091682414302092
768,0.0,0.0,0.0,0.0,0.5786573036563346,0.0,0.17091682414302092
769,0.0,0.0,0.0,0.0,0.5786573036563346,0.0,0.17091682414302092
770,0.0,0.0,0.0,0.0,0.5786573036563346,0.0,0.17091682414302092
771,0.0,0.0,0.0,0.0,0.5786573036563346,0.0,0.17091682414302092
772,0.0,0.0,5.084745762711864,-5.084745762711864,0.5786573036563346,0.00010533707865168537,0.17091682414302092
773,0.0,0.0,5.084745762711864,-5.084745762711864,0.5787368601716443,0.00021067415730337074,0.17091682414302092
774,6.4,4.718527351318397,5.084745762711864,-0.3662184113934668,0.5788164161532824,0.0003160112359550561,0.17091682414302092
775,10.4,2.726224083523853,5.084745762711864,-2.3585216791880113,0.5788221567119077,0.0004213483146067415,0.17091682414302092
776,9.4,1.072000986434994,5.084745762711864,-4.01274477627687,0.5788590978003557,0.0005266853932584268,0.17091682414302092
777,11.1,4.838518758744855,5.084745762711864,-0.24622700396700914,0.5789219072559675,0.0006320224719101123,0.17091682414302092
778,15.1,9.122813787703855,5.084745762711864,4.038068024991991,0.5789257670712988,0.0007373595505617977,0.17091682414302092
779,19.4,6.635800544429204,5.084745762711864,1.5510547817173395,0.5788623586617344,0.0008426966292134831,0.17091682414302092
780,19.3,0.0,5.084745762711864,-5.084745762711864,0.5788380270317017,0.0009480337078651685,0.17091682414302092
781,18.1,0.7120363682937035,5.59322033898305,-4.881183970689347,0.5789175823347148,0.0010601260991695163,0.17091682414302092
782,18.8,4.612873117817406,5.59322033898305,-0.9803472211656441,0.5789939583763394,0.0011722184904738643,0.17091682414302092
783,20.8,6.725459334857489,6.610169491525424,0.11528984333206527,0.5790093215616776,0.0012965807353718232,0.17091682414302092
784,22.7,7.067146571349641,6.610169491525424,0.45697707982421676,0.5790075140496759,0.0014209429802697824,0.17091682414302092
785,24.5,6.70369615674059,6.610169491525424,0.09352666521516628,0.5790003485953966,0.0015453052251677415,0.17091682414302092
786,25.8,7.574412131687239,6.610169491525424,0.9642426401618147,0.5789988822976867,0.0016696674700657007,0.17091682414302092
787,27.9,10.914215495370359,5.59322033898305,5.320995156387308,0.5789837597921837,0.0017817598613700486,0.17091682414302092
788,30.7,12.258678865207282,5.59322033898305,6.665458526224231,0.5789001634945298,0.0018938522526743963,0.17091682414302092
789,32.9,5.3571339214868265,5.59322033898305,-0.2360864174962236,0.5787953875798355,0.002005944643978744,0.17091682414302092
790,32.0,0.0,5.59322033898305,-5.59322033898305,0.5787990884875179,0.0021180370352830917,0.17091682414302092
791,31.6,5.3214337628410195,5.59322033898305,-0.2717865761420306,0.5788865820045809,0.0022301294265874394,0.17091682414302092
792,33.4,10.174713524157895,5.59322033898305,4.581493185174844,0.5788908424570918,0.002342221817891787,0.17091682414302092
793,35.1,10.960256124999999,5.59322033898305,5.367035786016949,0.5788188849649655,0.0024543142091961348,0.17091682414302092
794,37.0,11.605596174363662,5.59322033898305,6.012375835380611,0.5787345626013671,0.0025664066005004825,0.17091682414302092
795,38.7,6.9642746250000105,5.59322033898305,1.3710542860169603,0.5786400760767968,0.00267849899180483,0.17091682414302092
796,38.5,0.0,5.59322033898305,-5.59322033898305,0.5786185692806219,0.002790591383109178,0.17091682414302092
797,37.3,0.6755688264555636,5.59322033898305,-4.9176515125274864,0.5787060641289107,0.0029026837744135256,0.17091682414302092
798,37.5,3.578470614711932,5.59322033898305,-2.0147497242711183,0.5787830110410613,0.0030147761657178733,0.17091682414302092
799,37.5,0.0,5.59322033898305,-5.59322033898305,0.5788145721059609,0.003126868557022221,0.17091682414302092
800,35.2,0.0,6.101694915254237,-6.101694915254237,0.5789020655088428,0.0032452896096537994,0.17091682414302092
801,33.5,0.0,6.610169491525424,-6.610169491525424,0.5789974929656206,0.0033696518545517588,0.17091682414302092
802,32.6,0.0,6.610169491525424,-6.610169491525424,0.5791008511095443,0.003494014099449718,0.17091682414302092
803,31.9,0.0,6.610169491525424,-6.610169491525424,0.5792042083538131,0.0036183763443476775,0.17091682414302092
804,31.0,2.2184679164761536,7.11864406779661,-4.900176151320457,0.5793075646984506,0.0037483268393971826,0.17091682414302092
805,31.8,7.199532213991759,7.11864406779661,0.08088814619514917,0.5793842348134469,0.0038782773344466876,0.17091682414302092
806,33.3,10.141969449074066,7.11864406779661,3.0233253812774565,0.5793829667082312,0.004008227829496193,0.17091682414302092
807,35.3,9.438948504477228,7.11864406779661,2.320304436680618,0.5793355135571665,0.004138178324545697,0.17091682414302092
808,36.2,8.074150514250872,7.11864406779661,0.9555064464542626,0.5792991048767938,0.004268128819595201,0.17091682414302092
809,37.5,6.471989133230456,7.11864406779661,-0.6466549345661541,0.5792841198169637,0.004398079314644706,0.17091682414302092
810,37.6,3.5909129260783557,7.11864406779661,-3.527731141718254,0.5792942547510049,0.00452802980969421,0.17091682414302092
811,37.7,0.9368403384964183,7.11864406779661,-6.181803729300191,0.5793494811224678,0.004657980304743715,0.17091682414302092
812,36.7,0.0,7.11864406779661,-7.11864406779661,0.5794461547359107,0.00478793079979322,0.17091682414302092
813,36.2,5.746475617131525,7.11864406779661,-1.372168450665085,0.5795574369537568,0.004917881294842724,0.17091682414302092
814,37.9,11.42673301747066,7.11864406779661,4.30808894967405,0.5795789360609692,0.005047831789892229,0.17091682414302092
815,39.6,11.73822466666668,7.11864406779661,4.61958059887007,0.5795112840484804,0.005177782284941733,0.17091682414302092
816,41.2,15.446204934308795,7.11864406779661,8.327560866512187,0.57943873106934,0.005307732779991237,0.17091682414302092
817,44.1,15.794768208333327,7.11864406779661,8.676124140536718,0.5793077467448522,0.005437683275040742,0.17091682414302092
818,45.4,11.059987900015235,7.11864406779661,3.9413438322186254,0.5791712592058492,0.0055676337700902466,0.17091682414302092
819,46.5,8.685260352366248,6.610169491525424,2.075090860840824,0.5791093733084929,0.0056919960149882055,0.17091682414302092
820,46.9,6.968551890927449,6.610169491525424,0.358382399402025,0.5790768149198943,0.005816358259886165,0.17091682414302092
821,47.4,7.065793810699588,6.610169491525424,0.4556243191741638,0.5790711956954623,0.005940720504784124,0.17091682414302092
822,47.8,6.8367567011126456,6.101694915254237,0.7350617858584085,0.5790640514950081,0.0060591415574157035,0.17091682414302092
823,48.2,5.673262832495061,6.101694915254237,-0.4284320827591763,0.5790525244179421,0.006177562610047282,0.17091682414302092
824,48.2,0.0,5.59322033898305,-5.59322033898305,0.5790592398898434,0.00628965500135163,0.17091682414302092
825,42.5,0.0,5.59322033898305,-5.59322033898305,0.5791467314885097,0.006401747392655977,0.17091682414302092
826,42.8,3.7208689477213834,5.59322033898305,-1.8723513912616667,0.5792342224420183,0.006513839783960325,0.17091682414302092
827,42.5,4.230173265794101,5.59322033898305,-1.363047073188949,0.5792635533767508,0.006625932175264673,0.17091682414302092
828,43.0,8.44619356805366,5.59322033898305,2.85297322907061,0.5792849101785776,0.0067380245665690204,0.17091682414302092
829,44.2,9.866227664075604,5.59322033898305,4.2730073250925535,0.5792401334956908,0.006850116957873368,0.17091682414302092
830,45.1,8.944366239692874,5.59322033898305,3.351145900709824,0.5791730313978727,0.006962209349177716,0.17091682414302092
831,45.9,8.842199847222224,5.084745762711864,3.7574540845103597,0.5791204250514018,0.007067546427829401,0.17091682414302092
832,46.7,7.8307065987844915,5.084745762711864,2.7459608360726273,0.5790614306250599,0.007172883506481087,0.17091682414302092
833,47.1,6.70450659825102,5.084745762711864,1.6197608355391555,0.5790183344994287,0.007278220585132772,0.17091682414302092
834,47.5,8.917891291819076,5.084745762711864,3.8331455291072123,0.5789929247066969,0.007383557663784459,0.17091682414302092
835,48.6,8.239668000000007,5.084745762711864,3.154922237288143,0.5789327394027728,0.007488894742436144,0.17091682414302092
836,48.7,5.130057990721666,0.0,5.130057990721666,0.5788832162530348,0.007488894742436144,0.17091682414302092
837,48.8,5.773050003962805,0.0,5.773050003962805,0.5788026251792615,0.007488894742436144,0.17091682414302092
838,49.1,5.507633650910711,0.0,5.507633650910711,0.5787119089729074,0.007488894742436144,0.17091682414302092
839,49.1,5.1919186303345315,0.0,5.1919186303345315,0.5786253719904112,0.007488894742436144,0.17091682414302092
840,49.3,5.540031247580384,0.0,5.540031247580384,0.5785438053024098,0.007488894742436144,0.17091682414302092
841,49.4,4.920987512879144,0.0,4.920987512879144,0.5784567569080407,0.007488894742436144,0.17091682414302092
842,49.4,5.238631545800963,0.0,5.238631545800963,0.5783794539164838,0.007488894742436144,0.17091682414302092
843,49.6,6.545645738149687,0.0,6.545645738149687,0.5782971500926216,0.007488894742436144,0.17091682414302092
844,50.0,7.5833952522481125,0.0,7.5833952522481125,0.5781942572106074,0.007488894742436144,0.17091682414302092
845,50.5,6.0617027201455524,0.0,6.0617027201455524,0.5780750009109608,0.007488894742436144,0.17091682414302092
846,50.4,10.905588296296305,0.0,10.905588296296305,0.5779797319675462,0.007488894742436144,0.17091682414302092
847,52.4,12.122850654168559,0.0,12.122850654168559,0.5778079982135027,0.007488894742436144,0.17091682414302092
848,52.5,9.788601144547307,0.0,9.788601144547307,0.5776169991839571,0.007488894742436144,0.17091682414302092
849,53.8,13.912630144185337,0.0,13.912630144185337,0.5774629196206731,0.007488894742436144,0.17091682414302092
850,55.0,13.943036503581787,0.0,13.943036503581787,0.5772435568493743,0.007488894742436144,0.17091682414302092
851,56.2,14.324258912360913,0.0,14.324258912360913,0.5770237078191423,0.007488894742436144,0.17091682414302092
852,57.4,14.710467625666832,0.0,14.710467625666832,0.5767978086648318,0.007488894742436144,0.17091682414302092
853,58.6,13.217767055022112,0.0,13.217767055022112,0.5765657780377332,0.007488894742436144,0.17091682414302092
854,59.3,13.807216762364703,0.0,13.807216762364703,0.5763574139103613,0.007488894742436144,0.17091682414302092
855,60.6,13.81724223868314,0.0,13.81724223868314,0.5761397018970427,0.007488894742436144,0.17091682414302092
856,61.2,9.277752518518497,0.0,9.277752518518497,0.5759218268559547,0.007488894742436144,0.17091682414302092
857,61.3,7.329815890927421,0.0,7.329815890927421,0.5757757973494462,0.007488894742436144,0.17091682414302092
858,61.4,8.928727732357887,0.0,8.928727732357887,0.5756605168335944,0.007488894742436144,0.17091682414302092
859,61.9,9.040625184823213,0.0,9.040625184823213,0.5755199975121732,0.007488894742436144,0.17091682414302092
860,62.0,7.069806089010831,0.0,7.069806089010831,0.5753777090439859,0.007488894742436144,0.17091682414302092
861,62.0,6.272480986130151,0.0,6.272480986130151,0.575266525709474,0.007488894742436144,0.17091682414302092
862,61.9,0.0,0.0,0.0,0.5751679121603225,0.007488894742436144,0.17091682414302092
863,55.2,0.0,0.0,0.0,0.5751679121603225,0.007488894742436144,0.17091682414302092
864,54.3,0.0,0.0,0.0,0.5751679121603225,0.007488894742436144,0.17091682414302092
865,49.1,5.191918630334571,0.0,5.191918630334571,0.5751679121603225,0.007488894742436144,0.17091682414302092
866,54.5,14.136077415313979,0.0,14.136077415313979,0.5750863214906679,0.007488894742436144,0.17091682414302092
867,51.6,0.0,0.0,0.0,0.5748633700377203,0.007488894742436144,0.17091682414302092
868,50.3,0.0,0.0,0.0,0.5748633700377203,0.007488894742436144,0.17091682414302092
869,48.7,0.0,0.0,0.0,0.5748633700377203,0.007488894742436144,0.17091682414302092
870,48.6,1.6771679999999796,0.0,1.6771679999999796,0.5748633700377203,0.007488894742436144,0.17091682414302092
871,47.8,0.6896373595488423,0.0,0.6896373595488423,0.5748370498043367,0.007488894742436144,0.17091682414302092
872,47.4,4.627522205761325,0.0,4.627522205761325,0.5748262313854411,0.007488894742436144,0.17091682414302092
873,47.9,3.7757771742303023,0.0,3.7757771742303023,0.5747535245051649,0.007488894742436144,0.17091682414302092
874,47.2,0.0,0.0,0.0,0.5746942199698892,0.007488894742436144,0.17091682414302092
875,45.7,0.0,0.0,0.0,0.5746942199698892,0.007488894742436144,0.17091682414302092
876,45.2,3.1556326953208287,0.0,3.1556326953208287,0.5746942199698892,0.007488894742436144,0.17091682414302092
877,45.4,3.7618911921963223,0.0,3.7618911921963223,0.5746446678286168,0.007488894742436144,0.17091682414302092
878,45.1,0.0,0.0,0.0,0.5745855811766314,0.007488894742436144,0.17091682414302092
879,43.5,0.0,0.0,0.0,0.5745855811766314,0.007488894742436144,0.17091682414302092
880,42.8,0.0,0.0,0.0,0.5745855811766314,0.007488894742436144,0.17091682414302092
881,42.0,0.6513816872428174,0.0,0.6513816872428174,0.5745855811766314,0.007488894742436144,0.17091682414302092
882,41.7,0.6359764099794258,0.0,0.6359764099794258,0.574575362816926,0.007488894742436144,0.17091682414302092
883,40.9,0.0,0.0,0.0,0.5745653861756512,0.007488894742436144,0.17091682414302092
884,40.1,1.07336899556089,0.0,1.07336899556089,0.5745653861756512,0.007488894742436144,0.17091682414302092
885,40.0,0.0,0.0,0.0,0.5745485451502512,0.007488894742436144,0.17091682414302092
886,38.7,0.0,0.0,0.0,0.5745485451502512,0.007488894742436144,0.17091682414302092
887,38.0,0.0,0.0,0.0,0.5745485451502512,0.007488894742436144,0.17091682414302092
888,37.4,0.19928186130162545,0.0,0.19928186130162545,0.5745485451502512,0.007488894742436144,0.17091682414302092
889,36.8,0.6525117597927224,0.0,0.6525117597927224,0.5745454195279234,0.007488894742436144,0.17091682414302092
890,36.4,0.0,0.0,0.0,0.5745351834010889,0.007488894742436144,0.17091682414302092
891,35.2,0.0,0.0,0.0,0.5745351834010889,0.007488894742436144,0.17091682414302092
892,34.3,0.10447431170933831,0.0,0.10447431170933831,0.5745351834010889,0.007488894742436144,0.17091682414302092
893,34.0,1.8453777244322545,0.0,1.8453777244322545,0.5745335448411577,0.007488894742436144,0.17091682414302092
894,33.9,2.709499991255144,0.0,2.709499991255144,0.5745045820935769,0.007488894742436144,0.17091682414302092
895,34.0,2.9384847203170317,0.0,2.9384847203170317,0.5744620423712645,0.007488894742436144,0.17091682414302092
896,34.0,0.0,0.0,0.0,0.574415903149836,0.007488894742436144,0.17091682414302092
897,32.7,0.0,0.0,0.0,0.574415903149836,0.007488894742436144,0.17091682414302092
898,31.8,0.0,0.0,0.0,0.574415903149836,0.007488894742436144,0.17091682414302092
899,30.8,0.0,0.0,0.0,0.574415903149836,0.007488894742436144,0.17091682414302092
900,29.8,0.0,0.0,0.0,0.574415903149836,0.007488894742436144,0.17091682414302092
901,28.7,0.0,0.0,0.0,0.574415903149836,0.007488894742436144,0.17091682414302092
902,26.9,0.0,0.0,0.0,0.574415903149836,0.007488894742436144,0.17091682414302092
903,26.2,0.0,0.0,0.0,0.574415903149836,0.007488894742436144,0.17091682414302092
904,24.6,0.0,0.0,0.0,0.574415903149836,0.007488894742436144,0.17091682414302092
905,23.2,0.0,0.0,0.0,0.574415903149836,0.007488894742436144,0.17091682414302092
906,22.4,0.0,0.0,0.0,0.574415903149836,0.007488894742436144,0.17091682414302092
907,21.5,0.0,0.0,0.0,0.574415903149836,0.007488894742436144,0.17091682414302092
908,20.2,0.0,0.0,0.0,0.574415903149836,0.007488894742436144,0.17091682414302092
909,19.5,0.0,0.0,0.0,0.574415903149836,0.007488894742436144,0.17091682414302092
910,18.7,0.0,0.0,0.0,0.574415903149836,0.007488894742436144,0.17091682414302092
911,18.1,0.0,0.0,0.0,0.574415903149836,0.007488894742436144,0.17091682414302092
912,16.9,0.0,0.0,0.0,0.574415903149836,0.007488894742436144,0.17091682414302092
913,15.5,0.0,0.0,0.0,0.574415903149836,0.007488894742436144,0.17091682414302092
914,12.1,0.0,0.0,0.0,0.574415903149836,0.007488894742436144,0.17091682414302092
915,8.7,0.0,0.0,0.0,0.574415903149836,0.007488894742436144,0.17091682414302092
916,7.6,0.0,0.0,0.0,0.574415903149836,0.007488894742436144,0.17091682414302092
917,5.9,0.0,0.0,0.0,0.574415903149836,0.007488894742436144,0.17091682414302092
918,3.7,0.0,0.0,0.0,0.574415903149836,0.007488894742436144,0.17091682414302092
919,1.8,0.0,0.0,0.0,0.574415903149836,0.007488894742436144,0.17091682414302092
920,0.0,0.0,0.0,0.0,0.574415903149836,0.007488894742436144,0.17091682414302092
921,0.0,0.0,0.0,0.0,0.574415903149836,0.007488894742436144,0.17091682414302092
922,0.0,0.0,0.0,0.0,0.574415903149836,0.007488894742436144,0.17091682414302092
923,0.0,0.0,0.0,0.0,0.574415903149836,0.007488894742436144,0.17091682414302092
924,0.0,0.0,0.0,0.0,0.574415903149836,0.007488894742436144,0.17091682414302092
925,0.0,0.0,0.0,0.0,0.574415903149836,0.007488894742436144,0.17091682414302092
926,0.0,0.0,0.0,0.0,0.574415903149836,0.007488894742436144,0.17091682414302092
927,0.0,0.0,0.0,0.0,0.574415903149836,0.007488894742436144,0.17091682414302092
928,0.0,0.0,0.0,0.0,0.574415903149836,0.007488894742436144,0.17091682414302092
929,0.0,0.0,0.0,0.0,0.574415903149836,0.007488894742436144,0.17091682414302092
930,0.0,0.0,0.0,0.0,0.574415903149836,0.007488894742436144,0.17091682414302092
931,0.0,0.0,0.0,0.0,0.574415903149836,0.007488894742436144,0.17091682414302092
932,0.0,0.0,0.0,0.0,0.574415903149836,0.007488894742436144,0.17091682414302092
933,0.0,0.0,0.0,0.0,0.574415903149836,0.007488894742436144,0.17091682414302092
934,0.0,0.0,0.0,0.0,0.574415903149836,0.007488894742436144,0.17091682414302092
935,0.0,0.0,0.0,0.0,0.574415903149836,0.007488894742436144,0.17091682414302092
936,0.0,0.0,0.0,0.0,0.574415903149836,0.007488894742436144,0.17091682414302092
937,0.0,0.0,0.0,0.0,0.574415903149836,0.007488894742436144,0.17091682414302092
938,0.0,0.0,0.0,0.0,0.574415903149836,0.007488894742436144,0.17091682414302092
939,0.0,0.0,0.0,0.0,0.574415903149836,0.007488894742436144,0.17091682414302092
940,0.0,0.0,0.0,0.0,0.574415903149836,0.007488894742436144,0.17091682414302092
941,0.0,0.0,0.0,0.0,0.574415903149836,0.007488894742436144,0.17091682414302092
942,0.0,0.0,5.084745762711864,-5.084745762711864,0.574415903149836,0.00759423182108783,0.17091682414302092
943,0.0,0.0,6.101694915254237,-6.101694915254237,0.574495488127149,0.007712652873719408,0.17091682414302092
944,0.0,0.0,6.610169491525424,-6.610169491525424,0.5745909510247252,0.007837015118617367,0.17091682414302092
945,0.0,0.0,6.610169491525424,-6.610169491525424,0.5746943475388164,0.007961377363515328,0.17091682414302092
946,0.0,0.0,7.11864406779661,-7.11864406779661,0.5747977431522522,0.008091327858564831,0.17091682414302092
947,0.0,0.0,7.627118644067796,-7.627118644067796,0.5749090689313042,0.008226544204718678,0.17091682414302092
948,0.0,0.0,7.627118644067796,-7.627118644067796,0.5750283214821323,0.008361760550872524,0.17091682414302092
949,0.0,0.0,7.627118644067796,-7.627118644067796,0.5751475728358835,0.008496976897026371,0.17091682414302092
950,0.0,0.0,7.627118644067796,-7.627118644067796,0.5752668229925936,0.008632193243180219,0.17091682414302092
951,0.0,0.0,7.627118644067796,-7.627118644067796,0.5753860719522985,0.008767409589334065,0.17091682414302092
952,0.0,0.0,7.627118644067796,-7.627118644067796,0.5755053197150344,0.008902625935487912,0.17091682414302092
953,0.0,0.0,7.627118644067796,-7.627118644067796,0.5756245662808371,0.009037842281641758,0.17091682414302092
954,0.0,0.0,7.627118644067796,-7.627118644067796,0.5757438116497426,0.009173058627795605,0.17091682414302092
955,0.0,0.0,7.627118644067796,-7.627118644067796,0.575863055821787,0.009308274973949452,0.17091682414302092
956,0.0,0.0,7.627118644067796,-7.627118644067796,0.575982298797006,0.009443491320103298,0.17091682414302092
957,3.0,2.1143744855967075,7.627118644067796,-5.512744158471088,0.5761015405754358,0.009578707666257145,0.17091682414302092
958,9.9,6.540882995370369,7.627118644067796,-1.0862356486974267,0.5761877975790554,0.009713924012410991,0.17091682414302092
959,12.2,4.066078552659655,7.627118644067796,-3.561040091408141,0.576204823484094,0.009849140358564839,0.17091682414302092
960,14.0,5.302915828379821,7.627118644067796,-2.3242028156879746,0.5762605851110368,0.009984356704718686,0.17091682414302092
961,17.0,5.143761850327695,7.627118644067796,-2.483356793740101,0.5762969970472196,0.010119573050872532,0.17091682414302092
962,17.6,2.6130090547172675,7.627118644067796,-5.014109589350529,0.5763358997772928,0.010254789397026379,0.17091682414302092
963,18.2,4.461504670629477,7.627118644067796,-3.165613973438319,0.5764143686644965,0.010390005743180225,0.17091682414302092
964,20.3,6.95109527230986,7.627118644067796,-0.6760233717579363,0.576463945291541,0.010525222089334072,0.17091682414302092
965,22.4,6.394504220698059,7.627118644067796,-1.2326144233697365,0.5764745429180226,0.01066043843548792,0.17091682414302092
966,23.6,3.7154651726870926,7.627118644067796,-3.911653471380703,0.576493861603742,0.010795654781641765,0.17091682414302092
967,23.7,0.8369123050411503,7.627118644067796,-6.790206339026645,0.5765551034062703,0.010930871127795613,0.17091682414302092
968,23.0,0.0,7.627118644067796,-7.627118644067796,0.5766612909361193,0.011066087473949458,0.17091682414302092
969,22.0,1.7495553650358215,7.627118644067796,-5.877563279031975,0.5767805259002602,0.011201303820103306,0.17091682414302092
970,23.1,7.4930914542181055,7.627118644067796,-0.1340271898496903,0.5768724726330948,0.011336520166257151,0.17091682414302092
971,25.9,10.769368621037183,7.627118644067796,3.142249976969387,0.5768745740803986,0.011471736512410999,0.17091682414302092
972,28.4,9.291888733729625,7.11864406779661,2.173244665933015,0.5768252414810016,0.011601687007460504,0.17091682414302092
973,29.8,9.391643367779302,6.610169491525424,2.7814738762538784,0.5767911351066635,0.011726049252358463,0.17091682414302092
974,32.1,11.195453537551437,6.610169491525424,4.585284046026013,0.5767474725965285,0.011850411497256422,0.17091682414302092
975,34.0,10.80885509068739,6.610169491525424,4.198685599161966,0.5766754423372402,0.01197477374215438,0.17091682414302092
976,35.8,11.657473189452809,6.610169491525424,5.047303697927385,0.5766094949614234,0.012099135987052341,0.17091682414302092
977,37.8,11.393644888888904,6.610169491525424,4.78347539736348,0.5765301912248691,0.0122234982319503,0.17091682414302092
978,39.2,10.346680445663793,6.610169491525424,3.736510954138369,0.5764550402227105,0.01234786047684826,0.17091682414302092
979,40.6,9.196425244322509,6.610169491525424,2.5862557527970846,0.5763963618283772,0.012472222721746218,0.17091682414302092
980,41.4,6.743487555555544,6.610169491525424,0.13331806403011992,0.5763557655844834,0.012596584966644179,0.17091682414302092
981,41.8,10.585787373266262,6.610169491525424,3.9756178817408383,0.5763536749416727,0.012720947211542138,0.17091682414302092
982,44.0,22.54509518366101,6.610169491525424,15.934925692135588,0.5762912350858307,0.012845309456440097,0.17091682414302092
983,48.4,24.69045927175735,6.610169491525424,18.08028978023193,0.5760397550484455,0.012969671701338056,0.17091682414302092
984,50.5,13.854912596688797,6.610169491525424,7.244743105163373,0.5757541623465016,0.013094033946236015,0.17091682414302092
985,51.2,11.12142774333182,6.610169491525424,4.511258251806396,0.575640223508153,0.013218396191133975,0.17091682414302092
986,52.4,12.459784810547143,6.610169491525424,5.849615319021719,0.5755693515529436,0.013342758436031934,0.17091682414302092
987,53.4,11.7254914238683,6.610169491525424,5.1153219323428765,0.5754774041108551,0.013467120680929893,0.17091682414302092
988,54.3,16.51612700565844,6.610169491525424,9.905957514133016,0.5753970217371999,0.013591482925827852,0.17091682414302092
989,56.6,20.27548112604785,6.610169491525424,13.665311634522427,0.575241057977369,0.013715845170725813,0.17091682414302092
990,58.3,17.627560265070105,6.610169491525424,11.017390773544681,0.5750255753106877,0.013840207415623772,0.17091682414302092
991,59.7,18.919888045781907,6.610169491525424,12.309718554256483,0.5748520293483038,0.01396456966052173,0.17091682414302092
992,61.6,18.87563616338972,6.610169491525424,12.265466671864298,0.5746580224759829,0.01408893190541969,0.17091682414302092
993,62.8,11.263481461057788,6.610169491525424,4.653311969532364,0.5744647132855232,0.014213294150317649,0.17091682414302092
994,62.7,8.415320386316917,6.610169491525424,1.8051508947914936,0.5743915981983422,0.01433765639521561,0.17091682414302092
995,63.2,11.774311666514235,6.610169491525424,5.164142174988811,0.5743632669149523,0.014462018640113568,0.17091682414302092
996,63.9,9.908706421296273,6.610169491525424,3.298536929770849,0.5742821081010563,0.014586380885011527,0.17091682414302092
997,63.9,6.621669384259247,6.610169491525424,0.011499892733823458,0.5742303071955002,0.014710743129909486,0.17091682414302092
998,63.8,6.602940401768011,6.610169491525424,-0.0072290897574127655,0.574230126834878,0.014835105374807447,0.17091682414302092
999,63.8,6.6029404017680635,7.11864406779661,-0.5157036660285463,0.5742302402127543,0.01496505586985695,0.17091682414302092
1000,63.7,6.9938443504610595,7.11864406779661,-0.1247997173355504,0.5742383266449114,0.015095006364906455,0.17091682414302092
1001,63.8,1.6801008955951366,7.627118644067796,-5.947017748472659,0.5742402838559475,0.015230222711060303,0.17091682414302092
1002,62.4,0.0,7.627118644067796,-7.627118644067796,0.5743333344769515,0.015365439057214148,0.17091682414302092
1003,61.5,0.0,8.135593220338983,-8.135593220338983,0.5744525928074354,0.015506284127636685,0.17091682414302092
1004,60.5,0.0,8.135593220338983,-8.135593220338983,0.574579774885616,0.01564712919805922,0.17091682414302092
1005,59.8,0.502127867093463,8.64406779661017,-8.141939929516706,0.5747069556027244,0.0157952128217526,0.17091682414302092
1006,59.0,4.231552659655534,9.661016949152541,-5.429464289497007,0.5748342338547298,0.01595732886270823,0.17091682414302092
1007,59.3,7.325092276768006,9.661016949152541,-2.335924672384536,0.5749191996707407,0.016119444903663863,0.17091682414302092
1008,59.3,5.037283634792731,9.661016949152541,-4.623733314359811,0.5749557992254677,0.016281560944619494,0.17091682414302092
1009,59.0,4.231552659655534,9.661016949152541,-5.429464289497007,0.5750281784899904,0.016443676985575122,0.17091682414302092
1010,58.8,0.0,9.661016949152541,-9.661016949152541,0.5751131429164921,0.016605793026530754,0.17091682414302092
1011,56.8,0.0,9.661016949152541,-9.661016949152541,0.5752640724481063,0.016767909067486386,0.17091682414302092
1012,55.9,0.0,9.661016949152541,-9.661016949152541,0.575415000065322,0.016930025108442017,0.17091682414302092
1013,55.0,0.8579027587258092,9.661016949152541,-8.803114190426733,0.5755659257682119,0.01709214114939765,0.17091682414302092
1014,54.6,2.5824841316872527,9.661016949152541,-7.078532817465289,0.5757034939525375,0.01725425719035328,0.17091682414302092
1015,54.2,0.7968012961438627,9.661016949152541,-8.864215653008678,0.5758141857580604,0.01741637323130891,0.17091682414302092
1016,53.3,0.0,9.661016949152541,-9.661016949152541,0.5759527025598251,0.01757848927226454,0.17091682414302092
1017,51.3,0.0,9.661016949152541,-9.661016949152541,0.5761036214430325,0.01774060531322017,0.17091682414302092
1018,50.0,0.0,9.661016949152541,-9.661016949152541,0.5762545384122455,0.017902721354175803,0.17091682414302092
1019,47.5,0.0,9.661016949152541,-9.661016949152541,0.5764054534675368,0.018064837395131435,0.17091682414302092
1020,45.0,0.0,9.661016949152541,-9.661016949152541,0.576556366608979,0.018226953436087066,0.17091682414302092
1021,42.4,0.0,9.661016949152541,-9.661016949152541,0.5767072778366448,0.018389069477042694,0.17091682414302092
1022,40.8,0.3287956707819041,9.661016949152541,-9.332221278370637,0.5768581871506067,0.018551185517998326,0.17091682414302092
1023,41.2,7.233756374638034,9.661016949152541,-2.4272605745145075,0.5770039775613278,0.018713301558953958,0.17091682414302092
1024,42.2,9.61625646761164,9.661016949152541,-0.04476048154090151,0.5770420000981252,0.01887541759990959,0.17091682414302092
1025,43.4,7.423910201493653,9.661016949152541,-2.2371067476588884,0.577042701924279,0.01903753364086522,0.17091682414302092
1026,43.5,8.843431777263373,9.152542372881356,-0.3091105956179838,0.5770777482726889,0.019192706054658323,0.17091682414302092
1027,45.2,11.002854917543068,9.152542372881356,1.850312544661712,0.5770825944763298,0.019347878468451426,0.17091682414302092
1028,45.9,9.727616513888897,8.135593220338983,1.5920232935499143,0.577053560497772,0.019488723538873962,0.17091682414302092
1029,47.1,10.64162079578188,8.135593220338983,2.5060275754428964,0.5770285819505463,0.0196295686092965,0.17091682414302092
1030,48.0,5.640238683127566,8.135593220338983,-2.4953545372114165,0.5769892484125791,0.019770413679719035,0.17091682414302092
1031,47.5,5.2527678350289655,8.135593220338983,-2.882825385310017,0.5770283366188935,0.01991125875014157,0.17091682414302092
1032,48.3,12.211810164094654,8.135593220338983,4.0762169437556715,0.5770734872243183,0.020052103820564108,0.17091682414302092
1033,50.0,14.013436404511525,7.627118644067796,6.386317760443729,0.5770094687267779,0.020187320166717954,0.17091682414302092
1034,51.2,13.0967363853071,7.11864406779661,5.97809231751049,0.5769090757847751,0.02031727066176746,0.17091682414302092
1035,52.5,13.839527070473217,7.11864406779661,6.720883002676607,0.5768151147382606,0.020447221156816967,0.17091682414302092
1036,53.8,12.182949074226508,6.610169491525424,5.572779582701084,0.576709446490097,0.020571583401714926,0.17091682414302092
1037,54.5,9.580393258935382,5.084745762711864,4.495647496223518,0.5766218687227764,0.020676920480366612,0.17091682414302092
1038,55.0,18.186863664075595,5.084745762711864,13.10211790136373,0.576551248346058,0.0207822575590183,0.17091682414302092
1039,58.1,20.16829655728928,0.0,20.16829655728928,0.5763447167150847,0.0207822575590183,0.17091682414302092
1040,58.8,12.14279727572014,0.0,12.14279727572014,0.57602587932586,0.0207822575590183,0.17091682414302092
1041,59.7,13.161786193930038,0.0,13.161786193930038,0.5758345353351905,0.0207822575590183,0.17091682414302092
1042,60.6,13.037921251028795,0.0,13.037921251028795,0.5756270454034293,0.0207822575590183,0.17091682414302092
1043,61.4,16.824818267337335,0.0,16.824818267337335,0.5754215148036395,0.0207822575590183,0.17091682414302092
1044,63.2,19.089126481329107,0.0,19.089126481329107,0.5751558749039397,0.0207822575590183,0.17091682414302092
1045,64.4,14.583704453894171,0.0,14.583704453894171,0.574854199922666,0.0207822575590183,0.17091682414302092
1046,65.0,10.17392165828377,0.0,10.17392165828377,0.5746241422647811,0.0207822575590183,0.17091682414302092
1047,65.1,9.779675518004133,0.0,9.779675518004133,0.5744639316779887,0.0207822575590183,0.17091682414302092
1048,65.6,11.586053883249516,0.0,11.586053883249516,0.5743099517333767,0.0207822575590183,0.17091682414302092
1049,66.1,15.544291484891794,0.0,15.544291484891794,0.5741273950995711,0.0207822575590183,0.17091682414302092
1050,67.5,17.739279513888896,0.0,17.739279513888896,0.5738820733155622,0.0207822575590183,0.17091682414302092
1051,68.4,15.42282496296295,0.0,15.42282496296295,0.5736018541029867,0.0207822575590183,0.17091682414302092
1052,69.2,15.681433463496404,0.0,15.681433463496404,0.5733584503519688,0.0207822575590183,0.17091682414302092
1053,70.1,14.172647784998468,0.0,14.172647784998468,0.573110934069982,0.0207822575590183,0.17091682414302092
1054,70.5,10.667691422325106,0.0,10.667691422325106,0.5728873646934035,0.0207822575590183,0.17091682414302092
1055,70.6,10.693052541990555,0.0,10.693052541990555,0.5727193202238471,0.0207822575590183,0.17091682414302092
1056,71.0,11.251465554031416,0.0,11.251465554031416,0.5725508721062554,0.0207822575590183,0.17091682414302092
1057,71.2,6.725764536503588,0.0,6.725764536503588,0.5723735847521202,0.0207822575590183,0.17091682414302092
1058,70.6,2.5217562456942604,0.0,2.5217562456942604,0.5722677995490292,0.0207822575590183,0.17091682414302092
1059,69.9,6.920755731995847,4.576271186440678,2.3444845455551686,0.5722282028982093,0.02088181508114219,0.17091682414302092
1060,70.3,8.356939970145556,5.084745762711864,3.2721942074336914,0.572191392255155,0.020987152159793878,0.17091682414302092
1061,69.9,5.122916225823071,0.0,5.122916225823071,0.5721399964584628,0.020987152159793878,0.17091682414302092
1062,69.6,0.0,0.0,0.0,0.5720594716513008,0.020987152159793878,0.17091682414302092
1063,67.0,0.0,4.576271186440678,-4.576271186440678,0.5720594716513008,0.021086709681917774,0.17091682414302092
1064,65.9,0.0,5.084745762711864,-5.084745762711864,0.5721311268094632,0.02119204676056946,0.17091682414302092
1065,64.8,0.5420093333333046,5.084745762711864,-4.54273642937856,0.5722107271272383,0.021297383839221147,0.17091682414302092
1066,64.3,3.389366475632525,5.084745762711864,-1.6953792870793394,0.5722818572365231,0.021402720917872833,0.17091682414302092
1067,63.9,2.5128730879629924,5.084745762711864,-2.571872674748872,0.5723084333391153,0.02150805799652452,0.17091682414302092
1068,63.2,0.0,5.084745762711864,-5.084745762711864,0.5723487348714587,0.021613395075176206,0.17091682414302092
1069,62.2,0.7093010797134411,5.59322033898305,-4.883919259269609,0.5724283337279138,0.021725487466480554,0.17091682414302092
1070,61.7,4.6316832877419545,5.59322033898305,-0.9615370512410957,0.5725047943283299,0.0218375798577849,0.17091682414302092
1071,61.7,5.028416826836565,5.59322033898305,-0.5648035121464847,0.5725198711252527,0.02194967224908925,0.17091682414302092
1072,61.3,0.0,6.101694915254237,-6.101694915254237,0.5725287285712055,0.02206809330172083,0.17091682414302092
1073,59.5,0.0,6.101694915254237,-6.101694915254237,0.5726242072953246,0.022186514354352406,0.17091682414302092
1074,58.5,0.0,6.101694915254237,-6.101694915254237,0.5727196852510041,0.022304935406983986,0.17091682414302092
1075,57.5,0.0,6.101694915254237,-6.101694915254237,0.5728151624382626,0.022423356459615566,0.17091682414302092
1076,56.1,0.0,6.101694915254237,-6.101694915254237,0.5729106388571185,0.022541777512247143,0.17091682414302092
1077,54.8,0.0,6.101694915254237,-6.101694915254237,0.5730061145075903,0.022660198564878723,0.17091682414302092
1078,53.6,0.0,6.101694915254237,-6.101694915254237,0.5731015893896967,0.0227786196175103,0.17091682414302092
1079,52.2,0.0,6.101694915254237,-6.101694915254237,0.5731970635034561,0.02289704067014188,0.17091682414302092
1080,51.0,0.0,6.101694915254237,-6.101694915254237,0.5732925368488871,0.02301546172277346,0.17091682414302092
1081,50.1,0.0,6.101694915254237,-6.101694915254237,0.5733880094260082,0.023133882775405037,0.17091682414302092
1082,49.4,1.4269031507392271,6.101694915254237,-4.67479176451501,0.5734834812348378,0.023252303828036617,0.17091682414302092
1083,49.1,8.349068836095876,6.610169491525424,1.7388993445704521,0.5735566673720484,0.023376666072934576,0.17091682414302092
1084,50.6,10.959360604785843,6.101694915254237,4.857665689531606,0.5735293746756223,0.023495087125566156,0.17091682414302092
1085,51.0,4.836569958847735,6.101694915254237,-1.2651249564065017,0.5734530363625593,0.023613508178197733,0.17091682414302092
1086,50.6,1.523918217954591,6.610169491525424,-5.0862512735708325,0.5734728693964799,0.02373787042309569,0.17091682414302092
1087,50.0,0.18884792714526852,7.11864406779661,-6.929796140651342,0.5735524842230192,0.0238678209181452,0.17091682414302092
1088,49.2,0.1457308724279786,7.11864406779661,-6.972913195368632,0.5736608761359537,0.023997771413194705,0.17091682414302092
1089,48.6,2.3021679999999773,7.11864406779661,-4.816476067796632,0.5737699396068351,0.02412772190824421,0.17091682414302092
1090,48.5,3.8518799701836435,7.11864406779661,-3.2667640976129664,0.5738453378247211,0.02425767240329372,0.17091682414302092
1091,48.4,4.15033581496722,7.11864406779661,-2.96830825282939,0.5738965076110933,0.024387622898343224,0.17091682414302092
1092,48.4,5.706405773814962,7.11864406779661,-1.4122382939816482,0.5739430077674822,0.02451757339339273,0.17091682414302092
1093,48.8,7.969552061575995,7.11864406779661,0.8509079937793853,0.573965144845279,0.024647523888442237,0.17091682414302092
1094,49.5,9.073707754629655,6.610169491525424,2.4635382631042315,0.5739517947108244,0.024771886133340196,0.17091682414302092
1095,50.2,6.978483411675053,6.101694915254237,0.8767884964208159,0.573913118627683,0.024890307185971773,0.17091682414302092
1096,50.2,5.36454308245694,5.59322033898305,-0.22867725652610993,0.5738993622440786,0.02500239957727612,0.17091682414302092
1097,50.4,9.609291999999993,5.59322033898305,4.016071661016943,0.5739029485019949,0.02511449196858047,0.17091682414302092
1098,51.7,13.251949419048143,5.59322033898305,7.658729080065093,0.5738398591357009,0.025226584359884816,0.17091682414302092
1099,52.9,12.947426167333488,0.0,12.947426167333488,0.5737193697989336,0.025226584359884816,0.17091682414302092
1100,54.0,12.240194444444464,0.0,12.240194444444464,0.5735152399220661,0.025226584359884816,0.17091682414302092
1101,54.9,8.96936007870369,0.0,8.96936007870369,0.573322312148109,0.025226584359884816,0.17091682414302092
1102,55.0,9.345557079713455,0.0,9.345557079713455,0.5731811228918926,0.025226584359884816,0.17091682414302092
1103,56.0,9.939390794086274,0.0,9.939390794086274,0.5730339877360315,0.025226584359884816,0.17091682414302092
1104,56.2,13.9628905996037,0.0,13.9628905996037,0.5728774639055058,0.025226584359884816,0.17091682414302092
1105,58.3,16.87781746671622,0.0,16.87781746671622,0.572657217711202,0.025226584359884816,0.17091682414302092
1106,59.1,11.466185466563791,0.0,11.466185466563791,0.5723906720351989,0.025226584359884816,0.17091682414302092
1107,59.7,8.555304712448528,5.59322033898305,2.962084373465478,0.5722099832259604,0.025338676751189164,0.17091682414302092
1108,59.7,6.635937428497953,5.59322033898305,1.0427170895149027,0.5721634641173733,0.02545076914249351,0.17091682414302092
1109,59.8,7.807940624295071,5.59322033898305,2.214720285312021,0.5721471008852924,0.02556286153379786,0.17091682414302092
1110,60.1,0.0,5.59322033898305,-5.59322033898305,0.5721123292291215,0.025674953925102207,0.17091682414302092
1111,54.4,0.0,5.59322033898305,-5.59322033898305,0.5721998720842032,0.025787046316406555,0.17091682414302092
1112,54.5,6.076020830951834,5.59322033898305,0.48280049196878405,0.5722874142929943,0.025899138707710902,0.17091682414302092
1113,54.6,9.604089069958855,5.59322033898305,4.010868730975805,0.5722798395357234,0.02601123109901525,0.17091682414302092
1114,55.7,10.941436747961456,5.59322033898305,5.348216408978406,0.5722168233441944,0.026123323490319598,0.17091682414302092
1115,56.1,16.09592794084362,5.59322033898305,10.50270760186057,0.5721327500967629,0.026235415881623945,0.17091682414302092
1116,58.6,15.101769112635262,5.59322033898305,9.508548773652212,0.5719673049147712,0.026347508272928293,0.17091682414302092
1117,58.5,4.536556134259264,5.59322033898305,-1.056664204723786,0.5718175782929733,0.02645960066423264,0.17091682414302092
1118,58.2,5.240824576131666,7.627118644067796,-2.38629406793613,0.5718341470095601,0.02659481701038649,0.17091682414302092
1119,58.3,5.631675491407548,7.627118644067796,-1.9954431526602479,0.5718715447620313,0.026730033356540336,0.17091682414302092
1120,58.1,6.719222483215234,7.627118644067796,-0.9078961608525615,0.5719028219008646,0.02686524970269418,0.17091682414302092
1121,58.5,5.6650283564814705,7.627118644067796,-1.9620902875863253,0.5719170586438667,0.02700046604884803,0.17091682414302092
1122,58.0,0.0,5.59322033898305,-5.59322033898305,0.5719478132900387,0.027112558440152378,0.17091682414302092
1123,52.2,0.0,5.59322033898305,-5.59322033898305,0.5720353573596955,0.027224650831456726,0.17091682414302092
1124,49.7,0.0,5.59322033898305,-5.59322033898305,0.5721229007830347,0.027336743222761074,0.17091682414302092
1125,48.1,0.0,7.627118644067796,-7.627118644067796,0.5722104435600709,0.02747195956891492,0.17091682414302092
1126,43.5,0.0,7.627118644067796,-7.627118644067796,0.5723297232065593,0.027607175915068765,0.17091682414302092
1127,37.5,0.0,7.627118644067796,-7.627118644067796,0.5724490016551561,0.02774239226122261,0.17091682414302092
1128,33.8,0.0,7.627118644067796,-7.627118644067796,0.5725682789058975,0.02787760860737646,0.17091682414302092
1129,29.2,0.0,7.627118644067796,-7.627118644067796,0.5726875549588193,0.028012824953530305,0.17091682414302092
1130,26.3,0.4565049808146623,7.627118644067796,-7.170613663253134,0.5728068298139576,0.02814804129968415,0.17091682414302092
1131,28.3,9.621463368636642,7.627118644067796,1.9943447245688457,0.5729189848262468,0.028283257645838,0.17091682414302092
1132,30.4,8.028226720317024,5.59322033898305,2.4350063813339737,0.572887677928534,0.028395350037142348,0.17091682414302092
1133,31.2,5.6472601316872435,5.59322033898305,0.054039792704193346,0.5728494467626226,0.028507442428446696,0.17091682414302092
1134,32.0,9.100857186404514,5.084745762711864,4.01611142369265,0.5728485991063765,0.028612779507098382,0.17091682414302092
1135,34.4,11.166876538942219,5.084745762711864,6.082130776230355,0.5727855034620706,0.02871811658575007,0.17091682414302092
1136,35.8,9.585713930193563,4.576271186440678,5.009442743752885,0.5726898696404842,0.02881767410787396,0.17091682414302092
1137,37.3,5.712220061023485,3.559322033898305,2.1528980271251803,0.5726111357370809,0.028904307771240298,0.17091682414302092
1138,36.9,0.0,3.0508474576271185,-3.0508474576271185,0.5725773368716132,0.028983255139661348,0.17091682414302092
1139,34.8,0.0,3.0508474576271185,-3.0508474576271185,0.5726251338101954,0.0290622025080824,0.17091682414302092
1140,33.4,0.0,3.0508474576271185,-3.0508474576271185,0.5726729305557385,0.02914114987650345,0.17091682414302092
1141,32.0,0.0,3.0508474576271185,-3.0508474576271185,0.572720727108245,0.0292200972449245,0.17091682414302092
1142,28.6,0.0,3.0508474576271185,-3.0508474576271185,0.572768523467717,0.029299044613345555,0.17091682414302092
1143,25.1,0.0,3.0508474576271185,-3.0508474576271185,0.5728163196341569,0.029377991981766605,0.17091682414302092
1144,22.5,0.0,3.0508474576271185,-3.0508474576271185,0.5728641156075671,0.029456939350187658,0.17091682414302092
1145,21.4,0.0,3.0508474576271185,-3.0508474576271185,0.57291191138795,0.029535886718608708,0.17091682414302092
1146,19.5,0.0,3.0508474576271185,-3.0508474576271185,0.5729597069753077,0.029614834087029758,0.17091682414302092
1147,16.7,0.0,3.559322033898305,-3.559322033898305,0.5730075023696428,0.029701467750396095,0.17091682414302092
1148,13.5,0.0,4.576271186440678,-4.576271186440678,0.5730632521829537,0.02980102527251999,0.17091682414302092
1149,13.0,3.165130467916476,5.084745762711864,-1.9196152947953884,0.5731349012710936,0.029906362351171677,0.17091682414302092
1150,16.2,8.959783999999999,5.084745762711864,3.875038237288135,0.5731649875552765,0.030011699429823364,0.17091682414302092
1151,20.5,13.612088951284102,5.084745762711864,8.527343188572239,0.5731041133353992,0.03011703650847505,0.17091682414302092
1152,25.4,15.944435880506024,4.576271186440678,11.368164694065346,0.5729699033904034,0.030216594030598943,0.17091682414302092
1153,29.1,15.707710518004117,3.559322033898305,12.148388484105812,0.5727907751980753,0.03030322769396528,0.17091682414302092
1154,32.6,13.476860769394898,3.0508474576271185,10.426013311767779,0.5725992896978906,0.03038217506238633,0.17091682414302092
1155,34.3,9.588142007182602,3.0508474576271185,6.537294549555484,0.5724350642813973,0.030461122430807383,0.17091682414302092
1156,35.7,13.917813889403298,2.542372881355932,11.375441008047366,0.5723322517250765,0.030531347149908506,0.17091682414302092
1157,39.1,21.127970152587235,2.0338983050847457,19.09407184750249,0.572152998582496,0.030591588113763925,0.17091682414302092
1158,42.8,24.08609528516994,2.0338983050847457,22.052196980085192,0.5718511668881163,0.030651829077619347,0.17091682414302092
1159,46.5,23.6351060313786,2.0338983050847457,21.601207726293858,0.5715021435096994,0.03071207004147477,0.17091682414302092
1160,49.3,21.3900826879096,2.0338983050847457,19.356184382824857,0.5711603108314801,0.030772311005330188,0.17091682414302092
1161,51.8,14.282315737844849,2.0338983050847457,12.248417432760103,0.5708542768982341,0.03083255196918561,0.17091682414302092
1162,52.1,7.681605408455276,2.0338983050847457,5.64770710337053,0.5706611749213921,0.03089279293304103,0.17091682414302092
1163,52.6,12.180464229233355,0.0,12.180464229233355,0.5705723712956143,0.03089279293304103,0.17091682414302092
1164,54.2,12.646081131534833,0.0,12.646081131534833,0.5703803412812635,0.03089279293304103,0.17091682414302092
1165,54.7,18.772623049020726,0.0,18.772623049020726,0.5701809297717904,0.03089279293304103,0.17091682414302092
1166,58.0,24.60197717573539,0.0,24.60197717573539,0.5698841679884364,0.03089279293304103,0.17091682414302092
1167,59.7,12.394039280349817,0.0,12.394039280349817,0.5694943151997586,0.03089279293304103,0.17091682414302092
1168,59.6,5.4678290409998755,0.0,5.4678290409998755,0.5692988831701234,0.03089279293304103,0.17091682414302092
1169,59.5,3.5384405030673416,0.0,3.5384405030673416,0.56921290415866,0.03089279293304103,0.17091682414302092
1170,58.9,0.0,0.0,0.0,0.5691573064870262,0.03089279293304103,0.17091682414302092
1171,57.8,1.4607007035513024,0.0,1.4607007035513024,0.5691573064870262,0.03089279293304103,0.17091682414302092
1172,57.7,1.0803165349604005,0.0,1.0803165349604005,0.5691343742174534,0.03089279293304103,0.17091682414302092
1173,56.5,0.6150411117779025,0.0,0.6150411117779025,0.5691174163325854,0.03089279293304103,0.17091682414302092
1174,56.3,3.1339002311575714,0.0,3.1339002311575714,0.5691077637225926,0.03089279293304103,0.17091682414302092
1175,55.8,3.0739508148148342,0.0,3.0739508148148342,0.5690585299174713,0.03089279293304103,0.17091682414302092
1176,55.6,0.905150415790303,0.0,0.905150415790303,0.5690102388791114,0.03089279293304103,0.17091682414302092
1177,54.5,0.0,0.0,0.0,0.5689960314463515,0.03089279293304103,0.17091682414302092
1178,54.0,0.7818611111111162,0.0,0.7818611111111162,0.5689960314463515,0.03089279293304103,0.17091682414302092
1179,53.2,2.775895441853352,0.0,2.775895441853352,0.5689837597779098,0.03089279293304103,0.17091682414302092
1180,53.3,5.5287119921315,0.0,5.5287119921315,0.5689401560437376,0.03089279293304103,0.17091682414302092
1181,53.3,4.500548411884644,0.0,4.500548411884644,0.5688532148977047,0.03089279293304103,0.17091682414302092
1182,53.1,2.0820108472222447,0.0,2.0820108472222447,0.5687824706919193,0.03089279293304103,0.17091682414302092
1183,52.4,2.0148259628105474,0.0,2.0148259628105474,0.5687497750064114,0.03089279293304103,0.17091682414302092
1184,52.2,0.9889773333333473,0.0,0.9889773333333473,0.5687181351475992,0.03089279293304103,0.17091682414302092
1185,51.2,0.0,0.0,0.0,0.5687026110456725,0.03089279293304103,0.17091682414302092
1186,48.8,0.0,0.0,0.0,0.5687026110456725,0.03089279293304103,0.17091682414302092
1187,46.2,0.0,0.0,0.0,0.5687026110456725,0.03089279293304103,0.17091682414302092
1188,44.7,0.0,0.0,0.0,0.5687026110456725,0.03089279293304103,0.17091682414302092
1189,43.2,0.0,0.0,0.0,0.5687026110456725,0.03089279293304103,0.17091682414302092
1190,40.5,0.0,0.0,0.0,0.5687026110456725,0.03089279293304103,0.17091682414302092
1191,37.9,0.0,0.0,0.0,0.5687026110456725,0.03089279293304103,0.17091682414302092
1192,35.4,0.0,0.0,0.0,0.5687026110456725,0.03089279293304103,0.17091682414302092
1193,34.0,0.0,2.0338983050847457,-2.0338983050847457,0.5687026110456725,0.03095303389689645,0.17091682414302092
1194,33.4,0.0,2.0338983050847457,-2.0338983050847457,0.5687344989998833,0.03101327486075187,0.17091682414302092
1195,31.6,0.0,2.0338983050847457,-2.0338983050847457,0.5687663868680756,0.03107351582460729,0.17091682414302092
1196,31.5,4.897460069444436,2.0338983050847457,2.86356176435969,0.56879827465025,0.03113375678846271,0.17091682414302092
1197,32.8,5.971353957628411,2.0338983050847457,3.9374556525436653,0.5687532915678233,0.031193997752318132,0.17091682414302092
1198,33.1,5.819855546963111,2.0338983050847457,3.785957241878365,0.5686914120715101,0.031254238716173555,0.17091682414302092
1199,34.3,7.1620874804336205,2.0338983050847457,5.128189175348875,0.5686319167632389,0.03131447968002898,0.17091682414302092
1200,35.1,3.5123394583333383,2.0338983050847457,1.4784411532485926,0.5685512848435648,0.03137472064388439,0.17091682414302092
1201,34.6,0.0,2.0338983050847457,-2.0338983050847457,0.568528072700022,0.031434961607739814,0.17091682414302092
1202,30.7,0.0,2.0338983050847457,-2.0338983050847457,0.5685599611250621,0.031495202571595236,0.17091682414302092
1203,25.9,0.0,2.0338983050847457,-2.0338983050847457,0.5685918494640799,0.03155544353545066,0.17091682414302092
1204,21.3,0.0,2.0338983050847457,-2.0338983050847457,0.5686237377170761,0.03161568449930608,0.17091682414302092
1205,17.4,0.0,2.0338983050847457,-2.0338983050847457,0.5686556258840514,0.031675925463161496,0.17091682414302092
1206,14.0,0.0,2.0338983050847457,-2.0338983050847457,0.5686875139650065,0.03173616642701692,0.17091682414302092
1207,12.7,0.0,2.0338983050847457,-2.0338983050847457,0.5687194019599421,0.03179640739087234,0.17091682414302092
1208,11.6,0.0,2.0338983050847457,-2.0338983050847457,0.5687512898688589,0.03185664835472776,0.17091682414302092
1209,10.4,0.0,2.0338983050847457,-2.0338983050847457,0.5687831776917577,0.03191688931858318,0.17091682414302092
1210,9.5,0.0,2.0338983050847457,-2.0338983050847457,0.568815065428639,0.0319771302824386,0.17091682414302092
1211,9.2,0.2206517076665148,2.0338983050847457,-1.8132465974182308,0.5688469530795036,0.03203737124629402,0.17091682414302092
1212,8.8,0.49332932114007055,2.542372881355932,-2.0490435602158614,0.5688753837514519,0.03210759596539515,0.17091682414302092
1213,9.0,0.6784814814814811,2.542372881355932,-1.863891399874451,0.5689075084935677,0.032177820684496275,0.17091682414302092
1214,8.9,0.6707792026939489,3.0508474576271185,-2.3800682549331698,0.5689367325083765,0.03225676805291733,0.17091682414302092
1215,9.1,0.5691625565653103,3.559322033898305,-2.9901594773329947,0.5689740419226137,0.032343401716283665,0.17091682414302092
1216,8.8,0.549913683279988,3.559322033898305,-3.009408350618317,0.5690209034741269,0.03243003537965,0.17091682414302092
1217,9.0,0.6784814814814811,4.067796610169491,-3.3893151286880103,0.5690680661449199,0.03252349332357523,0.17091682414302092
1218,8.9,0.49909710392851736,4.067796610169491,-3.568699506240974,0.5691211743881402,0.032616951267500464,0.17091682414302092
1219,8.8,0.6064980454199055,4.067796610169491,-3.461298564749586,0.5691770892266809,0.03271040921142569,0.17091682414302092
1220,8.9,0.8424613014593803,4.067796610169491,-3.225335308710111,0.5692313233506694,0.03280386715535092,0.17091682414302092
1221,9.2,0.7530591150739211,4.067796610169491,-3.3147374950955704,0.5692818647375834,0.032897325099276155,0.17091682414302092
1222,9.1,0.0,4.067796610169491,-4.067796610169491,0.5693338050007624,0.03299078304320138,0.17091682414302092
1223,7.8,0.3356308971193414,4.067796610169491,-3.7321657130501498,0.5693975259843849,0.03308424098712661,0.17091682414302092
1224,8.7,1.382628688786008,4.067796610169491,-2.685167921383483,0.5694559968716347,0.033177698931051845,0.17091682414302092
1225,9.2,0.9896846294772144,4.067796610169491,-3.078111980692277,0.569498082005693,0.03327115687497707,0.17091682414302092
1226,9.3,0.8212206013374489,4.067796610169491,-3.2465760088320423,0.5695463181195818,0.0333646148189023,0.17091682414302092
1227,9.5,0.47273572292714483,4.067796610169491,-3.5950608872423464,0.5695971905672695,0.033458072762827536,0.17091682414302092
1228,9.0,0.4469999999999996,4.067796610169491,-3.6207966101694917,0.569653515584395,0.033551530706752763,0.17091682414302092
1229,9.2,0.9305282508763906,4.067796610169491,-3.1372683592931008,0.5697102429620267,0.03364498865067799,0.17091682414302092
1230,9.5,0.7170772867131542,4.067796610169491,-3.350719323456337,0.5697594040596947,0.033738446594603226,0.17091682414302092
1231,9.3,0.4026249223251028,4.067796610169491,-3.6651716878443885,0.5698119052709493,0.033831904538528454,0.17091682414302092
1232,9.1,0.3936224331085199,4.576271186440678,-4.182648753332158,0.5698693260972342,0.033931462060652354,0.17091682414302092
1233,8.9,0.7280065689490935,5.084745762711864,-4.35673919376277,0.5699348402610223,0.03403679913930404,0.17091682414302092
1234,9.3,0.9408193667695471,5.084745762711864,-4.143926395942317,0.5700030761683017,0.034142136217955726,0.17091682414302092
1235,9.4,0.6489042786160646,5.084745762711864,-4.4358414840958,0.5700679840756523,0.03424747329660741,0.17091682414302092
1236,9.3,0.8212206013374479,5.084745762711864,-4.2635251613744165,0.5701374559340514,0.0343528103752591,0.17091682414302092
1237,9.7,1.1691559451112625,5.084745762711864,-3.9155898176006017,0.5702042332361011,0.034458147453910785,0.17091682414302092
1238,10.1,1.0883031690862681,5.084745762711864,-3.996442593625596,0.5702655691359207,0.03456348453256247,0.17091682414302092
1239,10.3,2.3024149015584516,5.084745762711864,-2.7823308611534125,0.5703281692239601,0.03466882161121416,0.17091682414302092
1240,12.5,5.131521431089011,5.084745762711864,0.04677566837714675,0.5703717723116022,0.034774158689865844,0.17091682414302092
1241,15.6,5.916550263374485,4.576271186440678,1.3402790769338067,0.5703710384469131,0.03487371621198974,0.17091682414302092
1242,17.3,4.235204769909313,4.067796610169491,0.16740815973982137,0.57034999991467,0.034967174155914965,0.17091682414302092
1243,18.3,6.369420400720165,3.559322033898305,2.8100983668218604,0.5703473733124561,0.0350538078192813,0.17091682414302092
1244,21.6,10.18609911111111,3.559322033898305,6.626777077212806,0.5703032368258609,0.03514044148264764,0.17091682414302092
1245,24.5,9.539344304888733,3.559322033898305,5.980022270990428,0.5701989942999092,0.035227075146013975,0.17091682414302092
1246,26.5,6.597109441681907,3.0508474576271185,3.546261984054788,0.570104949157532,0.03530602251443503,0.17091682414302092
1247,27.2,3.8086212138393525,3.0508474576271185,0.757773756212234,0.5700492326395474,0.03538496988285608,0.17091682414302092
1248,27.5,2.4406531611987488,2.542372881355932,-0.10171972015718334,0.5700373402094279,0.03545519460195721,0.17091682414302092
1249,27.4,0.4922189288218313,2.542372881355932,-2.050153952534101,0.5700389360435103,0.035525419321058335,0.17091682414302092
1250,26.6,0.0,2.542372881355932,-2.542372881355932,0.5700710750167309,0.03559564404015946,0.17091682414302092
1251,22.9,0.0,2.542372881355932,-2.542372881355932,0.5701109222874908,0.03566586875926059,0.17091682414302092
1252,18.7,0.0,2.542372881355932,-2.542372881355932,0.5701507694240021,0.035736093478361715,0.17091682414302092
1253,15.6,0.0,2.0338983050847457,-2.0338983050847457,0.5701906164262662,0.03579633444221714,0.17091682414302092
1254,15.1,3.6855709893499466,2.0338983050847457,1.651672684265201,0.570222500367043,0.03585657540607256,0.17091682414302092
1255,18.3,8.487475956275718,2.0338983050847457,6.453577651190972,0.5701965702975993,0.03591681636992798,0.17091682414302092
1256,21.2,8.903205589696693,2.0338983050847457,6.869307284611947,0.5700950584295367,0.0359770573337834,0.17091682414302092
1257,23.7,7.542159218621403,0.0,7.542159218621403,0.5699869883296297,0.0359770573337834,0.17091682414302092
1258,25.0,8.454370522786164,0.0,8.454370522786164,0.5698682995009924,0.0359770573337834,0.17091682414302092
1259,27.8,12.661057768023156,0.0,12.661057768023156,0.5697352052402633,0.0359770573337834,0.17091682414302092
1260,30.9,14.130643700102887,0.0,14.130643700102887,0.5695355453346136,0.0359770573337834,0.17091682414302092
1261,33.7,14.173532433451465,0.0,14.173532433451465,0.569312574059211,0.0359770573337834,0.17091682414302092
1262,36.2,10.634592901082131,0.0,10.634592901082131,0.5690889178657617,0.0359770573337834,0.17091682414302092
1263,37.0,6.371542676421279,0.0,6.371542676421279,0.5689213426468909,0.0359770573337834,0.17091682414302092
1264,37.6,7.7009952306050975,0.0,7.7009952306050975,0.5688211135717544,0.0359770573337834,0.17091682414302092
1265,38.9,9.00749420612329,0.0,9.00749420612329,0.5686999053922512,0.0359770573337834,0.17091682414302092
1266,39.9,5.679515351337448,0.0,5.679515351337448,0.5685580577397571,0.0359770573337834,0.17091682414302092
1267,39.8,0.0,0.0,0.0,0.5684687368390506,0.0359770573337834,0.17091682414302092
1268,38.5,0.0,0.0,0.0,0.5684687368390506,0.0359770573337834,0.17091682414302092
1269,35.4,0.0,0.0,0.0,0.5684687368390506,0.0359770573337834,0.17091682414302092
1270,33.5,0.0,0.0,0.0,0.5684687368390506,0.0359770573337834,0.17091682414302092
1271,31.8,0.0,0.0,0.0,0.5684687368390506,0.0359770573337834,0.17091682414302092
1272,28.8,0.0,0.0,0.0,0.5684687368390506,0.0359770573337834,0.17091682414302092
1273,28.4,0.0,0.0,0.0,0.5684687368390506,0.0359770573337834,0.17091682414302092
1274,26.0,0.0,0.0,0.0,0.5684687368390506,0.0359770573337834,0.17091682414302092
1275,23.3,0.0,0.0,0.0,0.5684687368390506,0.0359770573337834,0.17091682414302092
1276,19.9,0.0,0.0,0.0,0.5684687368390506,0.0359770573337834,0.17091682414302092
1277,17.6,0.0,0.0,0.0,0.5684687368390506,0.0359770573337834,0.17091682414302092
1278,16.0,0.0,0.0,0.0,0.5684687368390506,0.0359770573337834,0.17091682414302092
1279,15.0,2.117489711934156,0.0,2.117489711934156,0.5684687368390506,0.0359770573337834,0.17091682414302092
1280,17.1,5.504479180555552,0.0,5.504479180555552,0.5684354826398506,0.0359770573337834,0.17091682414302092
1281,18.9,5.974946930555554,0.0,5.974946930555554,0.5683489196885089,0.0359770573337834,0.17091682414302092
1282,20.9,7.0274639694977905,0.0,7.0274639694977905,0.5682549397542555,0.0359770573337834,0.17091682414302092
1283,23.0,6.2764374333180895,0.0,6.2764374333180895,0.5681443571155146,0.0359770573337834,0.17091682414302092
1284,24.0,3.3201687242798346,0.0,3.3201687242798346,0.5680456213568267,0.0359770573337834,0.17091682414302092
1285,24.0,0.3880699588477415,0.0,0.3880699588477415,0.5679934526624548,0.0359770573337834,0.17091682414302092
1286,23.1,0.9575976270576158,0.0,0.9575976270576158,0.5679873621662979,0.0359770573337834,0.17091682414302092
1287,23.5,0.0,0.0,0.0,0.5679723298924317,0.0359770573337834,0.17091682414302092
1288,20.6,0.0,0.0,0.0,0.5679723298924317,0.0359770573337834,0.17091682414302092
1289,17.0,0.0,0.0,0.0,0.5679723298924317,0.0359770573337834,0.17091682414302092
1290,11.9,0.0,0.0,0.0,0.5679723298924317,0.0359770573337834,0.17091682414302092
1291,6.9,0.0,0.0,0.0,0.5679723298924317,0.0359770573337834,0.17091682414302092
1292,3.8,0.0,0.0,0.0,0.5679723298924317,0.0359770573337834,0.17091682414302092
1293,0.0,0.0,0.0,0.0,0.5679723298924317,0.0359770573337834,0.17091682414302092
1294,0.0,0.0,0.0,0.0,0.5679723298924317,0.0359770573337834,0.17091682414302092
1295,0.0,0.0,0.0,0.0,0.5679723298924317,0.0359770573337834,0.17091682414302092
1296,0.0,0.0,0.0,0.0,0.5679723298924317,0.0359770573337834,0.17091682414302092
1297,0.0,0.0,0.0,0.0,0.5679723298924317,0.0359770573337834,0.17091682414302092
1298,0.0,0.0,0.0,0.0,0.5679723298924317,0.0359770573337834,0.17091682414302092
1299,0.0,0.0,0.0,0.0,0.5679723298924317,0.0359770573337834,0.17091682414302092
1300,0.0,0.0,0.0,0.0,0.5679723298924317,0.0359770573337834,0.17091682414302092
1301,0.0,0.0,0.0,0.0,0.5679723298924317,0.0359770573337834,0.17091682414302092
1302,0.0,0.0,0.0,0.0,0.5679723298924317,0.0359770573337834,0.17091682414302092
1303,0.0,0.0,0.0,0.0,0.5679723298924317,0.0359770573337834,0.17091682414302092
1304,0.0,0.0,0.0,0.0,0.5679723298924317,0.0359770573337834,0.17091682414302092
1305,0.0,0.0,0.0,0.0,0.5679723298924317,0.0359770573337834,0.17091682414302092
1306,0.0,0.0,0.0,0.0,0.5679723298924317,0.0359770573337834,0.17091682414302092
1307,0.0,0.0,0.0,0.0,0.5679723298924317,0.0359770573337834,0.17091682414302092
1308,0.0,0.0,0.0,0.0,0.5679723298924317,0.0359770573337834,0.17091682414302092
1309,0.0,0.0,0.0,0.0,0.5679723298924317,0.0359770573337834,0.17091682414302092
1310,0.0,0.0,0.0,0.0,0.5679723298924317,0.0359770573337834,0.17091682414302092
1311,0.0,0.0,0.0,0.0,0.5679723298924317,0.0359770573337834,0.17091682414302092
1312,0.0,0.0,0.0,0.0,0.5679723298924317,0.0359770573337834,0.17091682414302092
1313,0.0,0.0,0.0,0.0,0.5679723298924317,0.0359770573337834,0.17091682414302092
1314,0.0,0.0,0.0,0.0,0.5679723298924317,0.0359770573337834,0.17091682414302092
1315,0.0,0.0,0.0,0.0,0.5679723298924317,0.0359770573337834,0.17091682414302092
1316,0.0,0.0,0.0,0.0,0.5679723298924317,0.0359770573337834,0.17091682414302092
1317,0.0,0.0,0.0,0.0,0.5679723298924317,0.0359770573337834,0.17091682414302092
1318,0.0,0.0,0.0,0.0,0.5679723298924317,0.0359770573337834,0.17091682414302092
1319,0.0,0.0,0.0,0.0,0.5679723298924317,0.0359770573337834,0.17091682414302092
1320,0.0,0.0,0.0,0.0,0.5679723298924317,0.0359770573337834,0.17091682414302092
1321,0.0,0.0,0.0,0.0,0.5679723298924317,0.0359770573337834,0.17091682414302092
1322,0.0,0.0,0.0,0.0,0.5679723298924317,0.0359770573337834,0.17091682414302092
1323,0.0,0.0,0.0,0.0,0.5679723298924317,0.0359770573337834,0.17091682414302092
1324,0.0,0.0,0.0,0.0,0.5679723298924317,0.0359770573337834,0.17091682414302092
1325,0.0,0.0,0.0,0.0,0.5679723298924317,0.0359770573337834,0.17091682414302092
1326,0.0,0.0,0.0,0.0,0.5679723298924317,0.0359770573337834,0.17091682414302092
1327,0.0,0.0,0.0,0.0,0.5679723298924317,0.0359770573337834,0.17091682414302092
1328,0.0,0.0,0.0,0.0,0.5679723298924317,0.0359770573337834,0.17091682414302092
1329,0.0,0.0,0.0,0.0,0.5679723298924317,0.0359770573337834,0.17091682414302092
1330,0.0,0.0,0.0,0.0,0.5679723298924317,0.0359770573337834,0.17091682414302092
1331,0.0,0.0,0.0,0.0,0.5679723298924317,0.0359770573337834,0.17091682414302092
1332,0.0,0.0,0.0,0.0,0.5679723298924317,0.0359770573337834,0.17091682414302092
1333,0.0,0.0,0.0,0.0,0.5679723298924317,0.0359770573337834,0.17091682414302092
1334,0.0,0.0,0.0,0.0,0.5679723298924317,0.0359770573337834,0.17091682414302092
1335,0.0,0.0,0.0,0.0,0.5679723298924317,0.0359770573337834,0.17091682414302092
1336,0.0,0.0,0.0,0.0,0.5679723298924317,0.0359770573337834,0.17091682414302092
1337,0.0,0.0,0.0,0.0,0.5679723298924317,0.0359770573337834,0.17091682414302092
1338,0.0,0.0,0.0,0.0,0.5679723298924317,0.0359770573337834,0.17091682414302092
1339,0.0,0.0,0.0,0.0,0.5679723298924317,0.0359770573337834,0.17091682414302092
1340,0.0,0.0,0.0,0.0,0.5679723298924317,0.0359770573337834,0.17091682414302092
1341,0.0,0.0,0.0,0.0,0.5679723298924317,0.0359770573337834,0.17091682414302092
1342,0.0,0.0,0.0,0.0,0.5679723298924317,0.0359770573337834,0.17091682414302092
1343,0.0,0.0,0.0,0.0,0.5679723298924317,0.0359770573337834,0.17091682414302092
1344,0.0,0.0,0.0,0.0,0.5679723298924317,0.0359770573337834,0.17091682414302092
1345,0.0,0.0,0.0,0.0,0.5679723298924317,0.0359770573337834,0.17091682414302092
1346,0.0,0.0,0.0,0.0,0.5679723298924317,0.0359770573337834,0.17091682414302092
1347,0.0,0.0,0.0,0.0,0.5679723298924317,0.0359770573337834,0.17091682414302092
1348,0.0,0.0,0.0,0.0,0.5679723298924317,0.0359770573337834,0.17091682414302092
1349,0.0,0.0,2.0338983050847457,-2.0338983050847457,0.5679723298924317,0.03603729829763882,0.17091682414302092
1350,0.0,0.0,2.0338983050847457,-2.0338983050847457,0.5680042198167192,0.03609753926149424,0.17091682414302092
1351,0.0,0.0,2.0338983050847457,-2.0338983050847457,0.5680361096549723,0.03615778022534966,0.17091682414302092
1352,0.0,0.0,2.0338983050847457,-2.0338983050847457,0.5680679994071917,0.036218021189205085,0.17091682414302092
1353,0.0,0.0,2.542372881355932,-2.542372881355932,0.568099889073378,0.03628824590830621,0.17091682414302092
1354,0.0,0.0,2.542372881355932,-2.542372881355932,0.568139742986345,0.03635847062740734,0.17091682414302092
1355,0.0,0.0,2.542372881355932,-2.542372881355932,0.5681795967649962,0.036428695346508465,0.17091682414302092
1356,0.0,0.0,2.542372881355932,-2.542372881355932,0.5682194504093331,0.03649892006560959,0.17091682414302092
1357,0.0,0.0,3.0508474576271185,-3.0508474576271185,0.5682593039193571,0.036577867434030645,0.17091682414302092
1358,0.0,0.0,3.0508474576271185,-3.0508474576271185,0.56830711830375,0.0366568148024517,0.17091682414302092
1359,0.0,0.0,2.542372881355932,-2.542372881355932,0.5683549324948926,0.036727039521552825,0.17091682414302092
1360,0.0,0.0,2.542372881355932,-2.542372881355932,0.5683947855483277,0.03679726424065395,0.17091682414302092
1361,0.0,0.0,2.542372881355932,-2.542372881355932,0.5684346384674559,0.03686748895975508,0.17091682414302092
1362,0.0,0.0,3.0508474576271185,-3.0508474576271185,0.5684744912522784,0.03694643632817613,0.17091682414302092
1363,0.0,0.0,2.542372881355932,-2.542372881355932,0.5685223047669656,0.03701666104727726,0.17091682414302092
1364,0.0,0.0,2.542372881355932,-2.542372881355932,0.5685621572563532,0.037086885766378384,0.17091682414302092
1365,0.0,0.0,2.542372881355932,-2.542372881355932,0.5686020096114395,0.03715711048547951,0.17091682414302092
1366,0.0,0.0,2.542372881355932,-2.542372881355932,0.5686418618322259,0.03722733520458064,0.17091682414302092
1367,0.0,0.0,2.542372881355932,-2.542372881355932,0.5686817139187137,0.037297559923681764,0.17091682414302092
1368,0.0,0.0,2.542372881355932,-2.542372881355932,0.5687215658709043,0.03736778464278289,0.17091682414302092
1369,0.0,0.0,2.542372881355932,-2.542372881355932,0.5687614176887991,0.037438009361884024,0.17091682414302092
1370,0.0,0.0,2.542372881355932,-2.542372881355932,0.5688012693723993,0.03750823408098515,0.17091682414302092
1371,0.0,0.0,3.0508474576271185,-3.0508474576271185,0.5688411209217064,0.037587181449406204,0.17091682414302092
1372,0.0,0.0,3.0508474576271185,-3.0508474576271185,0.5688889329546881,0.03766612881782726,0.17091682414302092
1373,0.0,0.0,3.0508474576271185,-3.0508474576271185,0.568936744794448,0.03774507618624831,0.17091682414302092
1374,0.0,0.0,3.0508474576271185,-3.0508474576271185,0.5689845564409883,0.037824023554669364,0.17091682414302092
1375,0.0,0.0,3.0508474576271185,-3.0508474576271185,0.5690323678943114,0.037902970923090425,0.17091682414302092
1376,0.0,0.0,3.0508474576271185,-3.0508474576271185,0.5690801791544198,0.03798191829151148,0.17091682414302092
1377,0.0,0.0,3.0508474576271185,-3.0508474576271185,0.5691279902213155,0.03806086565993253,0.17091682414302092
1378,0.0,0.0,3.0508474576271185,-3.0508474576271185,0.5691758010950011,0.038139813028353585,0.17091682414302092
1379,0.0,0.0,3.0508474576271185,-3.0508474576271185,0.5692236117754789,0.03821876039677464,0.17091682414302092
1380,0.0,0.0,3.0508474576271185,-3.0508474576271185,0.5692714222627512,0.0382977077651957,0.17091682414302092
1381,0.0,0.0,3.0508474576271185,-3.0508474576271185,0.5693192325568203,0.03837665513361675,0.17091682414302092
1382,0.0,0.0,3.0508474576271185,-3.0508474576271185,0.5693670426576886,0.038455602502037806,0.17091682414302092
1383,0.0,0.0,3.0508474576271185,-3.0508474576271185,0.5694148525653584,0.03853454987045886,0.17091682414302092
1384,2.9,1.2793458727899707,3.0508474576271185,-1.7715015848371478,0.5694626622798321,0.03861349723887991,0.17091682414302092
1385,5.8,2.7093714061880805,3.0508474576271185,-0.34147605143903803,0.5694904374283226,0.03869244460730097,0.17091682414302092
1386,9.1,4.196991774672305,3.0508474576271185,1.1461443170451862,0.5694957944257517,0.038771391975722026,0.17091682414302092
1387,11.9,4.806901886164457,3.0508474576271185,1.7560544285373387,0.569477803311133,0.03885033934414308,0.17091682414302092
1388,14.3,4.6821997613359265,3.0508474576271185,1.631352303708808,0.5694502316318079,0.03892928671256413,0.17091682414302092
1389,15.9,3.1692187258230446,2.542372881355932,0.6268458444671126,0.5694246191076758,0.03899951143166526,0.17091682414302092
1390,16.3,2.6222453919562545,2.542372881355932,0.07987251060032241,0.5694147814410759,0.039069736150766386,0.17091682414302092
1391,17.3,3.0115679386335894,3.0508474576271185,-0.039279518993529106,0.569413528201008,0.03914868351918745,0.17091682414302092
1392,17.9,2.8897020884964153,3.0508474576271185,-0.1611453691307032,0.5694141444872964,0.0392276308876085,0.17091682414302092
1393,18.7,2.9042316704199074,3.0508474576271185,-0.14661578720721113,0.5694166726967262,0.03930657825602955,0.17091682414302092
1394,19.2,2.4917940411522674,3.0508474576271185,-0.5590534164748511,0.569418972964403,0.03938552562445061,0.17091682414302092
1395,19.6,3.429031814967231,3.0508474576271185,0.3781843573401127,0.569427742557803,0.03946447299287166,0.17091682414302092
1396,20.8,4.98677620728547,3.0508474576271185,1.935928749658352,0.5694218079543951,0.03954342036129272,0.17091682414302092
1397,22.2,2.9094509958847734,3.0508474576271185,-0.1413964617423451,0.5693914097520324,0.039622367729713774,0.17091682414302092
1398,21.7,0.18792556788218298,3.559322033898305,-3.371396466016122,0.5693936281426283,0.03970900139308011,0.17091682414302092
1399,21.2,1.4057776061575982,3.559322033898305,-2.153544427740707,0.5694464545354266,0.03979563505644644,0.17091682414302092
1400,21.6,4.213876888888892,4.067796610169491,0.14608027871940088,0.569480214599432,0.039889093000371675,0.17091682414302092
1401,23.1,6.304819849279834,4.067796610169491,2.237023239110343,0.5694779224781931,0.0399825509442969,0.17091682414302092
1402,24.7,6.602094053821824,4.067796610169491,2.5342974436523322,0.5694427923900522,0.04007600888822213,0.17091682414302092
1403,26.1,5.820594967592595,4.067796610169491,1.7527983574231039,0.569402989073645,0.040169466832147366,0.17091682414302092
1404,27.0,4.819277777777772,4.067796610169491,0.7514811676082811,0.5693754683787711,0.040262924776072594,0.17091682414302092
1405,27.7,4.064552971860232,4.067796610169491,-0.0032436383092591115,0.569363674059915,0.04035638271999782,0.17091682414302092
1406,28.1,3.226266739045117,4.576271186440678,-1.3500044473955612,0.5693637249527731,0.04045594024212172,0.17091682414302092
1407,28.3,2.5246269488835527,4.576271186440678,-2.0516442375571255,0.5693848952300551,0.040555497764245614,0.17091682414302092
1408,28.3,2.5246269488835527,4.576271186440678,-2.0516442375571255,0.5694170593258165,0.04065505528636951,0.17091682414302092
1409,28.5,2.3625373585390936,5.084745762711864,-2.7222084041727705,0.5694492233340696,0.0407603923650212,0.17091682414302092
1410,28.4,1.9873619847584214,5.084745762711864,-3.0973837779534428,0.5694918884066907,0.04086572944367289,0.17091682414302092
1411,28.4,2.3525883222069797,5.084745762711864,-2.7321574405048845,0.5695404261765227,0.04097106652232457,0.17091682414302092
1412,28.5,1.9960250128600825,5.084745762711864,-3.088720749851782,0.5695832466805122,0.04107640360097626,0.17091682414302092
1413,28.3,0.3409849735749129,5.59322033898305,-5.252235365408137,0.5696316484886301,0.04118849599228061,0.17091682414302092
1414,27.5,0.0,5.59322033898305,-5.59322033898305,0.5697138826934205,0.04130058838358496,0.17091682414302092
1415,26.8,0.0,5.59322033898305,-5.59322033898305,0.5698014432588875,0.04141268077488931,0.17091682414302092
1416,25.8,0.0,5.59322033898305,-5.59322033898305,0.5698890031776721,0.041524773166193664,0.17091682414302092
1417,24.7,0.0,5.59322033898305,-5.59322033898305,0.5699765624497888,0.041636865557498015,0.17091682414302092
1418,23.8,0.0,5.59322033898305,-5.59322033898305,0.5700641210752517,0.041748957948802366,0.17091682414302092
1419,23.4,0.9733860740740765,5.59322033898305,-4.619834264908974,0.5701516790540753,0.04186105034010672,0.17091682414302092
1420,23.3,2.7659484290314036,5.59322033898305,-2.8272719099516466,0.570224026721521,0.04197314273141107,0.17091682414302092
1421,24.1,4.419941097374639,5.59322033898305,-1.1732792416084115,0.5702683336981219,0.04208523512271542,0.17091682414302092
1422,25.0,4.435594802621547,5.59322033898305,-1.1576255363615031,0.5702867325211888,0.04219732751401977,0.17091682414302092
1423,25.7,3.577645407083523,5.59322033898305,-2.0155749318995273,0.5703048859549644,0.04230941990532412,0.17091682414302092
1424,26.0,2.6204624676116475,5.59322033898305,-2.9727578713714027,0.5703364825784888,0.04242151229662847,0.17091682414302092
1425,26.1,2.2962894120370354,5.59322033898305,-3.2969309269460148,0.5703830663706981,0.042533604687932824,0.17091682414302092
1426,26.2,2.306494577655844,5.59322033898305,-3.2867257613272063,0.5704347231723406,0.042645697079237176,0.17091682414302092
1427,26.3,1.1329453100327669,5.59322033898305,-4.460275028950283,0.5704862200618901,0.04275778947054153,0.17091682414302092
1428,25.7,0.0,5.59322033898305,-5.59322033898305,0.5705560714425275,0.04286988186184588,0.17091682414302092
1429,24.5,0.0,5.59322033898305,-5.59322033898305,0.5706436257883684,0.04298197425315023,0.17091682414302092
1430,23.5,0.0,5.59322033898305,-5.59322033898305,0.5707311794876645,0.04309406664445458,0.17091682414302092
1431,22.2,0.0,6.101694915254237,-6.101694915254237,0.5708187325404303,0.04321248769708616,0.17091682414302092
1432,20.5,0.0,7.11864406779661,-7.11864406779661,0.5709142250291676,0.043342438192135666,0.17091682414302092
1433,19.4,0.0,7.11864406779661,-7.11864406779661,0.5710255872275368,0.04347238868718517,0.17091682414302092
1434,18.6,0.7352107983539077,7.11864406779661,-6.383433269442702,0.5711369483812295,0.04360233918223468,0.17091682414302092
1435,18.9,2.693696930555554,7.627118644067796,-4.933421713512242,0.5712368363020731,0.043737555528388525,0.17091682414302092
1436,19.7,4.080680966068437,7.627118644067796,-3.546437677999359,0.571314078142305,0.043872771874542374,0.17091682414302092
1437,21.0,2.7410041152263376,7.627118644067796,-4.886114528841459,0.5713696343776336,0.04400798822069622,0.17091682414302092
1438,20.6,6.923957586953211,7.627118644067796,-0.7031610571145848,0.5714461361135645,0.044143204566850065,0.17091682414302092
1439,25.1,12.524330166685715,7.627118644067796,4.897211522617919,0.5714571637255962,0.044278420913003914,0.17091682414302092
1440,27.2,12.728374300259102,7.627118644067796,5.101255656191306,0.571380189166177,0.04441363725915776,0.17091682414302092
1441,31.2,16.279976181069966,7.11864406779661,9.161332113273357,0.5713000003462096,0.04454358775420727,0.17091682414302092
1442,34.1,14.13199657100671,7.11864406779661,7.0133525032101,0.5711557531585887,0.044673538249256774,0.17091682414302092
1443,36.4,9.294454031702468,6.610169491525424,2.6842845401770443,0.5710454204738848,0.04479790049415473,0.17091682414302092
1444,36.8,5.385022047858548,6.101694915254237,-0.7166728673956886,0.5710032646880426,0.04491632154678631,0.17091682414302092
1445,37.4,7.173304495046494,6.101694915254237,1.0716095797922573,0.5710145045655326,0.04503474259941789,0.17091682414302092
1446,38.5,9.150188488321149,5.084745762711864,4.065442725609285,0.5709976860949578,0.045140079678069586,0.17091682414302092
1447,39.8,9.756673789971043,5.084745762711864,4.671928027259178,0.570933804115118,0.04524541675672127,0.17091682414302092
1448,41.0,10.35529957323578,5.084745762711864,5.270553810523915,0.5708603739356597,0.04535075383537296,0.17091682414302092
1449,42.4,10.759733194939786,4.576271186440678,6.183462008499108,0.5707775145544259,0.04545031135749685,0.17091682414302092
1450,43.6,10.830109784788906,4.576271186440678,6.253838598348228,0.5706802668492178,0.045549868879620745,0.17091682414302092
1451,44.9,12.36090840022481,3.0508474576271185,9.31006094259769,0.5705819087318814,0.0456288162480418,0.17091682414302092
1452,46.5,11.974226401748982,2.542372881355932,9.43185352039305,0.5704353020014642,0.045699040967142925,0.17091682414302092
1453,47.5,7.3907565181565404,2.542372881355932,4.848383636800609,0.5702867682340722,0.04576926568624405,0.17091682414302092
1454,47.5,5.252767835028945,2.0338983050847457,3.2188695299441994,0.5702105550597859,0.04582950665009947,0.17091682414302092
1455,47.8,4.685264931565298,2.0338983050847457,2.651366626480552,0.570159989397346,0.045889747613954895,0.17091682414302092
1456,47.6,6.1866847062947645,2.0338983050847457,4.152786401210019,0.5701183479943976,0.04594998857781032,0.17091682414302092
1457,48.4,9.12975968328,2.0338983050847457,7.095861378195254,0.5700530863859461,0.04601022954166574,0.17091682414302092
1458,49.1,8.980498877248138,2.0338983050847457,6.946600572163392,0.5699414414960013,0.046070470505521155,0.17091682414302092
1459,49.8,9.464150485596697,2.0338983050847457,7.4302521805119515,0.5698321505669903,0.04613071146937658,0.17091682414302092
1460,50.6,9.332560193263246,2.0338983050847457,7.298661888178501,0.5697152265097575,0.046190952433232,0.17091682414302092
1461,51.2,8.158464780368856,2.0338983050847457,6.1245664752841105,0.5696003781218896,0.04625119339708742,0.17091682414302092
1462,51.6,6.916831004115198,2.0338983050847457,4.8829326990304525,0.5695040492957244,0.046311434360942844,0.17091682414302092
1463,51.8,5.289260182289272,2.0338983050847457,3.2553618772045265,0.5694272868607121,0.04637167532479826,0.17091682414302092
1464,51.7,0.0,2.0338983050847457,-2.0338983050847457,0.5693761437853124,0.04643191628865368,0.17091682414302092
1465,50.1,0.0,2.0338983050847457,-2.0338983050847457,0.569408029922752,0.0464921572525091,0.17091682414302092
1466,47.0,0.0,2.0338983050847457,-2.0338983050847457,0.5694399159741877,0.046552398216364525,0.17091682414302092
1467,45.2,0.0,2.0338983050847457,-2.0338983050847457,0.5694718019396204,0.04661263918021994,0.17091682414302092
1468,41.1,0.0,2.0338983050847457,-2.0338983050847457,0.5695036878190508,0.04667288014407536,0.17091682414302092
1469,35.9,0.0,2.0338983050847457,-2.0338983050847457,0.5695355736124794,0.046733121107930785,0.17091682414302092
1470,30.6,0.0,2.0338983050847457,-2.0338983050847457,0.569567459319907,0.04679336207178621,0.17091682414302092
1471,30.0,0.0,2.0338983050847457,-2.0338983050847457,0.5695993449413344,0.04685360303564163,0.17091682414302092
1472,27.7,0.0,2.0338983050847457,-2.0338983050847457,0.5696312304767621,0.046913843999497044,0.17091682414302092
1473,24.8,0.0,2.0338983050847457,-2.0338983050847457,0.5696631159261909,0.046974084963352467,0.17091682414302092
1474,23.8,0.22946457491235642,2.542372881355932,-2.3129083064435756,0.5696950012896215,0.04704430968245359,0.17091682414302092
1475,23.8,1.3007094308794405,2.542372881355932,-1.2416634504764916,0.5697312565630528,0.04711453440155472,0.17091682414302092
1476,23.5,1.1297836100632497,2.542372881355932,-1.4125892712926824,0.5697507281106254,0.047184759120655846,0.17091682414302092
1477,23.4,2.026626814814813,3.0508474576271185,-1.0242206428123053,0.5697728785428294,0.0472637064890769,0.17091682414302092
1478,23.7,1.7512641568930039,3.0508474576271185,-1.2995833007341147,0.5697889415249113,0.04734265385749796,0.17091682414302092
1479,23.4,4.133108296296297,3.0508474576271185,1.0822608386691783,0.5698093207918757,0.04742160122591901,0.17091682414302092
1480,25.3,8.559743442367783,3.559322033898305,5.000421408469478,0.5697923333460999,0.04750823488928535,0.17091682414302092
1481,27.5,9.867350692062946,3.559322033898305,6.308028658164641,0.5697137221453894,0.04759486855265168,0.17091682414302092
1482,29.7,11.459007541666667,3.559322033898305,7.899685507768362,0.5696145014208286,0.04768150221601802,0.17091682414302092
1483,32.3,12.100240615245381,3.559322033898305,8.540918581347077,0.5694901644629827,0.04776813587938435,0.17091682414302092
1484,34.3,10.029242830227869,3.559322033898305,6.469920796329564,0.5693556986799883,0.04785476954275069,0.17091682414302092
1485,35.6,7.466756832495045,3.559322033898305,3.9074347985967397,0.5692539217850411,0.04794140320611702,0.17091682414302092
1486,36.3,6.932104876028799,3.559322033898305,3.3727828421304937,0.5691925174362039,0.048028036869483356,0.17091682414302092
1487,37.3,4.752857921105778,3.559322033898305,1.193535887207473,0.5691395260809434,0.04811467053284969,0.17091682414302092
1488,37.0,1.1374891784788967,4.067796610169491,-2.9303074316905944,0.5691207901365685,0.04820812847677492,0.17091682414302092
1489,36.5,0.63895010049917,4.576271186440678,-3.937321085941508,0.5691667142140906,0.04830768599889882,0.17091682414302092
1490,36.0,0.15383333333332858,4.576271186440678,-4.42243785310735,0.5692283953969759,0.048407243521022714,0.17091682414302092
1491,35.3,0.5867108501562198,4.576271186440678,-3.9895603362844585,0.5692976626126396,0.048506801043146607,0.17091682414302092
1492,35.0,0.7991960067062945,5.084745762711864,-4.28554975600557,0.569360160176639,0.04861213812179829,0.17091682414302092
1493,34.4,0.0,5.084745762711864,-5.084745762711864,0.5694272862570056,0.04871747520044998,0.17091682414302092
1494,32.9,0.0,5.084745762711864,-5.084745762711864,0.5695069047365536,0.048822812279101666,0.17091682414302092
1495,28.9,0.0,5.59322033898305,-5.59322033898305,0.5695865226811839,0.04893490467040602,0.17091682414302092
1496,26.6,0.0,6.101694915254237,-6.101694915254237,0.5696740841872907,0.049053325723037604,0.17091682414302092
1497,26.0,0.0,6.610169491525424,-6.610169491525424,0.5697695858920906,0.04917768796793556,0.17091682414302092
1498,24.5,0.0,7.11864406779661,-7.11864406779661,0.5698730244210071,0.04930763846298507,0.17091682414302092
1499,20.4,0.0,7.11864406779661,-7.11864406779661,0.5699843963877107,0.04943758895803457,0.17091682414302092
1500,18.8,0.0,7.627118644067796,-7.627118644067796,0.5700957673094634,0.04957280530418842,0.17091682414302092
1501,18.1,0.0,8.135593220338983,-8.135593220338983,0.5702150681970269,0.04971365037461096,0.17091682414302092
1502,16.6,0.0,8.135593220338983,-8.135593220338983,0.5703422956407821,0.049854495445033495,0.17091682414302092
1503,15.6,0.0,8.135593220338983,-8.135593220338983,0.5704695217220114,0.04999534051545603,0.17091682414302092
1504,15.3,0.4888139861111132,8.135593220338983,-7.6467792342278695,0.5705967464407585,0.05013618558587857,0.17091682414302092
1505,15.0,0.9600823045267494,8.135593220338983,-7.175510915812233,0.5707163488779237,0.0502770306563011,0.17091682414302092
1506,15.2,1.3647726816034131,8.64406779661017,-7.279295115006756,0.5708286000338249,0.05042511427999448,0.17091682414302092
1507,15.3,1.0790917638888888,9.152542372881356,-8.073450608992468,0.5709424690046777,0.050580286693787585,0.17091682414302092
1508,15.2,1.3647726816034131,9.152542372881356,-7.787769691277943,0.5710687200069747,0.05073545910758069,0.17091682414302092
1509,15.6,1.803895942386832,9.152542372881356,-7.348646430494524,0.5711905160356243,0.05089063152137379,0.17091682414302092
1510,15.9,1.8401292196502068,10.169491525423728,-8.329362305773522,0.5713054632043477,0.05105955044029271,0.17091682414302092
1511,16.3,1.9933873672648956,10.677966101694915,-8.68457873443002,0.5714356989634995,0.051235135724573645,0.17091682414302092
1512,16.7,2.1519502373304373,10.677966101694915,-8.526015864364478,0.571571468272095,0.05141072100885458,0.17091682414302092
1513,17.2,2.219373713458318,10.677966101694915,-8.458592388236598,0.571704765524881,0.051586306293135514,0.17091682414302092
1514,17.6,2.3866716061575977,10.677966101694915,-8.291294495537318,0.5718370107026295,0.05176189157741645,0.17091682414302092
1515,18.2,2.706103436061575,10.677966101694915,-7.97186266563334,0.5719666473923666,0.05193747686169738,0.17091682414302092
1516,18.8,3.16225583386679,10.677966101694915,-7.515710267828125,0.5720913040366467,0.05211306214597832,0.17091682414302092
1517,19.7,3.320650101870905,10.677966101694915,-7.35731599982401,0.5722088477323839,0.05228864743025925,0.17091682414302092
1518,20.3,5.254207412227555,10.677966101694915,-5.42375868946736,0.5723239202466316,0.05246423271454019,0.17091682414302092
1519,22.6,8.778789606462427,10.677966101694915,-1.8991764952324885,0.572408814937644,0.05263981799882112,0.17091682414302092
1520,25.2,7.876455481481481,10.677966101694915,-2.801510620213434,0.5724385829527453,0.05281540328310206,0.17091682414302092
1521,26.3,6.713578026082152,10.677966101694915,-3.9643880756127636,0.5724824784491428,0.05299098856738299,0.17091682414302092
1522,28.0,9.334571483005636,10.677966101694915,-1.3433946186892793,0.5725445656023929,0.05316657385166393,0.17091682414302092
1523,30.3,8.974080627057607,10.677966101694915,-1.7038854746373087,0.5725656266123005,0.05334215913594486,0.17091682414302092
1524,31.4,8.312240352385318,10.677966101694915,-2.365725749309597,0.5725923353230608,0.0535177444202258,0.17091682414302092
1525,33.2,10.536200623990252,10.677966101694915,-0.14176547770466286,0.5726294086575563,0.05369332970450673,0.17091682414302092
1526,35.1,10.283172791666662,10.677966101694915,-0.3947933100282537,0.5726316322274198,0.05386891498878767,0.17091682414302092
1527,36.5,8.14923816634278,10.677966101694915,-2.5287279353521352,0.5726378238747346,0.0540445002730686,0.17091682414302092
1528,37.3,6.911422735920593,10.677966101694915,-3.7665433657743224,0.5726774489002381,0.054220085557349536,0.17091682414302092
1529,38.1,5.368365193930057,10.677966101694915,-5.3096009077648585,0.5727364412233259,0.05439567084163047,0.17091682414302092
1530,38.2,3.6660554555707803,11.1864406779661,-7.52038522239532,0.5728195499401517,0.05457779004692848,0.17091682414302092
1531,38.3,5.895096414285152,11.1864406779661,-5.291344263680949,0.5729371593217858,0.0547599092522265,0.17091682414302092
1532,39.3,8.354638142489708,11.694915254237287,-3.3402771117475787,0.5730199814725538,0.05494843384239043,0.17091682414302092
1533,40.3,16.37408587206598,11.694915254237287,4.679170617828692,0.5730723048697679,0.055136958432554374,0.17091682414302092
1534,44.3,18.153249332666512,11.694915254237287,6.458334078429225,0.5729987740137211,0.05532548302271831,0.17091682414302092
1535,45.3,9.283722268004132,11.694915254237287,-2.4111929862331554,0.5728972113715317,0.05551400761288225,0.17091682414302092
1536,46.1,10.667987922172705,12.711864406779661,-2.0438764846069564,0.5729349955672874,0.05571497224310733,0.17091682414302092
1537,47.5,11.05587997494665,13.728813559322033,-2.6729335843753823,0.5729670283658573,0.055927905997050546,0.17091682414302092
1538,48.3,6.9321033739711835,14.745762711864407,-7.813659337893223,0.5730089095205229,0.05615236420138491,0.17091682414302092
1539,48.3,2.584109546810706,14.745762711864407,-12.1616531650537,0.5731310892402545,0.05637682240571928,0.17091682414302092
1540,47.7,2.83050744907407,14.745762711864407,-11.915255262790337,0.5733209298291513,0.05660128061005365,0.17091682414302092
1541,47.8,7.144112668190823,14.745762711864407,-7.601650043673583,0.5735069392482651,0.056825738814388016,0.17091682414302092
1542,48.6,10.739667999999998,14.745762711864407,-4.006094711864408,0.5736258088142568,0.05705019701872239,0.17091682414302092
1543,49.8,11.385446781893007,14.745762711864407,-3.3603159299713994,0.5736885420501817,0.057274655223056754,0.17091682414302092
1544,50.7,12.290305838991776,14.745762711864407,-2.455456872872631,0.5737411759519435,0.05749911342739112,0.17091682414302092
1545,52.1,16.726744297344144,14.745762711864407,1.9809815854797375,0.573779650355695,0.05772357163172549,0.17091682414302092
1546,54.2,20.66177043194636,14.745762711864407,5.916007720081952,0.5737485556667421,0.05794802983605986,0.17091682414302092
1547,56.5,22.41288061795076,14.745762711864407,7.667117906086352,0.5736555477467941,0.05817248804039423,0.17091682414302092
1548,58.8,21.216871349794207,14.745762711864407,6.471108637929801,0.5735349241330618,0.0583969462447286,0.17091682414302092
1549,60.5,21.567267658798233,14.23728813559322,7.329979523205013,0.573433164723326,0.05861569624472859,0.17091682414302092
1550,62.7,26.55768149742803,14.23728813559322,12.320393361834812,0.5733178586177101,0.0588344462447286,0.17091682414302092
1551,65.4,26.67202368724276,13.728813559322033,12.943210127920727,0.5731236571842968,0.059047379998671816,0.17091682414302092
1552,67.3,25.890180126181182,13.728813559322033,12.161366566859149,0.5729195837218014,0.059260313752615035,0.17091682414302092
1553,69.6,27.00003063374487,13.728813559322033,13.271217074422838,0.5727278947640392,0.059473247506558254,0.17091682414302092
1554,71.5,27.01444547563252,13.220338983050848,13.794106492581673,0.5725186147868753,0.059680253875985,0.17091682414302092
1555,73.6,25.19867021002899,13.220338983050848,11.978331226978142,0.5723010391366252,0.05988726024541175,0.17091682414302092
1556,74.9,20.494528753448474,13.220338983050848,7.274189770397626,0.5721122391923065,0.0600942666148385,0.17091682414302092
1557,75.9,15.029208746399142,11.694915254237287,3.334293492161855,0.5719978003900399,0.06028279120500244,0.17091682414302092
1558,76.0,11.640083142813525,11.694915254237287,-0.05483211142376199,0.5719454270477847,0.060471315795166375,0.17091682414302092
1559,76.3,15.156115110749086,12.203389830508474,2.952725280240612,0.5719462871607034,0.060666120989971574,0.17091682414302092
1560,77.1,17.890969201131718,11.694915254237287,6.1960539468944305,0.5718999141706784,0.06085464558013551,0.17091682414302092
1561,77.9,17.174002465725504,11.694915254237287,5.479087211488217,0.5718024772493105,0.06104317017029945,0.17091682414302092
1562,78.5,13.848618224641791,11.694915254237287,2.1537029704045043,0.5717163391712087,0.06123169476046338,0.17091682414302092
1563,78.6,10.341131374485595,11.694915254237287,-1.353783879751692,0.5716825250906163,0.06142021935062732,0.17091682414302092
1564,78.5,9.305794150567783,11.694915254237287,-2.3891211036695044,0.5717037504381182,0.06160874394079126,0.17091682414302092
1565,78.4,9.785422989178532,11.694915254237287,-1.9094922650587556,0.5717411928663162,0.06179726853095519,0.17091682414302092
1566,78.4,9.785422989178466,11.694915254237287,-1.9094922650588213,0.5717711241398198,0.06198579312111913,0.17091682414302092
1567,78.3,9.760341902777764,11.694915254237287,-1.9345733514595231,0.5718010553375494,0.06217431771128307,0.17091682414302092
1568,78.3,10.263814125,11.1864406779661,-0.9226265529661006,0.5718313793008127,0.06235643691658108,0.17091682414302092
1569,78.3,9.760341902777764,11.1864406779661,-1.4260987751883363,0.5718458470341001,0.0625385561218791,0.17091682414302092
1570,78.2,7.723992187776246,11.1864406779661,-3.4624484901898542,0.5718682052207223,0.06272067532717711,0.17091682414302092
1571,77.8,3.632572476146936,11.1864406779661,-7.5538682018191645,0.571922445004475,0.06290279453247513,0.17091682414302092
1572,76.9,0.0,11.1864406779661,-11.1864406779661,0.572040585378863,0.06308491373777314,0.17091682414302092
1573,75.7,0.0,11.1864406779661,-11.1864406779661,0.5722152860705322,0.06326703294307116,0.17091682414302092
1574,74.3,0.0,11.1864406779661,-11.1864406779661,0.5723899841997002,0.06344915214836917,0.17091682414302092
1575,73.3,2.439329135097539,11.1864406779661,-8.747111542868561,0.5725646797664795,0.06363127135366718,0.17091682414302092
1576,72.9,6.6009888749999925,11.1864406779661,-4.585451802966108,0.5727014103139001,0.0638133905589652,0.17091682414302092
1577,72.8,7.985362706294803,11.1864406779661,-3.201077971671297,0.572773205070866,0.06399550976426321,0.17091682414302092
1578,72.7,8.898459376181226,11.1864406779661,-2.2879813017848747,0.5728233518153711,0.06417762896956122,0.17091682414302092
1579,72.8,11.262111677488134,11.1864406779661,0.07567099952203371,0.5728592072227902,0.06435974817485923,0.17091682414302092
1580,73.2,14.662643300411501,10.677966101694915,3.984677198716586,0.5728580202549612,0.06453533345914017,0.17091682414302092
1581,74.0,25.380484415485412,9.661016949152541,15.71946746633287,0.5727954193003716,0.06469744950009582,0.17091682414302092
1582,76.6,36.92359898917849,9.152542372881356,27.77105661629713,0.5725472868713729,0.06485262191388892,0.17091682414302092
1583,79.5,40.73581295010295,8.64406779661017,32.09174515349278,0.5721067426898453,0.0650007055375823,0.17091682414302092
1584,82.5,41.0933143647119,8.135593220338983,32.95772114437292,0.571596727790819,0.06514155060800483,0.17091682414302092
1585,85.1,38.39161202539625,8.135593220338983,30.256018805057266,0.5710727390051484,0.06528239567842736,0.17091682414302092
1586,87.3,35.794730282407485,8.135593220338983,27.659137062068503,0.5705922204743427,0.06542324074884989,0.17091682414302092
1587,89.2,32.866029515927416,7.627118644067796,25.23891087185962,0.5701533976404339,0.06555845709500373,0.17091682414302092
1588,90.7,23.755567102518654,7.627118644067796,16.12844845845086,0.5697533563300738,0.06569367344115758,0.17091682414302092
1589,90.9,14.490001004629649,7.11864406779661,7.371356936833039,0.5694986593204197,0.06582362393620707,0.17091682414302092
1590,90.8,13.873270484072549,6.101694915254237,7.771575568818312,0.5693826615032567,0.06594204498883864,0.17091682414302092
1591,90.9,14.490001004629649,6.101694915254237,8.388306089375412,0.5692603448201463,0.06606046604147021,0.17091682414302092
1592,90.9,13.321019523148134,5.59322033898305,7.727799184165084,0.5691282872555837,0.06617255843277456,0.17091682414302092
1593,90.8,13.873270484072549,5.59322033898305,8.280050145089499,0.5690066590738093,0.0662846508240789,0.17091682414302092
1594,90.9,13.321019523148134,5.59322033898305,7.727799184165084,0.5688763086526095,0.06639674321538325,0.17091682414302092
1595,90.7,10.925062987292321,5.59322033898305,5.331842648309271,0.568754677857902,0.06650883560668759,0.17091682414302092
1596,90.4,13.163594484377363,5.59322033898305,7.570374145394313,0.5686708378618991,0.06662092799799194,0.17091682414302092
1597,90.6,15.556643884773635,5.59322033898305,9.963423545790585,0.5685516903035832,0.06673302038929628,0.17091682414302092
1598,90.7,5.676220394699806,5.59322033898305,0.08300005571675584,0.5683947264178033,0.06684511278060062,0.17091682414302092
1599,89.2,0.0,5.084745762711864,-5.084745762711864,0.568393423990777,0.06695044985925232,0.17091682414302092
1600,87.9,0.0,5.084745762711864,-5.084745762711864,0.5684730494169931,0.067055786937904,0.17091682414302092
1601,86.3,0.0,5.084745762711864,-5.084745762711864,0.5685526743081515,0.06716112401655569,0.17091682414302092
1602,85.1,0.0,5.084745762711864,-5.084745762711864,0.5686322986642631,0.06726646109520737,0.17091682414302092
1603,84.0,0.0,5.084745762711864,-5.084745762711864,0.5687119224853388,0.06737179817385906,0.17091682414302092
1604,82.9,0.0,5.084745762711864,-5.084745762711864,0.5687915457713891,0.06747713525251074,0.17091682414302092
1605,81.7,0.0,5.084745762711864,-5.084745762711864,0.5688711685224249,0.06758247233116244,0.17091682414302092
1606,79.8,0.3924299094649893,5.084745762711864,-4.692315853246875,0.568950790738457,0.06768780940981413,0.17091682414302092
1607,79.7,12.165792454408603,5.084745762711864,7.081046691696739,0.5690242788210711,0.06779314648846581,0.17091682414302092
1608,80.1,15.369705430555486,5.084745762711864,10.284959667843623,0.568912857919305,0.0678984835671175,0.17091682414302092
1609,80.6,11.904321235787254,4.576271186440678,7.328050049346576,0.5687508125133888,0.06799804108924139,0.17091682414302092
1610,80.3,19.565193386164506,4.576271186440678,14.988922199723827,0.568635490845219,0.06809759861136527,0.17091682414302092
1611,82.3,18.739758152587328,4.067796610169491,14.671961542417836,0.5683988758900375,0.06819105655529051,0.17091682414302092
1612,81.7,7.48856071877378,4.067796610169491,3.4207641086042884,0.5681672895828658,0.06828451449921573,0.17091682414302092
1613,81.6,5.3669456131686255,4.067796610169491,1.2991490029991342,0.5681135386571318,0.06837797244314096,0.17091682414302092
1614,80.6,8.794753334552732,4.067796610169491,4.726956724383241,0.5680931421789532,0.0684714303870662,0.17091682414302092
1615,81.2,0.0,4.067796610169491,-4.067796610169491,0.5680188275052649,0.06856488833099142,0.17091682414302092
1616,76.6,0.0,4.576271186440678,-4.576271186440678,0.5680825555661326,0.0686644458531153,0.17091682414302092
1617,74.9,0.0,4.576271186440678,-4.576271186440678,0.5681542347834422,0.0687640033752392,0.17091682414302092
1618,73.8,0.0,5.084745762711864,-5.084745762711864,0.5682259135669713,0.06886934045389088,0.17091682414302092
1619,72.1,0.0,5.084745762711864,-5.084745762711864,0.5683055401188276,0.06897467753254258,0.17091682414302092
1620,69.5,0.0,5.084745762711864,-5.084745762711864,0.5683851661356037,0.06908001461119426,0.17091682414302092
1621,67.2,0.0,5.084745762711864,-5.084745762711864,0.5684647916173103,0.06918535168984595,0.17091682414302092
1622,65.1,0.0,5.59322033898305,-5.59322033898305,0.5685444165639583,0.0692974440811503,0.17091682414302092
1623,63.4,0.0,5.59322033898305,-5.59322033898305,0.5686319857674813,0.06940953647245464,0.17091682414302092
1624,59.9,0.0,5.59322033898305,-5.59322033898305,0.5687195543241309,0.06952162886375898,0.17091682414302092
1625,60.2,0.0,6.101694915254237,-6.101694915254237,0.5688071222339214,0.06964004991639056,0.17091682414302092
1626,57.0,0.0,6.610169491525424,-6.610169491525424,0.5689026309201909,0.06976441216128851,0.17091682414302092
1627,56.0,0.0,6.610169491525424,-6.610169491525424,0.5690060770076263,0.06988877440618646,0.17091682414302092
1628,54.7,0.0,7.627118644067796,-7.627118644067796,0.5691095221931125,0.0700239907523403,0.17091682414302092
1629,54.2,2.8878506788599276,8.135593220338983,-5.247742541479055,0.569228832989692,0.07016483582276282,0.17091682414302092
1630,54.0,3.212416666666674,8.135593220338983,-4.923176553672309,0.5693109997892223,0.07030568089318535,0.17091682414302092
1631,53.6,2.8202807419600417,8.135593220338983,-5.3153124783789405,0.5693880940638573,0.07044652596360788,0.17091682414302092
1632,53.3,1.4160576711438604,8.64406779661017,-7.228010125466309,0.5694713154962722,0.07059460958730127,0.17091682414302092
1633,52.5,0.33644065072018176,9.152542372881356,-8.816101722161175,0.5695843974437635,0.07074978200109437,0.17091682414302092
1634,51.9,0.6329300221193672,9.661016949152541,-9.028086927033174,0.5697222372157855,0.07091189804205002,0.17091682414302092
1635,51.2,0.9156664264593956,10.169491525423728,-9.253825098964333,0.5698633779338651,0.07108081696096893,0.17091682414302092
1636,50.7,1.5322039871399087,11.1864406779661,-9.654236690826192,0.5700080331334991,0.07126293616626694,0.17091682414302092
1637,50.2,0.5227220948026056,11.694915254237287,-11.172193159434682,0.5701589218801646,0.07145146075643087,0.17091682414302092
1638,49.4,0.47397105197376793,11.694915254237287,-11.220944202263519,0.5703334286138152,0.07163998534659481,0.17091682414302092
1639,48.9,1.0733508914609076,14.23728813559322,-13.163937244132311,0.5705086908955747,0.07185873534659482,0.17091682414302092
1640,48.3,5.379248435699614,14.745762711864407,-9.366514276164793,0.5707141412227027,0.07208319355092918,0.17091682414302092
1641,49.2,9.952829637860093,14.745762711864407,-4.7929330740043135,0.5708605409908216,0.07230765175526355,0.17091682414302092
1642,50.0,11.762922001219302,14.745762711864407,-2.982840710645105,0.5709355897838119,0.07253210995959791,0.17091682414302092
1643,51.4,14.150238873952128,14.745762711864407,-0.5955238379122783,0.5709823290224757,0.07275656816393229,0.17091682414302092
1644,52.8,11.55919509465019,15.254237288135592,-3.695042193485401,0.5709916693368927,0.07298812111237317,0.17091682414302092
1645,53.3,9.984087506534832,15.254237288135592,-5.270149781600759,0.571049551677738,0.07321967406081405,0.17091682414302092
1646,54.2,9.160998827008097,15.254237288135592,-6.093238461127495,0.5711320559126576,0.07345122700925492,0.17091682414302092
1647,54.4,3.9600232086571996,15.762711864406779,-11.802688655749579,0.5712274138568277,0.07369138814963298,0.17091682414302092
1648,53.8,1.1129902264898783,15.762711864406779,-14.649721637916901,0.571411706520924,0.07393154929001104,0.17091682414302092
1649,53.2,1.065504495351333,16.271186440677965,-15.205681945326631,0.5716401950903438,0.07418038288254604,0.17091682414302092
1650,52.6,0.0,16.779661016949152,-16.779661016949152,0.5718772986794859,0.07443795390970807,0.17091682414302092
1651,49.0,0.0,17.28813559322034,-17.28813559322034,0.5721387792328662,0.07470432808708194,0.17091682414302092
1652,45.0,0.0,17.796610169491526,-17.796610169491526,0.5724081240395417,0.07497957187443645,0.17091682414302092
1653,39.5,0.0,18.305084745762713,-18.305084745762713,0.5726853294743545,0.07526375248700354,0.17091682414302092
1654,34.7,0.0,18.813559322033896,-18.813559322033896,0.5729703919012761,0.07555693790697185,0.17091682414302092
1655,32.4,0.0,19.322033898305083,-19.322033898305083,0.5732633076734475,0.07585919689519965,0.17091682414302092
1656,31.7,0.0,19.83050847457627,-19.83050847457627,0.5735640731332194,0.07617059900315239,0.17091682414302092
1657,31.0,1.221811537875328,19.83050847457627,-18.60869693670094,0.5738726846121927,0.07648200111110512,0.17091682414302092
1658,31.1,1.4277104101699407,20.338983050847457,-18.911272640677517,0.5741624121204921,0.07680385498944436,0.17091682414302092
1659,30.5,1.388590103928514,20.338983050847457,-18.950392946918942,0.5744568087302256,0.0771257088677836,0.17091682414302092
1660,30.6,2.969136888888893,20.847457627118644,-17.87832073822975,0.5747518025920528,0.0774588255398668,0.17091682414302092
1661,30.8,8.141603954580095,20.847457627118644,-12.705853672538549,0.5750302173949714,0.07779194221194999,0.17091682414302092
1662,33.5,14.73101212896281,21.35593220338983,-6.6249200744270205,0.5752284788705282,0.0781365434590783,0.17091682414302092
1663,36.4,16.784165965858865,22.3728813559322,-5.588715390073336,0.5753320999441366,0.0785048059297847,0.17091682414302092
1664,39.4,18.00613857216889,22.3728813559322,-4.366742783763311,0.5754195487007115,0.0788730684004911,0.17091682414302092
1665,42.2,18.570731776253613,22.881355932203387,-4.310624155949775,0.5754879093587135,0.07925352156247961,0.17091682414302092
1666,44.9,20.156047289113676,23.389830508474574,-3.233783219360898,0.575555392600253,0.0796464153103443,0.17091682414302092
1667,47.8,20.97513118670934,23.389830508474574,-2.4146993217652337,0.5756060391290622,0.08003930905820901,0.17091682414302092
1668,50.3,16.053645872447024,23.389830508474574,-7.33618463602755,0.5756438695543573,0.08043220280607372,0.17091682414302092
1669,51.3,6.860354541666657,23.389830508474574,-16.529475966807915,0.5757585793371625,0.08082509655393842,0.17091682414302092
1670,50.9,2.858025680746103,23.389830508474574,-20.53180482772847,0.5760161028272022,0.08121799030180313,0.17091682414302092
1671,50.7,5.770244110596735,23.389830508474574,-17.61958639787784,0.5763354757428586,0.08161088404966783,0.17091682414302092
1672,51.2,11.450645850327694,23.389830508474574,-11.93918465814688,0.57660985274701,0.08200377779753254,0.17091682414302092
1673,52.7,14.920224949264593,23.389830508474574,-8.469605559209981,0.5767961825580566,0.08239667154539725,0.17091682414302092
1674,54.1,15.399654043190823,23.389830508474574,-7.990176465283751,0.5769285426405093,0.08278956529326194,0.17091682414302092
1675,55.6,17.35062366681905,23.389830508474574,-6.039206841655524,0.5770534325941546,0.08318245904112664,0.17091682414302092
1676,57.4,24.675745403444584,23.389830508474574,1.2859148949700092,0.5771478998154814,0.08357535278899135,0.17091682414302092
1677,60.7,36.09490333365721,23.389830508474574,12.705072825182633,0.5771277266769014,0.08396824653685606,0.17091682414302092
1678,65.0,29.399744703551274,22.881355932203387,6.518388771347887,0.576927495799103,0.08434869969884455,0.17091682414302092
1679,66.0,14.663056584362181,22.881355932203387,-8.218299347841207,0.5768250205530387,0.08472915286083306,0.17091682414302092
1680,66.7,15.73996571705915,23.389830508474574,-7.649864791415425,0.5769534657264572,0.08512204660869775,0.17091682414302092
1681,67.9,20.50176386452138,23.389830508474574,-2.888066643953195,0.5770730522673971,0.08551494035656246,0.17091682414302092
1682,69.6,24.314845448559662,23.389830508474574,0.925014940085088,0.5771182846960761,0.08590783410442716,0.17091682414302092
1683,71.5,27.01444547563252,22.881355932203387,4.133089543429133,0.5771037753254719,0.08628828726641566,0.17091682414302092
1684,73.6,28.98467844048165,22.881355932203387,6.103322508278264,0.5770388623120731,0.08666874042840417,0.17091682414302092
1685,75.7,32.002430434137345,22.3728813559322,9.629549078205144,0.5769429291916558,0.08703700289911057,0.17091682414302092
1686,78.2,35.882428401767974,21.864406779661017,14.018021622106957,0.5767913542173405,0.08739331711853383,0.17091682414302092
1687,80.8,40.01619993842397,21.35593220338983,18.660267735034143,0.5765703075743457,0.08773791836566215,0.17091682414302092
1688,83.8,42.46572369699746,20.847457627118644,21.618266069878814,0.5762754974604826,0.08807103503774534,0.17091682414302092
1689,86.5,38.12420220574235,20.338983050847457,17.785219154894893,0.5759335331722729,0.08839288891608459,0.17091682414302092
1690,88.4,36.98961452248129,20.338983050847457,16.650631471633833,0.5756526325294473,0.08871474279442383,0.17091682414302092
1691,90.7,40.66850434531696,19.83050847457627,20.83799587074069,0.5753897666214709,0.08902614490237656,0.17091682414302092
1692,93.0,32.53539300411527,19.83050847457627,12.704884529539001,0.5750602248561333,0.08933754701032928,0.17091682414302092
1693,93.7,19.04865215224437,19.322033898305083,-0.2733817460607142,0.5748599615433431,0.08963980599855709,0.17091682414302092
1694,93.7,22.663621288046784,19.322033898305083,3.3415873897417008,0.5748642484596148,0.0899420649867849,0.17091682414302092
1695,95.0,37.2670115073921,18.305084745762713,18.961926761629385,0.5748117731709804,0.090226245599352,0.17091682414302092
1696,97.3,42.990691631668156,17.28813559322034,25.702556038447817,0.5745121150636923,0.09049261977672586,0.17091682414302092
1697,99.3,41.082800385288095,16.779661016949152,24.303139368338943,0.5741048007828833,0.0907501908038879,0.17091682414302092
1698,101.1,37.00138496244853,16.779661016949152,20.22172394549938,0.573719871168578,0.09100776183104992,0.17091682414302092
1699,102.3,23.225530873971255,16.271186440677965,6.95434443329329,0.5734001099375856,0.09125659542358491,0.17091682414302092
1700,101.9,22.3940252915143,15.762711864406779,6.631313427107521,0.5732907290643274,0.09149675656396297,0.17091682414302092
1701,103.0,36.12004816338965,15.254237288135592,20.865810875254056,0.5731864415249109,0.09172830951240385,0.17091682414302092
1702,104.6,41.74599838256369,15.254237288135592,26.4917610944281,0.5728563934976023,0.09195986246084473,0.17091682414302092
1703,106.4,42.195202629477244,15.254237288135592,26.940965341341652,0.5724363760148553,0.0921914154092856,0.17091682414302092
1704,107.9,39.67722775722062,14.745762711864407,24.931465045356212,0.5720091420055884,0.09241587361361998,0.17091682414302092
1705,109.2,36.96095021399177,14.745762711864407,22.215187502127364,0.5716140870975919,0.09264033181795435,0.17091682414302092
1706,110.2,31.170388624295086,14.745762711864407,16.424625912430677,0.5712624533847018,0.09286479002228872,0.17091682414302092
1707,110.6,24.27221396555402,14.745762711864407,9.526451253689613,0.5710030815629911,0.09308924822662308,0.17091682414302092
1708,110.6,23.56105141411376,14.745762711864407,8.815288702249353,0.5708530596089108,0.09331370643095745,0.17091682414302092
1709,110.9,27.266093547687163,14.745762711864407,12.520330835822756,0.5707142750145864,0.09353816463529183,0.17091682414302092
1710,111.4,28.948789765584536,14.745762711864407,14.20302705372013,0.570516862108576,0.09376262283962619,0.17091682414302092
1711,111.9,28.487497203189214,14.23728813559322,14.250209067595994,0.5702927609423338,0.0939813728396262,0.17091682414302092
1712,112.3,27.970655460543334,14.23728813559322,13.733367324950114,0.5700679066972595,0.09420012283962619,0.17091682414302092
1713,112.7,30.348439318263267,13.220338983050848,17.12810033521242,0.5698512489480763,0.09440712920905293,0.17091682414302092
1714,113.4,29.992078666666597,12.203389830508474,17.788688836158123,0.5695806578827951,0.09460193440385814,0.17091682414302092
1715,113.7,27.22658776800405,11.1864406779661,16.040147090037948,0.5692995486276748,0.09478405360915615,0.17091682414302092
1716,114.0,25.1793199588477,10.677966101694915,14.501353857152784,0.5690462452830324,0.09495963889343709,0.17091682414302092
1717,114.0,19.315122427983617,10.169491525423728,9.145630902559889,0.5688173804498827,0.095128557812356,0.17091682414302092
1718,113.5,16.908398579199083,9.661016949152541,7.247381630046542,0.5686733508785977,0.09529067385331165,0.17091682414302092
1719,113.2,20.424051683279924,9.152542372881356,11.271509310398567,0.5685593016398589,0.09544584626710476,0.17091682414302092
1720,113.2,21.151932341716254,9.152542372881356,11.999389968834898,0.5683816364056076,0.09560101868089786,0.17091682414302092
1721,113.0,16.702497104100008,8.64406779661017,8.058429307489838,0.5681924395050412,0.09574910230459124,0.17091682414302092
1722,112.4,13.566765743331745,8.64406779661017,4.922697946721575,0.5680655805112366,0.09589718592828463,0.17091682414302092
1723,111.8,7.588877329065739,8.135593220338983,-0.5467158912732435,0.5679881822396183,0.09603803099870716,0.17091682414302092
1724,110.4,2.8819162798354125,8.135593220338983,-5.253676940503571,0.5679967593818668,0.09617887606912968,0.17091682414302092
1725,109.2,15.193974905349723,8.135593220338983,7.05838168501074,0.5680790274583108,0.09631972113955221,0.17091682414302092
1726,109.6,10.415005271757414,8.135593220338983,2.279412051418431,0.5679679552586935,0.09646056620997474,0.17091682414302092
1727,107.7,7.700283889403295,8.135593220338983,-0.4353093309356879,0.5679321543037789,0.09660141128039727,0.17091682414302092
1728,107.8,31.2986763170248,7.627118644067796,23.671557672957004,0.5679389839819854,0.09673662762655111,0.17091682414302092
1729,109.3,24.368858785303317,7.627118644067796,16.74174014123552,0.5675639552877276,0.09687184397270496,0.17091682414302092
1730,108.3,0.0,7.627118644067796,-7.627118644067796,0.5672994576076902,0.09700706031885879,0.17091682414302092
1731,105.4,0.0,7.11864406779661,-7.11864406779661,0.5674187865946471,0.09713701081390828,0.17091682414302092
1732,101.7,0.0,7.11864406779661,-7.11864406779661,0.5675301815932783,0.09726696130895779,0.17091682414302092
1733,100.2,0.0,7.11864406779661,-7.11864406779661,0.5676415755463113,0.0973969118040073,0.17091682414302092
1734,98.9,1.4090672170972132,7.11864406779661,-5.7095768506993965,0.5677529684537755,0.09752686229905679,0.17091682414302092
1735,97.8,4.949240773662549,7.11864406779661,-2.169403294134061,0.5678423612180986,0.09765681279410629,0.17091682414302092
1736,97.1,7.275207491788669,7.11864406779661,0.15656342399205947,0.5678763742939443,0.09778676328915578,0.17091682414302092
1737,96.4,4.609249779301938,6.610169491525424,-2.000919712223486,0.5678739173392446,0.09791112553405373,0.17091682414302092
1738,95.3,0.0,6.610169491525424,-6.610169491525424,0.5679052908580956,0.09803548777895169,0.17091682414302092
1739,93.2,0.0,6.610169491525424,-6.610169491525424,0.5680087456421711,0.09815985002384964,0.17091682414302092
1740,90.9,0.0,6.610169491525424,-6.610169491525424,0.5681121995240702,0.09828421226874759,0.17091682414302092
1741,87.4,0.0,6.101694915254237,-6.101694915254237,0.5682156525038166,0.09840263332137918,0.17091682414302092
1742,82.6,0.0,6.101694915254237,-6.101694915254237,0.5683111659536567,0.09852105437401075,0.17091682414302092
1743,77.7,0.0,6.101694915254237,-6.101694915254237,0.5684066786342199,0.09863947542664232,0.17091682414302092
1744,75.3,0.0,6.101694915254237,-6.101694915254237,0.5685021905455246,0.0987578964792739,0.17091682414302092
1745,75.4,0.0,5.59322033898305,-5.59322033898305,0.5685977016875895,0.09886998887057824,0.17091682414302092
1746,73.0,0.0,5.59322033898305,-5.59322033898305,0.5686852704974943,0.09898208126188258,0.17091682414302092
1747,73.4,3.8696095156226527,5.59322033898305,-1.7236108233603975,0.5687728386605344,0.09909417365318693,0.17091682414302092
1748,71.9,0.0,5.084745762711864,-5.084745762711864,0.5687998650283281,0.09919951073183861,0.17091682414302092
1749,67.5,0.0,5.084745762711864,-5.084745762711864,0.5688794877234646,0.0993048478104903,0.17091682414302092
1750,63.1,0.0,5.084745762711864,-5.084745762711864,0.5689591098835985,0.09941018488914198,0.17091682414302092
1751,59.1,0.0,15.254237288135592,-15.254237288135592,0.5690387315087405,0.09964173783758287,0.17091682414302092
1752,52.9,0.0,15.254237288135592,-15.254237288135592,0.5692766395053015,0.09987329078602375,0.17091682414302092
1753,49.5,0.0,15.254237288135592,-15.254237288135592,0.5695145427636004,0.10010484373446463,0.17091682414302092
1754,46.3,0.0,15.254237288135592,-15.254237288135592,0.5697524412839191,0.1003363966829055,0.17091682414302092
1755,47.2,16.131748130467923,15.254237288135592,0.877510842332331,0.5699903350665397,0.10056794963134638,0.17091682414302092
1756,50.2,26.022979296448696,15.254237288135592,10.768742008313104,0.5699765627668657,0.10079950257978726,0.17091682414302092
1757,53.8,31.209440843773816,14.745762711864407,16.46367813190941,0.5698068773615271,0.10102396078412162,0.17091682414302092
1758,57.7,27.79327949792334,14.745762711864407,13.047516786058933,0.5695468522198107,0.10124841898845599,0.17091682414302092
1759,59.7,23.52636952726337,13.728813559322033,9.797555967941337,0.5693410624804337,0.10146135274239922,0.17091682414302092
1760,62.2,29.905545935680532,12.711864406779661,17.19368152890087,0.5691867324119927,0.1016623173726243,0.17091682414302092
1761,65.5,25.036940417333504,11.694915254237287,13.342025163096217,0.568915082528936,0.10185084196278824,0.17091682414302092
1762,66.4,7.102849847889086,10.169491525423728,-3.0666416775346423,0.5687046112046125,0.10201976088170715,0.17091682414302092
1763,65.4,1.4405422057612567,9.661016949152541,-8.220474743391286,0.5687526710131013,0.1021818769226628,0.17091682414302092
1764,65.0,0.0,9.661016949152541,-9.661016949152541,0.5688812373821088,0.10234399296361843,0.17091682414302092
1765,63.3,0.0,9.152542372881356,-9.152542372881356,0.5690322460018182,0.10249916537741155,0.17091682414302092
1766,62.7,0.0,8.64406779661017,-8.64406779661017,0.569175333675066,0.10264724900110492,0.17091682414302092
1767,61.1,0.0,8.64406779661017,-8.64406779661017,0.5693104975254593,0.1027953326247983,0.17091682414302092
1768,59.5,0.0,8.135593220338983,-8.135593220338983,0.5694456598385197,0.10293617769522083,0.17091682414302092
1769,56.9,0.0,8.135593220338983,-8.135593220338983,0.5695728955227738,0.10307702276564336,0.17091682414302092
1770,52.1,0.0,8.135593220338983,-8.135593220338983,0.5697001298442378,0.10321786783606589,0.17091682414302092
1771,46.5,0.0,8.135593220338983,-8.135593220338983,0.5698273628029555,0.10335871290648842,0.17091682414302092
1772,41.8,0.0,8.135593220338983,-8.135593220338983,0.5699545943989707,0.10349955797691095,0.17091682414302092
1773,36.3,0.0,8.135593220338983,-8.135593220338983,0.5700818246323269,0.10364040304733348,0.17091682414302092
1774,31.5,0.0,8.135593220338983,-8.135593220338983,0.5702090535030679,0.103781248117756,0.17091682414302092
1775,26.7,0.0,8.135593220338983,-8.135593220338983,0.5703362810112373,0.10392209318817854,0.17091682414302092
1776,23.4,0.0,8.135593220338983,-8.135593220338983,0.5704635071568789,0.10406293825860106,0.17091682414302092
1777,20.5,0.0,8.135593220338983,-8.135593220338983,0.5705907319400363,0.1042037833290236,0.17091682414302092
1778,16.2,0.0,0.0,0.0,0.5707179553607531,0.1042037833290236,0.17091682414302092
1779,14.8,0.0,0.0,0.0,0.5707179553607531,0.1042037833290236,0.17091682414302092
1780,14.1,0.0,0.0,0.0,0.5707179553607531,0.1042037833290236,0.17091682414302092
1781,13.5,0.0,0.0,0.0,0.5707179553607531,0.1042037833290236,0.17091682414302092
1782,12.7,0.0,0.0,0.0,0.5707179553607531,0.1042037833290236,0.17091682414302092
1783,12.3,0.30342022582304473,0.0,0.30342022582304473,0.5707179553607531,0.1042037833290236,0.17091682414302092
1784,12.0,0.0,0.0,0.0,0.5707131946452447,0.1042037833290236,0.17091682414302092
1785,11.2,0.2012955378753236,0.0,0.2012955378753236,0.5707131946452447,0.1042037833290236,0.17091682414302092
1786,11.2,0.4173449205913733,0.0,0.4173449205913733,0.5707100364110153,0.1042037833290236,0.17091682414302092
1787,10.7,0.0,0.0,0.0,0.5707034878954853,0.1042037833290236,0.17091682414302092
1788,9.8,0.0,0.0,0.0,0.5707034878954853,0.1042037833290236,0.17091682414302092
1789,8.2,0.0,0.0,0.0,0.5707034878954853,0.1042037833290236,0.17091682414302092
1790,2.9,0.0,0.0,0.0,0.5707034878954853,0.1042037833290236,0.17091682414302092
1791,0.0,0.0,0.0,0.0,0.5707034878954853,0.1042037833290236,0.17091682414302092
1792,0.0,0.0,0.0,0.0,0.5707034878954853,0.1042037833290236,0.17091682414302092
1793,0.0,0.0,0.0,0.0,0.5707034878954853,0.1042037833290236,0.17091682414302092
1794,0.0,0.0,0.0,0.0,0.5707034878954853,0.1042037833290236,0.17091682414302092
1795,0.0,0.0,0.0,0.0,0.5707034878954853,0.1042037833290236,0.17091682414302092
1796,0.0,0.0,0.0,0.0,0.5707034878954853,0.1042037833290236,0.17091682414302092
1797,0.0,0.0,0.0,0.0,0.5707034878954853,0.1042037833290236,0.17091682414302092
1798,0.0,0.0,0.0,0.0,0.5707034878954853,0.1042037833290236,0.17091682414302092
1799,0.0,0.0,0.0,0.0,0.5707034878954853,0.1042037833290236,0.17091682414302092
1800,0.0,0.0,0.0,0.0,0.5707034878954853,0.1042037833290236,0.17091682414302092
