time,speed_kmh,P_load_kW,P_fc_kW,P_bat_kW,SOC,m_H2_cumul_kg,H2_eq_kg
0,0.0,0.0,0.0,0.0,0.6,0.0,0.2975864553390647
1,0.1,0.0,0.0,0.0,0.6,0.0,0.2975864553390647
2,0.2,0.0,0.0,0.0,0.6,0.0,0.2975864553390647
3,0.3,0.0,0.0,0.0,0.6,0.0,0.2975864553390647
4,0.4,0.0,0.0,0.0,0.6,0.0,0.2975864553390647
5,0.5,0.0437088453551288,0.0,0.0437088453551288,0.6,0.0,0.2975864553390647
6,0.7,0.06119410869151043,0.0,0.06119410869151043,0.5999993159686486,0.0,0.2975864553390647
7,0.8,0.06479332357872276,0.0,0.06479332357872276,0.5999983582910585,0.0,0.2975864553390647
8,0.9,0.07868109722222222,0.0,0.07868109722222222,0.5999973442848259,0.0,0.2975864553390647
9,1.1,0.09617030385992989,0.0,0.09617030385992989,0.5999961129300343,0.0,0.2975864553390647
10,1.2,0.1049158930041152,0.0,0.1049158930041152,0.5999946078595314,0.0,0.2975864553390647
11,1.4,0.12240935101356497,0.0,0.12240935101356497,0.5999929659141745,0.0,0.2975864553390647
12,1.5,0.1311573431069959,0.0,0.1311573431069959,0.5999910501806967,0.0,0.2975864553390647
13,1.7,0.14865616154168576,0.0,0.14865616154168576,0.5999889975317457,0.0,0.2975864553390647
14,1.8,0.1574071111111111,0.0,0.1574071111111111,0.5999866710048539,0.0,0.2975864553390647
15,2.0,0.17491239902453895,0.0,0.17491239902453895,0.5999842075131502,0.0,0.2975864553390647
16,2.1,0.18366686059670778,0.0,0.18366686059670778,0.5999814700362739,0.0,0.2975864553390647
17,2.3,0.21596882169257728,0.0,0.21596882169257728,0.5999785955365262,0.0,0.2975864553390647
18,2.5,0.21869826198369152,0.0,0.21869826198369152,0.5999752154469975,0.0,0.2975864553390647
19,2.6,0.22745980917543052,0.0,0.22745980917543052,0.5999717926347999,0.0,0.2975864553390647
20,2.8,0.2449877710714829,0.0,0.2449877710714829,0.5999682326835934,0.0,0.2975864553390647
21,2.9,0.2537543090039629,0.0,0.2537543090039629,0.5999643983761456,0.0,0.2975864553390647
22,3.1,0.2912259344802622,0.0,0.2912259344802622,0.5999604268483704,0.0,0.2975864553390647
23,3.3,0.28883894495884765,0.0,0.28883894495884765,0.5999558687800509,0.0,0.2975864553390647
24,3.4,0.29761503307422654,0.0,0.29761503307422654,0.5999513480737931,0.0,0.2975864553390647
25,3.6,0.33832170370370374,0.0,0.33832170370370374,0.5999466899923039,0.0,0.2975864553390647
26,3.8,0.33274095046486807,0.0,0.33274095046486807,0.5999413947082205,0.0,0.2975864553390647
27,3.9,0.34152812911522623,0.0,0.34152812911522623,0.5999361867811929,0.0,0.2975864553390647
28,4.1,0.3591097568777626,0.0,0.3591097568777626,0.5999308412997957,0.0,0.2975864553390647
29,4.2,0.3679043292181071,0.0,0.3679043292181071,0.5999252205950143,0.0,0.2975864553390647
30,4.4,0.3855012988873647,0.0,0.3855012988873647,0.5999194622167364,0.0,0.2975864553390647
31,4.5,0.39430381944444437,0.0,0.39430381944444437,0.5999134283684907,0.0,0.2975864553390647
32,4.7,0.4119172400739216,0.0,0.4119172400739216,0.5999072567188943,0.0,0.2975864553390647
33,4.8,0.3898640658436213,0.0,0.3898640658436213,0.5999008093353201,0.0,0.2975864553390647
34,4.9,0.3980350425049535,0.0,0.3980350425049535,0.5998947071810615,0.0,0.2975864553390647
35,5.0,0.4383592440176801,0.0,0.4383592440176801,0.5998884771112163,0.0,0.2975864553390647
36,5.2,0.45600254747751856,0.0,0.45600254747751856,0.5998816157709593,0.0,0.2975864553390647
37,5.3,0.4307497561918915,0.0,0.4307497561918915,0.5998744782178969,0.0,0.2975864553390647
38,5.4,0.43893644444444446,0.0,0.43893644444444446,0.5998677359961844,0.0,0.2975864553390647
39,5.5,0.4471264598574909,0.0,0.4471264598574909,0.5998608656077794,0.0,0.2975864553390647
40,5.6,0.41931163359244,0.0,0.41931163359244,0.5998538669995395,0.0,0.2975864553390647
41,5.6,0.4193116335924402,0.0,0.4193116335924402,0.5998473038290458,0.0,0.2975864553390647
42,5.7,0.46351671862139926,0.0,0.46351671862139926,0.5998407406549108,0.0,0.2975864553390647
43,5.8,0.43442284651729896,0.0,0.43442284651729896,0.599833485440014,0.0,0.2975864553390647
44,5.8,0.4344228465172993,0.0,0.4344228465172993,0.5998266856925345,0.0,0.2975864553390647
45,5.9,0.4419837825979273,0.0,0.4419837825979273,0.5998198859411462,0.0,0.2975864553390647
46,5.9,0.441983782597927,0.0,0.441983782597927,0.5998129678183738,0.0,0.2975864553390647
47,6.0,0.44954835390946485,0.0,0.44954835390946485,0.5998060496915554,0.0,0.2975864553390647
48,6.0,0.41096810699588476,0.0,0.41096810699588476,0.5997990131354556,0.0,0.2975864553390647
49,6.0,0.41096810699588476,0.0,0.41096810699588476,0.5997925805514016,0.0,0.2975864553390647
50,6.0,0.41096810699588476,0.0,0.41096810699588476,0.5997861479638497,0.0,0.2975864553390647
51,6.0,0.41096810699588476,0.0,0.41096810699588476,0.5997797153727997,0.0,0.2975864553390647
52,6.0,0.41096810699588476,0.0,0.41096810699588476,0.5997732827782519,0.0,0.2975864553390647
53,6.0,0.41096810699588476,0.0,0.41096810699588476,0.5997668501802061,0.0,0.2975864553390647
54,6.0,0.41096810699588476,0.0,0.41096810699588476,0.5997604175786624,0.0,0.2975864553390647
55,6.0,0.3723878600823047,0.0,0.3723878600823047,0.5997539849736206,0.0,0.2975864553390647
56,5.9,0.3661092970012194,0.0,0.3661092970012194,0.5997481563251101,0.0,0.2975864553390647
57,5.9,0.36610929700121914,0.0,0.36610929700121914,0.5997424259606953,0.0,0.2975864553390647
58,5.8,0.3598343691510438,0.0,0.3598343691510438,0.5997366955935046,0.0,0.2975864553390647
59,5.8,0.3598343691510441,0.0,0.3598343691510441,0.5997310634532041,0.0,0.2975864553390647
60,5.7,0.31691178034979417,0.0,0.31691178034979417,0.5997254313102222,0.0,0.2975864553390647
61,5.6,0.34729517268709015,0.0,0.34729517268709015,0.5997204710755882,0.0,0.2975864553390647
62,5.6,0.3472951726870904,0.0,0.3472951726870904,0.5997150352188354,0.0,0.2975864553390647
63,5.5,0.3056655545076972,0.0,0.3056655545076972,0.5997095993595848,0.0,0.2975864553390647
64,5.4,0.3000475555555555,0.0,0.3000475555555555,0.599704815163398,0.0,0.2975864553390647
65,5.3,0.29443288376390786,0.0,0.29443288376390786,0.5997001189072135,0.0,0.2975864553390647
66,5.2,0.2888214775186709,0.0,0.2888214775186709,0.5996955105386627,0.0,0.2975864553390647
67,5.1,0.31600648508230433,0.0,0.31600648508230433,0.59969099000634,0.0,0.2975864553390647
68,5.1,0.31600648508230456,0.0,0.31600648508230456,0.5996860439285693,0.0,0.2975864553390647
69,5.0,0.2776082152110961,0.0,0.2776082152110961,0.5996810978487307,0.0,0.2975864553390647
70,4.9,0.2720062359205913,0.0,0.2720062359205913,0.5996767528364956,0.0,0.2975864553390647
71,4.8,0.26640727572016454,0.0,0.26640727572016454,0.5996724955120915,0.0,0.2975864553390647
72,4.7,0.2608112729957323,0.0,0.2608112729957323,0.5996683258279654,0.0,0.2975864553390647
73,4.6,0.25521816613321135,0.0,0.25521816613321135,0.5996642437375272,0.0,0.2975864553390647
74,4.5,0.24962789351851877,0.0,0.24962789351851877,0.5996602491951503,0.0,0.2975864553390647
75,4.4,0.24404039353757045,0.0,0.24404039353757045,0.5996563421561705,0.0,0.2975864553390647
76,4.3,0.2661047815310165,0.0,0.2661047815310165,0.5996525225768871,0.0,0.2975864553390647
77,4.3,0.2661047815310167,0.0,0.2661047815310167,0.5996483576207293,0.0,0.2975864553390647
78,4.2,0.2328734650205761,0.0,0.2328734650205761,0.5996441926631053,0.0,0.2975864553390647
79,4.1,0.2536570819806431,0.0,0.2536570819806431,0.5996405478745477,0.0,0.2975864553390647
80,4.1,0.25365708198064324,0.0,0.25365708198064324,0.5996365777599582,0.0,0.2975864553390647
81,4.0,0.24743705227861615,0.0,0.24743705227861615,0.5996326076440364,0.0,0.2975864553390647
82,4.0,0.24743705227861593,0.0,0.24743705227861593,0.599628734889222,0.0,0.2975864553390647
83,3.9,0.24121948713991753,0.0,0.24121948713991753,0.5996248621331398,0.0,0.2975864553390647
84,3.9,0.2662966476337448,0.0,0.2662966476337448,0.5996210866992349,0.0,0.2975864553390647
85,3.9,0.2662966476337448,0.0,0.2662966476337448,0.59961691872868,0.0,0.2975864553390647
86,3.9,0.2662966476337448,0.0,0.2662966476337448,0.5996127507566567,0.0,0.2975864553390647
87,3.9,0.2662966476337448,0.0,0.2662966476337448,0.599608582783165,0.0,0.2975864553390647
88,3.9,0.2662966476337448,0.0,0.2662966476337448,0.5996044148082049,0.0,0.2975864553390647
89,3.9,0.2913738081275721,0.0,0.2913738081275721,0.5996002468317764,0.0,0.2975864553390647
90,4.0,0.29887738149672316,0.0,0.29887738149672316,0.5995956863099279,0.0,0.2975864553390647
91,4.0,0.298877381496723,0.0,0.298877381496723,0.5995910083279842,0.0,0.2975864553390647
92,4.1,0.33274658815348274,0.0,0.33274658815348274,0.5995863303441907,0.0,0.2975864553390647
93,4.2,0.3408981563786008,0.0,0.3408981563786008,0.5995811221725971,0.0,0.2975864553390647
94,4.3,0.3490523123952141,0.0,0.3490523123952141,0.599575786392505,0.0,0.2975864553390647
95,4.4,0.3572091178174059,0.0,0.3572091178174059,0.5995703229624071,0.0,0.2975864553390647
96,4.5,0.3653686342592591,0.0,0.3653686342592591,0.5995647318398264,0.0,0.2975864553390647
97,4.6,0.4031091126352689,0.0,0.4031091126352689,0.5995590129813163,0.0,0.2975864553390647
98,4.8,0.42072826337448566,0.0,0.42072826337448566,0.5995527033000387,0.0,0.2975864553390647
99,4.9,0.4295422441510439,0.0,0.4295422441510439,0.5995461177847361,0.0,0.2975864553390647
100,5.1,0.4799725344650203,0.0,0.4799725344650203,0.599539394279945,0.0,0.2975864553390647
101,5.3,0.4989081924058832,0.0,0.4989081924058832,0.59953188124922,0.0,0.2975864553390647
102,5.5,0.5178569125323883,0.0,0.5178569125323883,0.5995240717541578,0.0,0.2975864553390647
103,5.7,0.5734704223251027,0.0,0.5734704223251027,0.5995159655852118,0.0,0.2975864553390647
104,6.0,0.6038693415637861,0.0,0.6038693415637861,0.5995069886770186,0.0,0.2975864553390647
105,6.2,0.6241536692577353,0.0,0.6241536692577353,0.5994975357933572,0.0,0.2975864553390647
106,6.5,0.6546089653825635,0.0,0.6546089653825635,0.5994877652952495,0.0,0.2975864553390647
107,6.7,0.6749324180193568,0.0,0.6749324180193568,0.5994775179177144,0.0,0.2975864553390647
108,7.0,0.7504590001524154,0.0,0.7504590001524154,0.5994669522984306,0.0,0.2975864553390647
109,7.3,0.8298824238492607,0.0,0.8298824238492607,0.5994552039977468,0.0,0.2975864553390647
110,7.7,0.8758298618160343,0.0,0.8758298618160343,0.599442211914932,0.0,0.2975864553390647
111,8.0,0.858899710409999,0.0,0.858899710409999,0.599428500244538,0.0,0.2975864553390647
112,8.3,0.9448945795800939,0.0,0.9448945795800939,0.5994150537012014,0.0,0.2975864553390647
113,8.7,0.9910391826131681,0.0,0.9910391826131681,0.5994002603391656,0.0,0.2975864553390647
114,9.0,1.0257037037037042,0.0,1.0257037037037042,0.5993847442288764,0.0,0.2975864553390647
115,9.4,1.1324433732662704,0.0,1.1324433732662704,0.5993686851546021,0.0,0.2975864553390647
116,9.8,1.1814053400396274,0.0,1.1814053400396274,0.5993509541196835,0.0,0.2975864553390647
117,10.2,1.2304639176954721,0.0,1.2304639176954721,0.5993324560836879,0.0,0.2975864553390647
118,10.6,1.279623049535132,0.0,1.279623049535132,0.5993131894997332,0.0,0.2975864553390647
119,11.0,1.32888667885993,0.0,1.32888667885993,0.5992931527588203,0.0,0.2975864553390647
120,11.4,1.3782587489711935,0.0,1.3782587489711935,0.5992723441898211,0.0,0.2975864553390647
121,11.8,1.4277432031702477,0.0,1.4277432031702477,0.5992507620594666,0.0,0.2975864553390647
122,12.2,1.555790486816034,0.0,1.555790486816034,0.5992284045723351,0.0,0.2975864553390647
123,12.7,1.6211760771414432,0.0,1.6211760771414432,0.5992040406657035,0.0,0.2975864553390647
124,13.1,1.5893914904168573,0.0,1.5893914904168573,0.5991786520988759,0.0,0.2975864553390647
125,13.5,1.726203125,0.0,1.726203125,0.5991537615583423,0.0,0.2975864553390647
126,14.0,1.7921133592440177,0.0,1.7921133592440177,0.5991267269625201,0.0,0.2975864553390647
127,14.4,1.7524038518518534,0.0,1.7524038518518534,0.5990986593265197,0.0,0.2975864553390647
128,14.8,1.8028568794391102,0.0,1.8028568794391102,0.5990712139791767,0.0,0.2975864553390647
129,15.2,1.9511924346898308,0.0,1.9511924346898308,0.5990429778275287,0.0,0.2975864553390647
130,15.7,2.0178672997065994,0.0,2.0178672997065994,0.599012416584401,0.0,0.2975864553390647
131,16.1,1.9678572808832497,0.0,1.9678572808832497,0.5989808101026105,0.0,0.2975864553390647
132,16.5,2.0189576260288034,0.0,2.0189576260288034,0.5989499874739269,0.0,0.2975864553390647
133,16.9,2.070220632354062,0.0,2.070220632354062,0.5989183637331825,0.0,0.2975864553390647
134,17.3,2.121650243160342,0.0,2.121650243160342,0.5988859362914163,0.0,0.2975864553390647
135,17.7,2.173250401748971,0.0,2.173250401748971,0.5988527024973378,0.0,0.2975864553390647
136,18.1,2.108641306565311,0.0,2.108641306565311,0.5988186596373136,0.0,0.2975864553390647
137,18.4,2.1456601633897274,0.0,2.1456601633897274,0.5987856295996591,0.0,0.2975864553390647
138,18.8,2.316062418228929,0.0,2.316062418228929,0.5987520191047377,0.0,0.2975864553390647
139,19.2,2.2448804609053505,0.0,2.2448804609053505,0.598715736796353,0.0,0.2975864553390647
140,19.5,2.156895769032923,0.0,2.156895769032923,0.5986805704779589,0.0,0.2975864553390647
141,19.8,2.1924760000000014,0.0,2.1924760000000014,0.5986467835323914,0.0,0.2975864553390647
142,20.1,2.2281660272633723,0.0,2.2281660272633723,0.5986124386517113,0.0,0.2975864553390647
143,20.4,2.263967514403289,0.0,2.263967514403289,0.5985775340937637,0.0,0.2975864553390647
144,20.7,2.16678027314815,0.0,2.16678027314815,0.598542068090061,0.0,0.2975864553390647
145,20.9,2.189501006534824,0.0,2.189501006534824,0.5985081257760392,0.0,0.2975864553390647
146,21.2,2.2236788407254964,0.0,2.2236788407254964,0.5984738271362401,0.0,0.2975864553390647
147,21.4,2.1089263910989198,0.0,2.1089263910989198,0.598438992524132,0.0,0.2975864553390647
148,21.6,1.9916546666666695,0.0,1.9916546666666695,0.5984059569553132,0.0,0.2975864553390647
149,21.7,2.001840176935679,0.0,2.001840176935679,0.598374759773863,0.0,0.2975864553390647
150,21.9,2.0222513698559657,0.0,2.0222513698559657,0.5983434028372144,0.0,0.2975864553390647
151,22.0,2.0324771757354045,0.0,2.0324771757354045,0.5983117258372022,0.0,0.2975864553390647
152,22.2,1.910222600823044,0.0,1.910222600823044,0.5982798884429775,0.0,0.2975864553390647
153,22.2,1.767475687242802,0.0,1.767475687242802,0.5982499674593365,0.0,0.2975864553390647
154,22.3,1.9198462527244313,0.0,1.9198462527244313,0.5982222839094847,0.0,0.2975864553390647
155,22.4,1.7854507227556722,0.0,1.7854507227556722,0.5981922119229548,0.0,0.2975864553390647
156,22.4,1.6414178009449776,0.0,1.6414178009449776,0.5981642464977889,0.0,0.2975864553390647
157,22.4,1.6414178009449776,0.0,1.6414178009449776,0.5981385384647804,0.0,0.2975864553390647
158,22.4,1.4973848791342832,0.0,1.4973848791342832,0.5981128303758392,0.0,0.2975864553390647
159,22.3,1.4896764996380174,0.0,1.4896764996380174,0.5980893794404075,0.0,0.2975864553390647
160,22.3,1.4896764996380083,0.0,1.4896764996380083,0.598066049253122,0.0,0.2975864553390647
161,22.2,1.3392349465020583,0.0,1.3392349465020583,0.5980427190197775,0.0,0.2975864553390647
162,22.1,1.1900930799230316,0.0,1.1900930799230316,0.5980217461059413,0.0,0.2975864553390647
163,21.9,1.1773439624485567,0.0,1.1773439624485567,0.5980031098805401,0.0,0.2975864553390647
164,21.8,1.170989674744705,0.0,1.170989674744705,0.597984673363896,0.0,0.2975864553390647
165,21.6,1.0194324444444418,0.0,1.0194324444444418,0.5979663363693825,0.0,0.2975864553390647
166,21.4,1.0081033458314257,0.0,1.0081033458314257,0.5979503736066921,0.0,0.2975864553390647
167,21.2,0.9968269888736493,0.0,0.9968269888736493,0.5979345882902147,0.0,0.2975864553390647
168,21.0,0.9856028806584382,0.0,0.9856028806584382,0.5979189795928895,0.0,0.2975864553390647
169,20.8,0.840685672306053,0.0,0.840685672306053,0.597903546695387,0.0,0.2975864553390647
170,20.5,0.6941362763869823,0.0,0.6941362763869823,0.5978903837004426,0.0,0.2975864553390647
171,20.2,0.6814454144185322,0.0,0.6814454144185322,0.5978795159161303,0.0,0.2975864553390647
172,19.9,0.6688665668533786,0.0,0.6688665668533786,0.5978688468710013,0.0,0.2975864553390647
173,19.6,0.6563980701112663,0.0,0.6563980701112663,0.5978583748093813,0.0,0.2975864553390647
174,19.3,0.5199384663732615,0.0,0.5199384663732615,0.5978480980016851,0.0,0.2975864553390647
175,18.9,0.5061969305555546,0.0,0.5061969305555546,0.5978399580894379,0.0,0.2975864553390647
176,18.6,0.4960132674897149,0.0,0.4960132674897149,0.5978320333460094,0.0,0.2975864553390647
177,18.2,0.4825952056088965,0.0,0.4825952056088965,0.5978242680586643,0.0,0.2975864553390647
178,17.9,0.4726496193606147,0.0,0.4726496193606147,0.5978167128717767,0.0,0.2975864553390647
179,17.5,0.34701723489178793,0.0,0.34701723489178793,0.5978093134108153,0.0,0.2975864553390647
180,17.1,0.336655106481481,0.0,0.336655106481481,0.5978038810273117,0.0,0.2975864553390647
181,16.7,0.326461554202865,0.0,0.326461554202865,0.5977986108770758,0.0,0.2975864553390647
182,16.3,0.31643263475461364,0.0,0.31643263475461364,0.5977935003196925,0.0,0.2975864553390647
183,15.9,0.3065644048353906,0.0,0.3065644048353906,0.5977885467765375,0.0,0.2975864553390647
184,15.5,0.3965185590039621,0.0,0.3965185590039621,0.5977837477307743,0.0,0.2975864553390647
185,15.2,0.3874064264593836,0.0,0.3874064264593836,0.5977775402930522,0.0,0.2975864553390647
186,14.8,0.2802231345831425,0.0,0.2802231345831425,0.5977714755231398,0.0,0.2975864553390647
187,14.4,0.27092237037036854,0.0,0.27092237037036854,0.597767088870606,0.0,0.2975864553390647
188,14.0,0.26176356500533426,0.0,0.26176356500533426,0.597762847827637,0.0,0.2975864553390647
189,13.6,0.252742775186709,0.0,0.252742775186709,0.5977587501708557,0.0,0.2975864553390647
190,13.2,0.3287326008230459,0.0,0.3287326008230459,0.5977547937386596,0.0,0.2975864553390647
191,12.9,0.32022416306584434,0.0,0.32022416306584434,0.5977496476057164,0.0,0.2975864553390647
192,12.5,0.3089905668914781,0.0,0.3089905668914781,0.597744634682567,0.0,0.2975864553390647
193,12.2,0.30064645389422273,0.0,0.30064645389422273,0.5977397976343609,0.0,0.2975864553390647
194,11.8,0.2896259192196318,0.0,0.2896259192196318,0.5977350912215343,0.0,0.2975864553390647
195,11.5,0.35538254696311455,0.0,0.35538254696311455,0.5977305573456095,0.0,0.2975864553390647
196,11.2,0.34532845968602377,0.0,0.34532845968602377,0.597724993951752,0.0,0.2975864553390647
197,10.9,0.40542392796448723,0.0,0.40542392796448723,0.597719587970277,0.0,0.2975864553390647
198,10.7,0.3975102819120561,0.0,0.3975102819120561,0.5977132410634847,0.0,0.2975864553390647
199,10.4,0.3856891040999849,0.0,0.3856891040999849,0.5977070180609435,0.0,0.2975864553390647
200,10.2,0.44342688065843605,0.0,0.44342688065843605,0.597700980143484,0.0,0.2975864553390647
201,10.0,0.43431736777930285,0.0,0.43431736777930285,0.5976940381852351,0.0,0.2975864553390647
202,9.8,0.4252325005334551,0.0,0.4252325005334551,0.5976872388592844,0.0,0.2975864553390647
203,9.6,0.4779001810699584,0.0,0.4779001810699584,0.5976805817789511,0.0,0.2975864553390647
204,9.5,0.5338211138736476,0.0,0.5338211138736476,0.59767310001727,0.0,0.2975864553390647
205,9.4,0.5280195049535136,0.0,0.5280195049535136,0.597664742595073,0.0,0.2975864553390647
206,9.3,0.5820230704732512,0.0,0.5820230704732512,0.5976564760151883,0.0,0.2975864553390647
207,9.3,0.5820230704732503,0.0,0.5820230704732503,0.5976473637632326,0.0,0.2975864553390647
208,9.2,0.5755899792714517,0.0,0.5755899792714517,0.5976382515042553,0.0,0.2975864553390647
209,9.2,0.6939027364730993,0.0,0.6939027364730993,0.5976292399790045,0.0,0.2975864553390647
210,9.3,0.7016218359053507,0.0,0.7016218359053507,0.597618375612196,0.0,0.2975864553390647
211,9.3,0.7016218359053495,0.0,0.7016218359053495,0.5976073903444304,0.0,0.2975864553390647
212,9.4,0.7697890522786155,0.0,0.7697890522786155,0.5975964050664592,0.0,0.2975864553390647
213,9.5,0.839248068606157,0.0,0.839248068606157,0.5975843521582659,0.0,0.2975864553390647
214,9.7,0.9196703484034446,0.0,0.9196703484034446,0.5975712113252738,0.0,0.2975864553390647
215,9.9,0.9390311435185187,2.0338983050847457,-1.0948671615662269,0.5975568107749278,6.0240963855421684e-05,0.2975864553390647
216,10.1,0.9584163378105474,2.0338983050847457,-1.0754819672741984,0.5975739409437312,0.00012048192771084337,0.2975864553390647
217,10.3,1.0440558480605089,2.0338983050847457,-0.9898424570242368,0.5975907679189183,0.00018072289156626507,0.2975864553390647
218,10.6,1.1433061771071478,2.0338983050847457,-0.8905921279775979,0.5976062554833507,0.00024096385542168674,0.2975864553390647
219,10.9,1.1763858621208654,2.542372881355932,-1.3659870192350667,0.5976201906581673,0.00031118857452281035,0.2975864553390647
220,11.2,1.28154245145557,2.542372881355932,-1.260830429900362,0.5976415603271276,0.00038141329362393397,0.2975864553390647
221,11.6,1.4029866816034142,3.0508474576271185,-1.6478607760237043,0.5976612856998587,0.00046036066204498653,0.2975864553390647
222,12.0,1.4525288065843636,3.0508474576271185,-1.598318651042755,0.5976870620683243,0.0005393080304660391,0.2975864553390647
223,12.4,1.5021892306050924,3.559322033898305,-2.0571328032932126,0.5977120639191984,0.0006259416938323758,0.2975864553390647
224,12.8,1.634276423715897,3.559322033898305,-1.9250456101824078,0.5977442368993664,0.0007125753571987124,0.2975864553390647
225,13.3,1.78541723523472,3.559322033898305,-1.773904798663585,0.5977743455658135,0.000799209020565049,0.2975864553390647
226,13.8,1.8544583868312754,3.559322033898305,-1.7048636470670295,0.597802091905357,0.0008858426839313856,0.2975864553390647
227,14.3,2.015661695492304,3.559322033898305,-1.543660338406001,0.5978287590119774,0.0009724763472977222,0.2975864553390647
228,14.9,2.10291561901768,3.559322033898305,-1.4564064148806248,0.5978529060990393,0.0010591100106640587,0.2975864553390647
229,15.4,2.1758791208657207,3.559322033898305,-1.3834429130325843,0.5978756890362293,0.0011457436740303954,0.2975864553390647
230,16.0,2.366629782045422,3.559322033898305,-1.192692251852883,0.5978973311707705,0.001232377337396732,0.2975864553390647
231,16.6,2.565451389727174,3.559322033898305,-0.9938706441711309,0.597915990639853,0.0013190110007630688,0.2975864553390647
232,17.3,2.677848802831118,3.559322033898305,-0.8814732310671869,0.5979315407793355,0.0014056446641294055,0.2975864553390647
233,17.9,2.7746043518709054,3.559322033898305,-0.7847176820273996,0.5979453329408796,0.0014922783274957422,0.2975864553390647
234,18.6,2.8879885761316895,3.559322033898305,-0.6713334577666155,0.5979576116525331,0.001578911990862079,0.2975864553390647
235,19.2,2.9856212016460884,3.559322033898305,-0.5737008322522166,0.5979681166688213,0.0016655456542284156,0.2975864553390647
236,19.9,3.2280229454542004,3.559322033898305,-0.3312990884441045,0.5979770942708298,0.0017521793175947523,0.2975864553390647
237,20.6,3.480027545800942,3.559322033898305,-0.07929448809736295,0.5979822791249173,0.001838812980961089,0.2975864553390647
238,21.4,3.6225580783417173,3.559322033898305,0.06323604444341235,0.5979835202127941,0.0019254466443274258,0.2975864553390647
239,22.1,3.6058595408283822,3.559322033898305,0.0465375069300773,0.5979825304098281,0.0020120803076937627,0.2975864553390647
240,22.8,3.8740360411522596,3.0508474576271185,0.8231885835251411,0.5979818019856935,0.0020910276761148153,0.2975864553390647
241,23.6,4.018963115073923,0.0,4.018963115073923,0.5979689131254651,0.0020910276761148153,0.2975864553390647
242,24.3,3.9902866250000018,0.0,3.9902866250000018,0.5979059070978068,0.0020910276761148153,0.2975864553390647
243,25.0,4.274843773814968,0.0,4.274843773814968,0.5978433510179668,0.0020910276761148153,0.2975864553390647
244,25.8,4.422405958847733,0.0,4.422405958847733,0.5977763259480988,0.0020910276761148153,0.2975864553390647
245,26.5,4.55235635526215,0.0,4.55235635526215,0.5977069827814383,0.0020910276761148153,0.2975864553390647
246,27.3,4.70185199022634,0.0,4.70185199022634,0.5976355978758394,0.0020910276761148153,0.2975864553390647
247,28.0,4.6535015241579,0.0,4.6535015241579,0.5975618639030584,0.0020910276761148153,0.2975864553390647
248,28.7,4.78153652676802,0.0,4.78153652676802,0.597488889109243,0.0020910276761148153,0.2975864553390647
249,29.4,4.9104380082304555,0.0,4.9104380082304555,0.5974139022130766,0.0020910276761148153,0.2975864553390647
250,30.1,5.040227102175738,0.0,5.040227102175738,0.5973368893543045,0.0020910276761148153,0.2975864553390647
251,30.8,5.170924942234418,0.0,5.170924942234418,0.5972578363348514,0.0020910276761148153,0.2975864553390647
252,31.5,5.30255266203704,0.0,5.30255266203704,0.5971767286186151,0.0020910276761148153,0.2975864553390647
253,32.2,5.228084070111261,0.0,5.228084070111261,0.5970935513312573,0.0020910276761148153,0.2975864553390647
254,32.8,5.127732558451447,0.0,5.127732558451447,0.5970115440389641,0.0020910276761148153,0.2975864553390647
255,33.4,5.2351559109891825,0.0,5.2351559109891825,0.5969311135161025,0.0020910276761148153,0.2975864553390647
256,34.0,5.343320111263531,0.0,5.343320111263531,0.5968489939312802,0.0020910276761148153,0.2975864553390647
257,34.6,5.452238467916481,0.0,5.452238467916481,0.5967651734576462,0.0020910276761148153,0.2975864553390647
258,35.2,5.335586841030343,0.0,5.335586841030343,0.5966796400549729,0.0020910276761148153,0.2975864553390647
259,35.7,5.1948200622427905,0.0,5.1948200622427905,0.5965959399481496,0.0020910276761148153,0.2975864553390647
260,36.2,5.2809406377076575,0.0,5.2809406377076575,0.5965144520731936,0.0020910276761148153,0.2975864553390647
261,36.7,5.1316363103376,0.0,5.1316363103376,0.596431609855981,0.0020910276761148153,0.2975864553390647
262,37.1,4.960258966411363,0.0,4.960258966411363,0.59635111401357,0.0020910276761148153,0.2975864553390647
263,37.5,5.025229873971186,0.0,5.025229873971186,0.5962733112233427,0.0020910276761148153,0.2975864553390647
264,37.9,4.846871906359566,0.0,4.846871906359566,0.5961944867839084,0.0020910276761148153,0.2975864553390647
265,38.2,4.648565743636651,0.0,4.648565743636651,0.5961184649272434,0.0020910276761148153,0.2975864553390647
266,38.5,4.6941699698026005,0.0,4.6941699698026005,0.5960455587506968,0.0020910276761148153,0.2975864553390647
267,38.8,4.73998768876695,0.0,4.73998768876695,0.5959719355405336,0.0020910276761148153,0.2975864553390647
268,39.1,4.5346059550563975,0.0,4.5346059550563975,0.5958975919023493,0.0020910276761148153,0.2975864553390647
269,39.3,4.058727648662557,0.0,4.058727648662557,0.5958264749264338,0.0020910276761148153,0.2975864553390647
270,39.4,3.8188957738149654,0.0,3.8188957738149654,0.5957628329320342,0.0020910276761148153,0.2975864553390647
271,39.5,3.8317887922001193,0.0,3.8317887922001193,0.5957029569744623,0.0020910276761148153,0.2975864553390647
272,39.6,3.8447061481481617,0.0,3.8447061481481617,0.5956428782549967,0.0020910276761148153,0.2975864553390647
273,39.7,3.602375269528281,0.0,3.602375269528281,0.5955825963862719,0.0020910276761148153,0.2975864553390647
274,39.7,3.3471026357834175,0.0,3.3471026357834175,0.5955261192385919,0.0020910276761148153,0.2975864553390647
275,39.7,3.0918300020385545,0.0,3.0918300020385545,0.5954736492812933,0.0020910276761148153,0.2975864553390647
276,39.6,2.8261876296296147,0.0,2.8261876296296147,0.5954251857526879,0.0020910276761148153,0.2975864553390647
277,39.5,2.81584229014251,0.0,2.81584229014251,0.5953808905972026,0.0020910276761148153,0.2975864553390647
278,39.4,2.552177666819093,0.0,2.552177666819093,0.5953367576016412,0.0020910276761148153,0.2975864553390647
279,39.2,2.2808368242645978,0.0,2.2808368242645978,0.5952967611010849,0.0020910276761148153,0.2975864553390647
280,39.0,2.012164609053494,0.0,2.012164609053494,0.5952610206645386,0.0020910276761148153,0.2975864553390647
281,38.7,1.7385801805555448,0.0,1.7385801805555448,0.5952294935657153,0.0020910276761148153,0.2975864553390647
282,38.4,1.7159819588477416,0.0,1.7159819588477416,0.595202255949131,0.0020910276761148153,0.2975864553390647
283,38.1,1.6935966754115122,0.0,1.6935966754115122,0.5951753725492731,0.0020910276761148153,0.2975864553390647
284,37.8,1.4283671111110932,0.0,1.4283671111110932,0.5951488400239786,0.0020910276761148153,0.2975864553390647
285,37.4,0.9207324785855966,0.0,0.9207324785855966,0.5951264649959176,0.0020910276761148153,0.2975864553390647
286,36.9,0.8943460972222371,0.0,0.8943460972222371,0.5951120448262718,0.0020910276761148153,0.2975864553390647
287,36.5,0.873646602556775,0.0,0.873646602556775,0.5950980380401427,0.0020910276761148153,0.2975864553390647
288,36.0,0.6167962962962898,0.0,0.6167962962962898,0.595084355535161,0.0020910276761148153,0.2975864553390647
289,35.5,0.5951970188423953,0.0,0.5951970188423953,0.5950746966333813,0.0020910276761148153,0.2975864553390647
290,35.0,0.34909312604786,0.0,0.34909312604786,0.5950653760441784,0.0020910276761148153,0.2975864553390647
291,34.4,0.1072057570492252,0.0,0.1072057570492252,0.5950599098910302,0.0020910276761148153,0.2975864553390647
292,33.8,0.09113285718641351,0.0,0.09113285718641351,0.595058231407507,0.0020910276761148153,0.2975864553390647
293,33.2,0.07580967748819688,0.0,0.07580967748819688,0.5950568045807324,0.0020910276761148153,0.2975864553390647
294,32.6,0.0,0.0,0.0,0.5950556176692737,0.0020910276761148153,0.2975864553390647
295,31.9,0.0,0.0,0.0,0.5950556176692737,0.0020910276761148153,0.2975864553390647
296,31.2,0.0,0.0,0.0,0.5950556176692737,0.0020910276761148153,0.2975864553390647
297,30.6,0.0,0.0,0.0,0.5950556176692737,0.0020910276761148153,0.2975864553390647
298,29.9,0.0,0.0,0.0,0.5950556176692737,0.0020910276761148153,0.2975864553390647
299,29.2,0.0,0.0,0.0,0.5950556176692737,0.0020910276761148153,0.2975864553390647
300,28.5,0.0,0.0,0.0,0.5950556176692737,0.0020910276761148153,0.2975864553390647
301,27.9,0.0,0.0,0.0,0.5950556176692737,0.0020910276761148153,0.2975864553390647
302,27.2,0.0,0.0,0.0,0.5950556176692737,0.0020910276761148153,0.2975864553390647
303,26.5,0.0,0.0,0.0,0.5950556176692737,0.0020910276761148153,0.2975864553390647
304,25.9,0.0,0.0,0.0,0.5950556176692737,0.0020910276761148153,0.2975864553390647
305,25.3,0.0,0.0,0.0,0.5950556176692737,0.0020910276761148153,0.2975864553390647
306,24.6,0.0,0.0,0.0,0.5950556176692737,0.0020910276761148153,0.2975864553390647
307,24.0,0.07942798353909075,0.0,0.07942798353909075,0.5950556176692737,0.0020910276761148153,0.2975864553390647
308,23.5,0.07204184051592845,0.0,0.07204184051592845,0.5950543741060264,0.0020910276761148153,0.2975864553390647
309,22.9,0.06365560834857105,0.0,0.06365560834857105,0.5950532461870262,0.0020910276761148153,0.2975864553390647
310,22.4,0.20108858283798248,0.0,0.20108858283798248,0.5950522495698194,0.0020910276761148153,0.2975864553390647
311,21.9,0.19161865380658483,0.0,0.19161865380658483,0.595049101075877,0.0020910276761148153,0.2975864553390647
312,21.4,0.18248606188081123,0.0,0.18248606188081123,0.5950461008654538,0.0020910276761148153,0.2975864553390647
313,20.9,0.30807096538256773,0.0,0.30807096538256773,0.5950432436554323,0.0020910276761148153,0.2975864553390647
314,20.5,0.4305045891441892,0.0,0.4305045891441892,0.5950384199030788,0.0020910276761148153,0.2975864553390647
315,20.1,0.41875244701646047,0.0,0.41875244701646047,0.5950316787635022,0.0020910276761148153,0.2975864553390647
316,19.7,0.5338702664799524,0.0,0.5338702664799524,0.5950251216739978,0.0020910276761148153,0.2975864553390647
317,19.4,0.6481462234415512,0.0,0.6481462234415512,0.5950167616101952,0.0020910276761148153,0.2975864553390647
318,19.1,0.6358579478928543,0.0,0.6358579478928543,0.5950066115905965,0.0020910276761148153,0.2975864553390647
319,18.8,0.744560360615758,0.0,0.744560360615758,0.5949966540464114,0.0020910276761148153,0.2975864553390647
320,18.6,0.8548095637860061,0.0,0.8548095637860061,0.5949849937074235,0.0020910276761148153,0.2975864553390647
321,18.4,0.844219834171618,2.0338983050847457,-1.1896784709131276,0.5949716061885313,0.002151268639970237,0.2975864553390647
322,18.2,0.9507022014936758,2.0338983050847457,-1.08319610359107,0.5949902231291605,0.0022115096038256583,0.2975864553390647
323,18.1,1.0611876028616072,2.0338983050847457,-0.9727107022231385,0.595007174446558,0.00227175056768108,0.2975864553390647
324,18.0,1.0546574074074044,2.0338983050847457,-0.9792408976773412,0.5950223973842182,0.0023319915315365013,0.2975864553390647
325,17.9,1.1632360391136987,2.542372881355932,-1.3791368422422334,0.5950377224601391,0.002402216250637625,0.2975864553390647
326,17.9,1.2783337757392161,2.542372881355932,-1.264039105616716,0.5950593024394676,0.0024724409697387487,0.2975864553390647
327,17.9,1.393431512364734,2.542372881355932,-1.148941368991198,0.5950790822988457,0.0025426656888398722,0.2975864553390647
328,18.0,1.5176203703703732,3.0508474576271185,-1.5332270872567453,0.5950970618833472,0.002621613057260925,0.2975864553390647
329,18.1,1.526722582285474,3.0508474576271185,-1.5241248753416445,0.5951210513970505,0.0027005604256819774,0.2975864553390647
330,18.2,1.5358359463496412,3.559322033898305,-2.0234860875486635,0.5951448985314575,0.002787194089048314,0.2975864553390647
331,18.3,1.662630277263373,4.067796610169491,-2.405166332906118,0.5951765525654881,0.0028806520329735475,0.2975864553390647
332,18.5,1.9201108515279697,4.067796610169491,-2.1476857586415217,0.5952141715572706,0.002974109976898781,0.2975864553390647
333,18.8,2.074292870903831,4.067796610169491,-1.9935037392656603,0.5952477666369671,0.0030675679208240145,0.2975864553390647
334,19.1,2.109623379991615,4.576271186440678,-2.466647806449063,0.5952789517472247,0.003167125442947908,0.2975864553390647
335,19.4,2.1450598036884596,4.576271186440678,-2.4312113827522186,0.5953175310928025,0.003266682965071802,0.2975864553390647
336,19.7,2.3072756162742007,5.084745762711864,-2.7774701464376634,0.5953555566084208,0.003372020043723487,0.2975864553390647
337,20.1,2.4866536815843627,5.084745762711864,-2.5980920811275015,0.5953989917131646,0.0034773571223751724,0.2975864553390647
338,20.5,2.5395580870865677,5.084745762711864,-2.5451876756252965,0.5954396243732033,0.0035826942010268575,0.2975864553390647
339,20.9,2.5926645867817406,5.084745762711864,-2.4920811759301236,0.5954794303360299,0.0036880312796785425,0.2975864553390647
340,21.3,2.782937000514403,5.084745762711864,-2.301808762197461,0.5955184064178047,0.003793368358330228,0.2975864553390647
341,21.8,2.9932633372961432,5.084745762711864,-2.091482425415721,0.5955544092378875,0.003898705436981913,0.2975864553390647
342,22.3,3.2103555119836904,5.084745762711864,-1.8743902507281738,0.5955871249482209,0.0040040425156335985,0.2975864553390647
343,22.9,3.303110340858857,5.084745762711864,-1.7816354218530073,0.5956164472661294,0.004109379594285284,0.2975864553390647
344,23.4,3.3807934814814797,5.084745762711864,-1.7039522812303844,0.5956443195145515,0.0042147166729369695,0.2975864553390647
345,24.0,3.628810699588485,5.084745762711864,-1.4559350631233792,0.5956709772307001,0.004320053751588655,0.2975864553390647
346,24.6,3.726897300411526,5.084745762711864,-1.3578484623003382,0.5956937569949059,0.00442539083024034,0.2975864553390647
347,25.2,3.9875665925925845,5.084745762711864,-1.0971791701192797,0.5957150028675288,0.004530727908892026,0.2975864553390647
348,25.9,4.107845987292331,5.084745762711864,-0.9768997754195334,0.5957321718645343,0.004636064987543712,0.2975864553390647
349,26.5,4.2115641741921985,5.084745762711864,-0.8731815885196657,0.5957474593995573,0.004741402066195398,0.2975864553390647
350,27.2,4.508209691205605,5.084745762711864,-0.5765360715062595,0.5957611243898819,0.004846739144847083,0.2975864553390647
351,27.9,4.635280310185187,5.084745762711864,-0.44946545252667747,0.5957701480316929,0.004952076223498769,0.2975864553390647
352,28.6,4.763193255296457,5.084745762711864,-0.3215525074154071,0.5957771831798087,0.005057413302150454,0.2975864553390647
353,29.3,4.891969660169946,5.084745762711864,-0.19277610254191835,0.5957822164543218,0.00516275038080214,0.2975864553390647
354,30.0,5.021630658436204,5.084745762711864,-0.06311510427565992,0.5957852341394709,0.005268087459453826,0.2975864553390647
355,30.7,5.152197383725793,5.084745762711864,0.06745162101392843,0.5957862221834521,0.0053734245381055114,0.2975864553390647
356,31.4,5.28369096966926,4.576271186440678,0.7074197832285822,0.5957851661982284,0.005472982060229404,0.2975864553390647
357,32.1,5.416132549897122,4.576271186440678,0.8398613634564436,0.5957740884092293,0.005572539582353298,0.2975864553390647
358,32.8,5.549543258039937,4.576271186440678,0.9732720715992587,0.5957609359563282,0.005672097104477191,0.2975864553390647
359,33.5,5.6839442277282455,4.067796610169491,1.6161476175587541,0.5957456934309848,0.005765555048402425,0.2975864553390647
360,34.2,5.819356592592596,4.067796610169491,1.751559982423105,0.5957203762543055,0.005859012992327659,0.2975864553390647
361,34.9,5.95580148626353,4.067796610169491,1.8880048760940387,0.5956929362871521,0.0059524709362528926,0.2975864553390647
362,35.6,6.093300042371578,3.559322033898305,2.5339780084732735,0.5956633570975238,0.00603910459961923,0.2975864553390647
363,36.3,6.231873394547312,3.559322033898305,2.6725513606490074,0.5956236471997327,0.006125738262985567,0.2975864553390647
364,37.0,6.371542676421294,3.0508474576271185,3.3206952187941754,0.5955817632704469,0.006204685631406619,0.2975864553390647
365,37.7,6.269916470183657,2.542372881355932,3.7275435888277246,0.5955297080754434,0.0062749103505077425,0.2975864553390647
366,38.3,6.141366990416845,2.542372881355932,3.598994109060913,0.595471265390666,0.0063451350696088656,0.2975864553390647
367,38.9,6.506208197892865,2.542372881355932,3.9638353165369327,0.5954148407954772,0.006415359788709989,0.2975864553390647
368,39.6,6.645632074074087,2.0338983050847457,4.611733768989342,0.5953526869227697,0.00647560075256541,0.2975864553390647
369,40.2,6.507601366255133,2.0338983050847457,4.473703061170387,0.5952803547674671,0.006535841716420831,0.2975864553390647
370,40.8,6.362746288065823,2.0338983050847457,4.3288479829810775,0.5952101909732019,0.006596082680276253,0.2975864553390647
371,41.3,6.458130846726868,2.0338983050847457,4.424232541642122,0.5951423025501589,0.006656323644131675,0.2975864553390647
372,41.9,6.573432733215208,2.0338983050847457,4.539534428130462,0.5950729151895611,0.006716564607987096,0.2975864553390647
373,42.4,6.39759327724433,2.0338983050847457,4.363694972159585,0.5950017157978554,0.006776805571842518,0.2975864553390647
374,42.9,6.491825654835398,2.0338983050847457,4.457927349750652,0.5949332787144905,0.006837046535697939,0.2975864553390647
375,43.4,6.307655057460753,2.0338983050847457,4.273756752376007,0.5948633607217158,0.006897287499553361,0.2975864553390647
376,43.8,6.099842748971202,2.0338983050847457,4.0659444438864565,0.5947963357847127,0.006957528463408782,0.2975864553390647
377,44.2,6.171526017985073,2.0338983050847457,4.137627712900327,0.5947325748747478,0.007017769427264204,0.2975864553390647
378,44.6,6.24364502179545,2.0338983050847457,4.209746716710704,0.5946676876424589,0.007078010391119625,0.2975864553390647
379,45.0,6.026851851851835,2.0338983050847457,3.9929535467670894,0.5946016671597779,0.007138251354975047,0.2975864553390647
380,45.3,6.079632761831276,2.0338983050847457,4.045734456746531,0.5945390516607768,0.007198492318830469,0.2975864553390647
381,45.7,6.150398352518672,2.0338983050847457,4.116500047433926,0.5944756068048399,0.00725873328268589,0.2975864553390647
382,46.0,5.612204199055025,2.0338983050847457,3.5783058939702794,0.594411050038639,0.0073189742465413115,0.2975864553390647
383,46.2,5.34828564609053,2.0338983050847457,3.3143873410057845,0.5943549452105641,0.007379215210396734,0.2975864553390647
384,46.4,5.3802628489559465,2.0338983050847457,3.346364543871201,0.5943029836250915,0.007439456174252155,0.2975864553390647
385,46.6,5.4123544075598184,2.0338983050847457,3.3784561024750728,0.5942505198143556,0.007499697138107576,0.2975864553390647
386,46.8,5.44456081481481,2.0338983050847457,3.4106625097300647,0.5941975519635485,0.0075599381019629975,0.2975864553390647
387,47.0,5.174670629477239,2.0338983050847457,3.1407723243924934,0.5941440782498869,0.00762017906581842,0.2975864553390647
388,47.1,4.887376968621396,2.0338983050847457,2.8534786635366505,0.5940948410563061,0.007680420029673841,0.2975864553390647
389,47.2,4.598826319768317,2.0338983050847457,2.564928014683571,0.5940501126372135,0.007740660993529262,0.2975864553390647
390,47.2,4.295328377381496,2.0338983050847457,2.2614300722967506,0.5940099117334925,0.007800901957384684,0.2975864553390647
391,47.2,4.295328377381496,2.0338983050847457,2.2614300722967506,0.5939744718097077,0.007861142921240105,0.2975864553390647
392,47.2,4.295328377381496,2.0338983050847457,2.2614300722967506,0.5939390317795379,0.007921383885095527,0.2975864553390647
393,47.2,4.295328377381496,2.0338983050847457,2.2614300722967506,0.5939035916429818,0.00798162484895095,0.2975864553390647
394,47.2,3.991830434994676,2.0338983050847457,1.9579321299099304,0.5938681514000386,0.008041865812806371,0.2975864553390647
395,47.1,3.6759572155349813,2.0338983050847457,1.6420589104502357,0.5938374710730597,0.008102106776661793,0.2975864553390647
396,47.0,3.6636109586953034,2.0338983050847457,1.6297126536105577,0.5938117435715508,0.008162347740517216,0.2975864553390647
397,46.9,3.349724730433635,2.0338983050847457,1.3158264253488894,0.5937862095789408,0.008222588704372638,0.2975864553390647
398,46.7,3.3264627716240027,2.0338983050847457,1.292564466539257,0.5937655960191455,0.008282829668228062,0.2975864553390647
399,46.6,3.314874983691485,2.0338983050847457,1.2809766786067391,0.5937453470301078,0.008343070632083484,0.2975864553390647
400,46.4,2.993431573235791,2.0338983050847457,0.9595332681510453,0.5937252796305397,0.008403311595938906,0.2975864553390647
401,46.2,2.6746745349794385,2.0338983050847457,0.6407762298946929,0.5937102497637876,0.008463552559794328,0.2975864553390647
402,45.9,2.644283180555551,2.0338983050847457,0.6103848754708054,0.5937002140791763,0.00852379352364975,0.2975864553390647
403,45.7,2.6241637846174317,2.0338983050847457,0.590265479532686,0.5936906544840755,0.008584034487505172,0.2975864553390647
404,45.4,2.302271850632532,2.0338983050847457,0.2683735455477865,0.5936814100570685,0.008644275451360596,0.2975864553390647
405,45.1,2.2744845524500716,2.0338983050847457,0.24058624736532597,0.5936772074662762,0.008704516415216019,0.2975864553390647
406,44.8,2.246947345831415,2.0338983050847457,0.21304904074666942,0.5936734400504406,0.00876475737907144,0.2975864553390647
407,44.5,2.2196585671963356,2.0338983050847457,0.1857602621115899,0.5936701038838329,0.008824998342926863,0.2975864553390647
408,44.2,2.1926165529644748,2.0338983050847457,0.1587182478797291,0.5936671950669812,0.008885239306782285,0.2975864553390647
409,43.9,1.883540832971325,2.0338983050847457,-0.15035747211342065,0.5936647097266677,0.008945480270637707,0.2975864553390647
410,43.5,1.8507620241769702,2.0338983050847457,-0.18313628090777545,0.5936670638585984,0.00900572123449313,0.2975864553390647
411,43.2,1.8264595555555532,2.0338983050847457,-0.2074387495291925,0.5936699311671735,0.009065962198348553,0.2975864553390647
412,42.8,1.7944286185032747,2.0338983050847457,-0.23946968658147094,0.5936731789399168,0.009126203162203975,0.2975864553390647
413,42.5,1.7706825250533609,2.0338983050847457,-0.2632157800313848,0.5936769281575417,0.009186444126059398,0.2975864553390647
414,42.1,1.7393873833828664,2.0338983050847457,-0.2945109217018793,0.5936810491117991,0.00924668508991482,0.2975864553390647
415,41.8,1.7161886078341697,2.0338983050847457,-0.31770969725057596,0.5936856599696038,0.009306926053770242,0.2975864553390647
416,41.4,1.4194134814814887,2.0338983050847457,-0.614484823603257,0.5936906339792779,0.009367167017625664,0.2975864553390647
417,41.0,1.65545389422344,2.0338983050847457,-0.37844441086130565,0.5937002531132076,0.009427407981481088,0.2975864553390647
418,40.7,1.6330968902796639,2.0338983050847457,-0.4008014148050818,0.5937061778251932,0.00948764894533651,0.2975864553390647
419,40.3,1.3445076827655753,2.0338983050847457,-0.6893906223191704,0.5937124524869747,0.009547889909191932,0.2975864553390647
420,39.9,1.5745770797325247,2.0338983050847457,-0.459321225352221,0.5937232438541756,0.009608130873047354,0.2975864553390647
421,39.6,1.5530394814814958,2.0338983050847457,-0.48085882360324983,0.5937304344830593,0.009668371836902777,0.2975864553390647
422,39.2,1.5246639847584196,2.0338983050847457,-0.5092343203263261,0.5937379622120066,0.009728612800758199,0.2975864553390647
423,38.9,1.753764782254997,2.0338983050847457,-0.28013352282974857,0.5937459340576529,0.009788853764613623,0.2975864553390647
424,38.6,1.4828240890108355,2.0338983050847457,-0.5510742160739102,0.5937503198241337,0.009849094728469045,0.2975864553390647
425,38.2,1.4554073074226317,2.0338983050847457,-0.578490997662114,0.5937589465031925,0.009909335692324467,0.2975864553390647
426,37.9,1.6787906306393736,2.542372881355932,-0.8635822507165585,0.5937680022675288,0.00997956041142559,0.2975864553390647
427,37.6,1.898526094802618,2.542372881355932,-0.6438467865533142,0.5937815193433603,0.010049785130526713,0.2975864553390647
428,37.4,1.8826666349641785,2.542372881355932,-0.6597062463917536,0.5937915979140521,0.010120009849627836,0.2975864553390647
429,37.1,1.6204955919257786,2.542372881355932,-0.9218772894301535,0.5938019246698402,0.01019023456872896,0.2975864553390647
430,36.8,1.8356393318091713,3.0508474576271185,-1.2152081258179472,0.5938163538238739,0.010269181937150013,0.2975864553390647
431,36.6,2.0554851193415664,3.0508474576271185,-0.9953623382855521,0.593835371934003,0.010348129305571066,0.2975864553390647
432,36.4,2.038795595488496,3.0508474576271185,-1.0120518621386223,0.5938509507723093,0.010427076673992118,0.2975864553390647
433,36.2,2.022195781740592,3.0508474576271185,-1.0286516758865267,0.5938667906997187,0.010506024042413171,0.2975864553390647
434,36.0,2.005685185185174,3.559322033898305,-1.553636848713131,0.5938828903082376,0.010592657705779508,0.2975864553390647
435,35.8,2.219458786160655,3.559322033898305,-1.3398632477376498,0.5939072014574134,0.010679291369145846,0.2975864553390647
436,35.7,2.2106379634773767,3.559322033898305,-1.3486840704209282,0.5939281692333402,0.010765925032512183,0.2975864553390647
437,35.5,2.193062245179831,3.559322033898305,-1.366259788718474,0.593949274936809,0.01085255869587852,0.2975864553390647
438,35.4,2.411930683127573,4.067796610169491,-1.6558659270419183,0.593970655497488,0.010946016639803753,0.2975864553390647
439,35.3,2.6295349242303083,4.067796610169491,-1.438261685939183,0.5939965650747485,0.011039474583728988,0.2975864553390647
440,35.3,2.6295349242303083,4.067796610169491,-1.438261685939183,0.594019071658656,0.01113293252765422,0.2975864553390647
441,35.2,2.6195374583142894,4.576271186440678,-1.9567337281263888,0.5940415781997839,0.011232490049778115,0.2975864553390647
442,35.2,2.845874906873952,4.576271186440678,-1.730396279566726,0.5940721916660192,0.011332047571902008,0.2975864553390647
443,35.2,2.845874906873952,4.576271186440678,-1.730396279566726,0.5940992663987197,0.0114316050940259,0.2975864553390647
444,35.2,2.845874906873952,4.576271186440678,-1.730396279566726,0.5941263410695272,0.011531162616149794,0.2975864553390647
445,35.2,3.0722123554336145,5.084745762711864,-2.0125334072782497,0.594153415678442,0.011636499694801478,0.2975864553390647
446,35.3,3.310476282254976,5.084745762711864,-1.7742694804568884,0.5941849011477718,0.011741836773453165,0.2975864553390647
447,35.4,3.322424510288063,5.084745762711864,-1.762321252423801,0.5942126615978528,0.01184717385210485,0.2975864553390647
448,35.5,3.334394549706612,5.084745762711864,-1.7503512130052523,0.5942402351703466,0.011952510930756534,0.2975864553390647
449,35.6,3.3463864621246895,5.084745762711864,-1.7383593005871747,0.5942676215237637,0.012057848009408218,0.2975864553390647
450,35.7,3.587952778292171,5.084745762711864,-1.496792984419693,0.5942948203156355,0.012163185088059903,0.2975864553390647
451,35.9,3.613332530883239,5.59322033898305,-1.9798878080998112,0.5943182416909238,0.01227527747936425,0.2975864553390647
452,36.0,3.6260555555555607,5.59322033898305,-1.9671647834274895,0.594349216399495,0.012387369870668598,0.2975864553390647
453,36.2,3.884335699436058,5.59322033898305,-1.708884639546992,0.5943799921350973,0.012499462261972946,0.2975864553390647
454,36.4,4.145277076969977,5.59322033898305,-1.447943262013073,0.5944067298179129,0.012611554653277294,0.2975864553390647
455,36.7,4.187706269185341,5.59322033898305,-1.405514069797709,0.5944293870317915,0.012723647044581642,0.2975864553390647
456,36.9,4.216105356481485,5.59322033898305,-1.3771149825015652,0.5944513806474656,0.01283573943588599,0.2975864553390647
457,37.2,4.258874658436201,5.59322033898305,-1.334345680546849,0.5944729300741657,0.012947831827190337,0.2975864553390647
458,37.4,4.287502025910687,5.59322033898305,-1.3057183130723633,0.5944938105526026,0.013059924218494685,0.2975864553390647
459,37.7,4.5730286101013675,5.59322033898305,-1.0201917288816826,0.5945142432522103,0.013172016609799032,0.2975864553390647
460,38.0,4.862622275567735,5.59322033898305,-0.7305980634153153,0.5945302096328574,0.01328410900110338,0.2975864553390647
461,38.4,4.925858502057615,5.59322033898305,-0.6673618369254353,0.594541645062972,0.013396201392407728,0.2975864553390647
462,38.7,4.724691291666677,5.59322033898305,-0.8685290473163736,0.5945520909622176,0.013508293783712075,0.2975864553390647
463,39.0,5.02142386831276,5.59322033898305,-0.5717964706702903,0.5945656845396909,0.013620386175016423,0.2975864553390647
464,39.4,5.085613880810853,5.59322033898305,-0.5076064581721971,0.5945746349206803,0.013732478566320771,0.2975864553390647
465,39.7,5.134011071997412,5.59322033898305,-0.45920926698563846,0.5945825807260977,0.013844570957625119,0.2975864553390647
466,40.1,5.456728049058825,5.59322033898305,-0.13649228992422557,0.5945897690804985,0.013956663348929466,0.2975864553390647
467,40.5,5.5245677083333256,5.59322033898305,-0.0686526306497246,0.5945919059713015,0.014068755740233814,0.2975864553390647
468,40.9,5.592806626867086,5.59322033898305,-0.00041371211596441526,0.594592980809304,0.014180848131538162,0.2975864553390647
469,41.3,5.6614487479614475,5.59322033898305,0.06822840897839733,0.5945929872866307,0.01429294052284251,0.2975864553390647
470,41.7,5.730498014917705,5.59322033898305,0.137277675934655,0.5945919190323519,0.014405032914146857,0.2975864553390647
471,42.1,5.799958371037182,5.59322033898305,0.20673803205413144,0.5945897696124579,0.014517125305451205,0.2975864553390647
472,42.5,5.869833759621238,5.59322033898305,0.2766134206381876,0.5945865325298333,0.014629217696755552,0.2975864553390647
473,42.9,5.940128123971184,5.59322033898305,0.3469077849881339,0.5945822012242302,0.014741310088059898,0.2975864553390647
474,43.3,6.010845407388364,5.59322033898305,0.41762506840531355,0.594576769072242,0.014853402479364246,0.2975864553390647
475,43.7,6.081989553174069,5.59322033898305,0.48876921419101915,0.5945702293872761,0.014965494870668594,0.2975864553390647
476,44.1,6.153564504629621,5.59322033898305,0.5603441656465709,0.594562575419527,0.015077587261972942,0.2975864553390647
477,44.5,6.225574205056385,5.084745762711864,1.140828442344521,0.594553800355948,0.015182924340624628,0.2975864553390647
478,44.9,6.009313750019054,5.084745762711864,0.9245679873071895,0.5945359306957628,0.015288261419276312,0.2975864553390647
479,45.2,6.062011296143883,5.084745762711864,0.9772655334320186,0.5945214497102358,0.015393598497927997,0.2975864553390647
480,45.6,6.425874748971185,5.084745762711864,1.3411289862593208,0.5945061430134091,0.015498935576579682,0.2975864553390647
481,46.0,6.4995498780673575,5.084745762711864,1.4148041153554933,0.5944851341358321,0.015604272655231366,0.2975864553390647
482,46.4,6.573678486816025,5.084745762711864,1.4889327241041608,0.5944629704433809,0.01570960973388305,0.2975864553390647
483,46.8,6.347338592592614,5.084745762711864,1.2625928298807496,0.5944396447534976,0.015814946812534734,0.2975864553390647
484,47.1,6.4016516599794455,5.084745762711864,1.3169058972675813,0.5944198666566926,0.01592028389118642,0.2975864553390647
485,47.5,6.474475653958983,5.084745762711864,1.3897298912471188,0.5943992372835867,0.016025620969838106,0.2975864553390647
486,47.8,6.529400734034447,5.084745762711864,1.4446549713225831,0.5943774664516485,0.016130958048489793,0.2975864553390647
487,48.2,6.603046783112332,5.084745762711864,1.518301020400468,0.5943548346539655,0.01623629512714148,0.2975864553390647
488,48.5,6.346735937261823,4.576271186440678,1.7704647508211444,0.5943310483833406,0.016335852649265372,0.2975864553390647
489,48.8,6.400622020423727,4.576271186440678,1.8243508339830488,0.5943033087825377,0.01643541017138927,0.2975864553390647
490,49.1,6.454778712639093,4.576271186440678,1.8785075261984145,0.5942747242156878,0.016534967693513165,0.2975864553390647
491,49.4,6.50920767748818,4.576271186440678,1.932936491047502,0.5942452903971746,0.016634525215637058,0.2975864553390647
492,49.7,6.244337533283803,4.576271186440678,1.6680663468431245,0.5942150030145152,0.016734082737760954,0.2975864553390647
493,49.9,6.2796731340687435,4.576271186440678,1.7034019476280653,0.594188868597739,0.01683364025988485,0.2975864553390647
494,50.2,6.332907279987812,4.576271186440678,1.756636093547134,0.5941621801263857,0.016933197782008743,0.2975864553390647
495,50.4,6.368551259259264,4.576271186440678,1.7922800728185857,0.5941346569506231,0.01703275530413264,0.2975864553390647
496,50.7,6.422250283436197,4.576271186440678,1.845979096995519,0.5941065748371064,0.017132312826256536,0.2975864553390647
497,50.9,6.130916627248128,4.576271186440678,1.55464544080745,0.5940776506602784,0.01723187034838043,0.2975864553390647
498,51.1,6.165711503753235,4.576271186440678,1.5894403173125564,0.594053294080708,0.017331427870504325,0.2975864553390647
499,51.3,6.200632319444439,4.576271186440678,1.6243611330037604,0.5940283919748376,0.01743098539262822,0.2975864553390647
500,51.5,5.90453244789288,4.576271186440678,1.3282612614522016,0.5940029423497023,0.017530542914752114,0.2975864553390647
501,51.6,5.921460633744841,4.576271186440678,1.345189447304163,0.5939821342662217,0.01763010043687601,0.2975864553390647
502,51.8,5.955412445663755,4.576271186440678,1.3791412592230765,0.5939610608125944,0.017729657958999903,0.2975864553390647
503,51.9,5.638717059156396,4.576271186440678,1.0624458727157178,0.593939455146716,0.0178292154811238,0.2975864553390647
504,52.0,5.6551297820454165,4.576271186440678,1.0788585956047383,0.5939228129056462,0.017928773003247696,0.2975864553390647
505,52.1,5.671574544257732,4.576271186440678,1.0953033578170537,0.5939059134402145,0.01802833052537159,0.2975864553390647
506,52.2,5.6880514074074044,4.576271186440678,1.1117802209667262,0.5938887562438703,0.018127888047495485,0.2975864553390647
507,52.3,5.704560433108517,4.576271186440678,1.1282892466678387,0.5938713408090576,0.01822744556961938,0.2975864553390647
508,52.4,5.721101682975154,4.576271186440678,1.1448304965344756,0.5938536666272152,0.018327003091743274,0.2975864553390647
509,52.5,5.400098058127559,4.576271186440678,0.8238268716868804,0.5938357331887761,0.01842656061386717,0.2975864553390647
510,52.5,5.400098058127581,4.576271186440678,0.8238268716869026,0.5938228298067313,0.018526118135991067,0.2975864553390647
511,52.6,5.416060937052289,4.576271186440678,0.8397897506116108,0.5938099264105997,0.01862567565811496,0.2975864553390647
512,52.6,5.077840772443225,4.576271186440678,0.5015695860025469,0.5937967728940179,0.018725233180238856,0.2975864553390647
513,52.6,5.077840772443225,4.576271186440678,0.5015695860025469,0.5937889179227777,0.018824790702362752,0.2975864553390647
514,52.6,5.077840772443225,4.576271186440678,0.5015695860025469,0.5937810629463185,0.018924348224486645,0.2975864553390647
515,52.6,5.077840772443225,4.576271186440678,0.5015695860025469,0.5937732079646403,0.01902390574661054,0.2975864553390647
516,52.6,5.077840772443225,4.576271186440678,0.5015695860025469,0.5937653529777431,0.019123463268734438,0.2975864553390647
517,52.6,5.077840772443225,4.576271186440678,0.5015695860025469,0.593757497985627,0.01922302079085833,0.2975864553390647
518,52.6,4.739620607834161,4.576271186440678,0.16334942139348296,0.5937496429882919,0.019322578312982227,0.2975864553390647
519,52.5,4.724943737139908,4.576271186440678,0.1486725506992297,0.5937470851423984,0.019422135835106123,0.2975864553390647
520,52.5,4.72494373713993,4.576271186440678,0.1486725506992519,0.5937447571308562,0.019521693357230016,0.2975864553390647
521,52.4,4.710299213839366,4.576271186440678,0.13402802739868758,0.5937424291188557,0.019621250879353912,0.2975864553390647
522,52.4,4.710299213839344,4.576271186440678,0.13402802739866537,0.5937403304321711,0.01972080840147781,0.2975864553390647
523,52.3,4.6956869763183855,4.576271186440678,0.11941578987770729,0.5937382317451141,0.0198203659236017,0.2975864553390647
524,52.3,4.695686976318407,4.576271186440678,0.1194157898777286,0.5937363618753019,0.019919923445725598,0.2975864553390647
525,52.2,4.681106962962975,4.576271186440678,0.1048357765222967,0.593734492005194,0.020019480967849494,0.2975864553390647
526,52.2,4.681106962962953,4.576271186440678,0.10483577652227449,0.593732850445224,0.020119038489973387,0.2975864553390647
527,52.1,4.33155396812605,4.576271186440678,-0.24471721831462823,0.5937312088850261,0.020218596012097283,0.2975864553390647
528,52.0,4.6520433622923445,5.084745762711864,-0.4327024004195197,0.5937350402329875,0.02032393309074897,0.2975864553390647
529,52.0,4.652043362292324,5.084745762711864,-0.4327024004195401,0.593741814211592,0.020429270169400656,0.2975864553390647
530,51.9,4.303840515946483,5.084745762711864,-0.7809052467653812,0.5937485881863179,0.020534607248052342,0.2975864553390647
531,51.8,4.623107918914789,5.084745762711864,-0.4616378437970754,0.5937608115952853,0.02063994432670403,0.2975864553390647
532,51.8,4.623107918914811,5.084745762711864,-0.4616378437970532,0.5937680384610113,0.020745281405355715,0.2975864553390647
533,51.7,4.276254974603742,5.084745762711864,-0.8084907881081218,0.5937752653223232,0.0208506184840074,0.2975864553390647
534,51.6,4.594300139917707,5.084745762711864,-0.49044562279415693,0.5937879203571608,0.020955955562659088,0.2975864553390647
535,51.6,4.594300139917687,5.084745762711864,-0.49044562279417736,0.5937955980986177,0.021061292641310774,0.2975864553390647
536,51.5,4.579943970526587,5.084745762711864,-0.504801792185277,0.5938032758350925,0.02116662971996246,0.2975864553390647
537,51.5,4.579943970526587,5.084745762711864,-0.504801792185277,0.593811178261686,0.021271966798614147,0.2975864553390647
538,51.4,4.565619532388346,5.084745762711864,-0.5191262303235185,0.5938190806830014,0.021377303877265833,0.2975864553390647
539,51.4,4.565619532388346,5.59322033898305,-1.0276008065947044,0.5938272072946478,0.02148939626857018,0.2975864553390647
540,51.3,4.551326763888877,5.59322033898305,-1.0418935750941731,0.5938432905163142,0.02160148865987453,0.2975864553390647
541,51.3,4.8811878749999975,5.59322033898305,-0.7120324639830526,0.5938595973228497,0.021713581051178876,0.2975864553390647
542,51.3,4.8811878749999975,5.59322033898305,-0.7120324639830526,0.5938707428750929,0.021825673442483224,0.2975864553390647
543,51.3,4.5513267638889205,5.59322033898305,-1.0418935750941296,0.593881888416839,0.02193776583378757,0.2975864553390647
544,51.2,4.537065603414146,5.59322033898305,-1.0561547355689038,0.5938981951702014,0.02204985822509192,0.2975864553390647
545,51.2,4.866283710409999,5.59322033898305,-0.7269366285730507,0.593914725009762,0.022161950616396267,0.2975864553390647
546,51.2,4.866283710409999,5.59322033898305,-0.7269366285730507,0.593926103738852,0.022274043007700615,0.2975864553390647
547,51.2,5.195501817405852,5.59322033898305,-0.39771852157719856,0.5939374824570013,0.022386135399004962,0.2975864553390647
548,51.3,5.211048986111076,5.59322033898305,-0.3821713528719739,0.5939437087410894,0.02249822779030931,0.2975864553390647
549,51.3,4.8811878749999975,5.59322033898305,-0.7120324639830526,0.5939496916680029,0.022610320181613658,0.2975864553390647
550,51.3,4.8811878749999975,5.59322033898305,-0.7120324639830526,0.5939608371353929,0.022722412572918006,0.2975864553390647
551,51.3,5.211048986111119,5.59322033898305,-0.38217135287193127,0.5939719825922859,0.022834504964222353,0.2975864553390647
552,51.4,5.226627762841039,6.101694915254237,-0.8750671524131981,0.5939779655049013,0.022952926016853933,0.2975864553390647
553,51.4,5.226627762841039,6.101694915254237,-0.8750671524131981,0.5939916620408296,0.023071347069485514,0.2975864553390647
554,51.5,5.242238209209734,6.101694915254237,-0.8594567060445026,0.5940053585609079,0.02318976812211709,0.2975864553390647
555,51.5,5.242238209209734,6.101694915254237,-0.8594567060445026,0.5940188108145782,0.02330818917474867,0.2975864553390647
556,51.6,5.589670510288063,6.101694915254237,-0.5120244049661737,0.5940322630529586,0.023426610227380247,0.2975864553390647
557,51.7,5.60598748489176,6.101694915254237,-0.49570743036247666,0.5940402783679414,0.023545031280011827,0.2975864553390647
558,51.8,5.622336313976525,6.101694915254237,-0.47935860127771246,0.5940480382992958,0.023663452332643407,0.2975864553390647
559,51.9,5.638717059156396,6.101694915254237,-0.46297785609784103,0.594055542345656,0.023781873385274984,0.2975864553390647
560,52.0,5.6551297820454165,6.101694915254237,-0.4465651332088205,0.5940627900046577,0.023900294437906564,0.2975864553390647
561,52.1,5.671574544257732,6.101694915254237,-0.43012037099650513,0.5940697807729364,0.02401871549053814,0.2975864553390647
562,52.2,5.6880514074074044,6.101694915254237,-0.41364350784683257,0.5940765141461285,0.02413713654316972,0.2975864553390647
563,52.3,5.704560433108517,6.101694915254237,-0.3971344821457201,0.5940829896188706,0.0242555575958013,0.2975864553390647
564,52.4,5.721101682975154,6.101694915254237,-0.38059323227908326,0.5940892066847994,0.024373978648432878,0.2975864553390647
565,52.5,6.075252379115233,6.101694915254237,-0.026442536139003714,0.5940951648365513,0.024492399701064458,0.2975864553390647
566,52.7,6.109782562433327,6.101694915254237,0.008087647179089608,0.5940955788500057,0.024610820753696035,0.2975864553390647
567,52.8,5.7875901563785765,6.101694915254237,-0.3141047588756605,0.5940954522191664,0.024729241806327615,0.2975864553390647
568,52.9,6.144442628238841,6.101694915254237,0.042747712984604114,0.5941003696272289,0.024847662858959195,0.2975864553390647
569,53.1,6.179233069444473,6.101694915254237,0.07753815419023624,0.5940997003038793,0.02496608391159077,0.2975864553390647
570,53.2,6.196677334857477,6.101694915254237,0.09498241960324005,0.594098486231511,0.025084504964222352,0.2975864553390647
571,53.4,6.231664263374469,6.101694915254237,0.1299693481202322,0.5940969990108886,0.02520292601685393,0.2975864553390647
572,53.5,6.249207049706628,6.101694915254237,0.1475121344523913,0.5940949639415983,0.02532134706948551,0.2975864553390647
573,53.7,6.284391574588463,6.610169491525424,-0.32577791693696057,0.5940926541696206,0.025445709314383468,0.2975864553390647
574,53.8,6.302033436366392,6.610169491525424,-0.3081360551590322,0.5940977543021884,0.025570071559281426,0.2975864553390647
575,54.0,6.337416666666696,6.610169491525424,-0.27275282485872765,0.5941025782788227,0.025694433804179385,0.2975864553390647
576,54.1,6.355158158417147,6.610169491525424,-0.2550113331082766,0.5941068483769774,0.025818796049077344,0.2975864553390647
577,54.3,6.390741203189283,6.610169491525424,-0.21942828833614048,0.5941108407488271,0.025943158293975303,0.2975864553390647
578,54.4,6.408582879439117,6.610169491525424,-0.2015866120863068,0.5941142760918428,0.026067520538873266,0.2975864553390647
579,54.6,6.4443668477366325,6.610169491525424,-0.1658026437887914,0.5941174321291511,0.026191882783771225,0.2975864553390647
580,54.7,6.462309263012505,6.610169491525424,-0.14786022851291847,0.5941200279693188,0.026316245028669184,0.2975864553390647
581,54.9,6.498295263888873,6.610169491525424,-0.11187422763655075,0.5941223429153406,0.026440607273567143,0.2975864553390647
582,55.0,6.5163389727175804,6.610169491525424,-0.09383051880784343,0.5941240944779538,0.0265649695184651,0.2975864553390647
583,55.2,6.5525281152263455,6.610169491525424,-0.057641376299078395,0.5941255635489402,0.02668933176336306,0.2975864553390647
584,55.3,6.570673672134567,6.610169491525424,-0.039495819390857,0.5941264660322796,0.02681369400826102,0.2975864553390647
585,55.5,6.6070670653292245,6.610169491525424,-0.0031024261961993815,0.5941270844174639,0.02693805625315898,0.2975864553390647
586,55.6,6.267804736777951,6.610169491525424,-0.3423647547474733,0.5941271329927827,0.027062418498056937,0.2975864553390647
587,55.7,6.6435972417885845,6.610169491525424,0.03342775026316058,0.5941324927454198,0.0271867807429549,0.2975864553390647
588,55.9,6.680264694425377,6.610169491525424,0.07009520289995308,0.5941319693529707,0.02731114298785286,0.2975864553390647
589,56.0,5.978485444292039,6.610169491525424,-0.6316840472333851,0.5941308718266481,0.027435505232750818,0.2975864553390647
590,56.0,5.618403139765279,6.610169491525424,-0.9917663517601447,0.5941407597615309,0.027559867477648776,0.2975864553390647
591,56.0,5.978485444292039,6.610169491525424,-0.6316840472333851,0.5941562819391883,0.027684229722546735,0.2975864553390647
592,56.1,5.995619298868324,6.610169491525424,-0.6145501926570995,0.5941661698528385,0.027808591967444694,0.2975864553390647
593,56.1,5.634893990226338,6.610169491525424,-0.9752755012990857,0.5941757896232057,0.027932954212342653,0.2975864553390647
594,56.1,5.9956192988682995,6.610169491525424,-0.6145501926571244,0.5941910537565332,0.028057316457240612,0.2975864553390647
595,56.2,6.012787718945269,6.610169491525424,-0.5973817725801549,0.5942006735066713,0.02818167870213857,0.2975864553390647
596,56.2,6.012787718945269,6.610169491525424,-0.5973817725801549,0.5942100245701644,0.028306040947036534,0.2975864553390647
597,56.3,6.392002083009446,6.610169491525424,-0.2181674085159777,0.5942193756262679,0.028430403191934493,0.2975864553390647
598,56.4,6.0472285020576235,6.610169491525424,-0.5629409894678004,0.5942227911994722,0.02855476543683245,0.2975864553390647
599,56.4,6.0472285020576235,6.610169491525424,-0.5629409894678004,0.5942316032511428,0.02867912768173041,0.2975864553390647
600,56.5,6.427798313424018,6.610169491525424,-0.18237117810140546,0.5942404152962509,0.02880348992662837,0.2975864553390647
601,56.6,6.44574861575979,6.610169491525424,-0.16442087576563402,0.594243270488319,0.02892785217152633,0.2975864553390647
602,56.7,6.463733791666664,6.610169491525424,-0.1464356998587597,0.5942458446692713,0.029052214416424287,0.2975864553390647
603,56.8,6.481753902758722,6.610169491525424,-0.12841558876670156,0.594248137289338,0.029176576661322246,0.2975864553390647
604,56.9,6.8656783522138465,6.610169491525424,0.2555088606884226,0.5942501477977418,0.029300938906220205,0.2975864553390647
605,57.1,6.903179813081092,6.610169491525424,0.2930103215556681,0.5942461468741401,0.029425301151118168,0.2975864553390647
606,57.2,6.554184931260477,6.610169491525424,-0.055984560264946914,0.5942415586584138,0.029549663396016126,0.2975864553390647
607,57.3,6.940822000514386,6.610169491525424,0.3306525089889618,0.5942424351931862,0.029674025640914085,0.2975864553390647
608,57.5,6.978605407426467,6.610169491525424,0.36843591590104285,0.5942372574636182,0.029798387885812044,0.2975864553390647
609,57.6,6.627179851851873,6.610169491525424,0.017010360326449536,0.5942314879897571,0.029922750130710003,0.2975864553390647
610,57.7,7.016530526729904,6.610169491525424,0.40636103520447975,0.5942312216553041,0.030047112375607962,0.2975864553390647
611,57.9,7.426897234053491,6.610169491525424,0.8167277425280668,0.5942248581988816,0.03017147462050592,0.2975864553390647
612,58.1,7.092807874161745,6.101694915254237,0.9911129589075083,0.5942120664658521,0.0302898956731375,0.2975864553390647
613,58.2,7.111966551440313,6.101694915254237,1.0102716361860757,0.5941965423879707,0.030408316725769078,0.2975864553390647
614,58.4,7.150391545800929,6.101694915254237,1.0486966305466918,0.5941807180810691,0.030526737778400658,0.2975864553390647
615,58.5,7.169657986111143,6.101694915254237,1.067963070856906,0.5941642916344523,0.03064515883103224,0.2975864553390647
616,58.7,7.585742476699432,5.59322033898305,1.9925221377163815,0.5941475632531037,0.030757251222336586,0.2975864553390647
617,58.9,7.247084805879422,5.59322033898305,1.6538644668963718,0.5941163412178341,0.030869343613640934,0.2975864553390647
618,59.0,7.2665320835238845,5.59322033898305,1.6733117445408343,0.5940904292389035,0.03098143600494528,0.2975864553390647
619,59.2,7.686194193568049,5.084745762711864,2.601448430856185,0.5940642123086795,0.031086773083596968,0.2975864553390647
620,59.4,7.344685333333317,5.084745762711864,2.2599395706214525,0.594023438464775,0.031192110162248654,0.2975864553390647
621,59.5,7.364314988664059,5.084745762711864,2.279569225952195,0.5939880219609358,0.03129744724090034,0.2975864553390647
622,59.7,7.403684342078171,5.084745762711864,2.318938579366307,0.5939522974457346,0.03140278431955203,0.2975864553390647
623,59.8,7.423424163389759,5.084745762711864,2.338678400677895,0.5939159552697021,0.03150812139820371,0.2975864553390647
624,60.0,7.848816872427978,5.084745762711864,2.764071109716114,0.5938793033321723,0.0316134584768554,0.2975864553390647
625,60.2,7.5027525169943425,4.576271186440678,2.9264813305536643,0.593835977133184,0.03171301599897929,0.2975864553390647
626,60.3,7.134945699074096,4.576271186440678,2.5586745126334174,0.5937901020526978,0.03181257352110319,0.2975864553390647
627,60.4,7.542638997408916,4.576271186440678,2.9663678109682374,0.593749998378508,0.031912131043227085,0.2975864553390647
628,60.6,7.582674337448542,4.576271186440678,3.0064031510078637,0.5937034969654883,0.03201168856535098,0.2975864553390647
629,60.7,7.212444485920613,4.576271186440678,2.6361732994799345,0.5936563670121442,0.03211124608747488,0.2975864553390647
630,60.8,7.23191252796827,4.576271186440678,2.655641341527592,0.5936150469080156,0.03221080360959877,0.2975864553390647
631,60.9,7.251418031378572,4.576271186440678,2.6751468449378937,0.5935734211878414,0.03231036113172266,0.2975864553390647
632,61.0,7.270961057765605,4.576271186440678,2.694689871324927,0.5935314892558284,0.03240991865384656,0.2975864553390647
633,61.1,7.290541668743353,4.576271186440678,2.714270482302675,0.5934892505151567,0.032509476175970456,0.2975864553390647
634,61.2,7.310159925925899,4.576271186440678,2.733888739485221,0.5934467043679788,0.03260903369809435,0.2975864553390647
635,61.3,7.329815890927421,4.576271186440678,2.7535447044867425,0.59340385021542,0.03270859122021825,0.2975864553390647
636,61.4,6.954705098613026,4.576271186440678,2.3784339121723477,0.5933606874575779,0.03280814874234214,0.2975864553390647
637,61.4,6.954705098613026,4.576271186440678,2.3784339121723477,0.5933234101251674,0.032907706264466034,0.2975864553390647
638,61.5,6.9737936599794335,4.576271186440678,2.3975224735387552,0.593286132675037,0.033007263786589934,0.2975864553390647
639,61.5,6.578346129115225,4.576271186440678,2.0020749426745468,0.5932485556434502,0.03310682130871383,0.2975864553390647
640,61.5,6.578346129115225,4.576271186440678,2.0020749426745468,0.5932171814116373,0.03320637883083772,0.2975864553390647
641,61.5,6.578346129115225,4.576271186440678,2.0020749426745468,0.59318580709646,0.03330593635296162,0.2975864553390647
642,61.5,6.578346129115225,4.576271186440678,2.0020749426745468,0.5931544326979178,0.03340549387508551,0.2975864553390647
643,61.5,6.578346129115225,4.576271186440678,2.0020749426745468,0.59312305821601,0.033505051397209405,0.2975864553390647
644,61.5,6.578346129115225,4.576271186440678,2.0020749426745468,0.593091683650736,0.033604608919333305,0.2975864553390647
645,61.5,6.1828985982510165,4.576271186440678,1.6066274118103383,0.5930603090020949,0.0337041664414572,0.2975864553390647
646,61.4,5.77029151836608,4.576271186440678,1.194020331925402,0.5930351353339546,0.03380372396358109,0.2975864553390647
647,61.3,6.147331323026202,4.576271186440678,1.5710601365855235,0.593016429689258,0.03390328148570499,0.2975864553390647
648,61.3,6.147331323026252,4.576271186440678,1.571060136585574,0.5929918135689692,0.03400283900782888,0.2975864553390647
649,61.2,5.73608585185188,4.576271186440678,1.1598146654112016,0.5929671973973787,0.034102396529952776,0.2975864553390647
650,61.1,5.719039611130139,4.576271186440678,1.1427684246894607,0.5929490277648973,0.03420195405207667,0.2975864553390647
651,61.0,5.309798506325272,4.576271186440678,0.733527319884594,0.5929311252723255,0.03430151157420057,0.2975864553390647
652,60.8,5.277180017680249,4.576271186440678,0.7009088312395706,0.5929196357613556,0.03440106909632446,0.2975864553390647
653,60.7,5.260926996208623,4.576271186440678,0.6846558097679445,0.5929086572975895,0.034500626618448355,0.2975864553390647
654,60.5,5.228533090896983,4.576271186440678,0.6522619044563047,0.5928979334672144,0.034600184140572254,0.2975864553390647
655,60.4,5.212392083828703,4.576271186440678,0.6361208973880244,0.5928877171480174,0.03469974166269615,0.2975864553390647
656,60.2,4.7931331754305795,4.576271186440678,0.21686198898990128,0.592877753699273,0.03479929918482004,0.2975864553390647
657,60.0,4.76239711934157,4.576271186440678,0.1861259329008922,0.5928743575914782,0.03489885670694394,0.2975864553390647
658,59.8,4.731808937052284,4.576271186440678,0.15553775061160557,0.5928714428520313,0.03499841422906783,0.2975864553390647
659,59.6,4.70136813565006,4.576271186440678,0.12509694920938141,0.5928690071537255,0.035097971751191726,0.2975864553390647
660,59.4,4.671074222222227,4.576271186440678,0.09480303578154903,0.5928670481771822,0.035197529273315625,0.2975864553390647
661,59.2,4.640926703856126,4.576271186440678,0.0646555174154475,0.5928655636108504,0.03529708679543952,0.2975864553390647
662,59.0,4.610925087639036,4.576271186440678,0.034653901198358206,0.5928645511510066,0.03539664431756341,0.2975864553390647
663,58.8,4.5810688806584405,4.576271186440678,0.004797694217762327,0.5928640085017532,0.03549620183968731,0.2975864553390647
664,58.6,4.174557178478884,4.576271186440678,-0.401714007961794,0.592863933375019,0.035595759361811204,0.2975864553390647
665,58.3,4.132189894699734,4.576271186440678,-0.444081291740944,0.592870222769178,0.035695316883935096,0.2975864553390647
666,58.1,4.104124746589692,4.576271186440678,-0.47214643985098625,0.5928771753617235,0.035794874406058996,0.2975864553390647
667,57.8,4.062295353757042,4.576271186440678,-0.5139758326836361,0.592884567259051,0.03589443192818289,0.2975864553390647
668,57.6,4.404957629629635,4.576271186440678,-0.1713135568110431,0.5928926138962807,0.03599398945030678,0.2975864553390647
669,57.4,4.007021123609199,4.576271186440678,-0.5692500628314789,0.5928952962883064,0.03609354697243068,0.2975864553390647
670,57.1,3.965937014727194,4.576271186440678,-0.6103341717134843,0.5929042080771453,0.036193104494554575,0.2975864553390647
671,56.9,3.938723619703546,5.084745762711864,-1.1460221430083184,0.5929137628876162,0.03629844157320626,0.2975864553390647
672,56.6,3.8981663112330387,5.084745762711864,-1.1865794514788255,0.5929317000910311,0.03640377865185795,0.2975864553390647
673,56.4,4.233956897119347,5.084745762711864,-0.8507888655925173,0.5929502717586529,0.036509115730509634,0.2975864553390647
674,56.2,4.205946155159279,5.084745762711864,-0.878799607552585,0.5929635895759495,0.03661445280916132,0.2975864553390647
675,56.0,3.817991617131552,5.084745762711864,-1.266754145580312,0.592977345690811,0.036719789887813006,0.2975864553390647
676,55.7,3.778370904340035,5.084745762711864,-1.306374858371829,0.5929971715002778,0.03682512696646469,0.2975864553390647
677,55.5,4.108996077674878,5.59322033898305,-1.4842242613081718,0.5930176170530028,0.036937219357769044,0.2975864553390647
678,55.3,4.081604742093436,5.59322033898305,-1.511615596889614,0.5930408443775814,0.037049311749073395,0.2975864553390647
679,55.1,4.4086449643537495,5.59322033898305,-1.1845753746293006,0.5930645000587446,0.037161404140377746,0.2975864553390647
680,55.0,4.394425392470652,6.101694915254237,-1.7072695227835855,0.5930830401664364,0.03727982519300933,0.2975864553390647
681,54.8,4.013721595183665,6.101694915254237,-2.0879733200705717,0.5931097555212578,0.03739824624564091,0.2975864553390647
682,54.6,4.3378853662551595,6.610169491525424,-2.2722841252702644,0.5931424231264969,0.03752260849053887,0.2975864553390647
683,54.5,4.323834616960059,6.610169491525424,-2.286334874565365,0.5931779716918548,0.03764697073543683,0.2975864553390647
684,54.3,4.295833795781884,7.11864406779661,-2.822810272014726,0.5932137397666217,0.037776921230486336,0.2975864553390647
685,54.2,4.630391831123328,7.11864406779661,-2.488252236673282,0.5932578911015486,0.03790687172553584,0.2975864553390647
686,54.1,4.615832026729922,7.627118644067796,-3.0112866173378734,0.5932968146535367,0.03804208807168969,0.2975864553390647
687,54.0,4.948527777777767,7.627118644067796,-2.678590866290029,0.5933439100872271,0.03817730441784354,0.2975864553390647
688,54.0,4.948527777777767,7.627118644067796,-2.678590866290029,0.5933858076307353,0.03831252076399738,0.2975864553390647
689,53.9,4.933391574093116,8.135593220338983,-3.202201646245867,0.5934277050261314,0.03845336583441992,0.2975864553390647
690,53.9,5.279970792200121,8.135593220338983,-2.8556224281388616,0.5934777819654543,0.038594210904842455,0.2975864553390647
691,53.9,5.279970792200121,8.135593220338983,-2.8556224281388616,0.593522444937468,0.03873505597526499,0.2975864553390647
692,53.9,5.279970792200121,8.135593220338983,-2.8556224281388616,0.5935671077411976,0.03887590104568753,0.2975864553390647
693,53.9,5.6265500103071275,8.135593220338983,-2.509043210031855,0.593611770376645,0.039016746116110064,0.2975864553390647
694,54.0,5.642972222222233,8.64406779661017,-3.0010955743879366,0.5936510176651477,0.039164829739803446,0.2975864553390647
695,54.0,5.642972222222233,8.64406779661017,-3.0010955743879366,0.5936979525015833,0.03931291336349683,0.2975864553390647
696,54.1,6.355158158417147,9.152542372881356,-2.797384214464209,0.5937448871522033,0.03946808577728993,0.2975864553390647
697,54.3,6.390741203189283,9.152542372881356,-2.761801169692073,0.5937886392801197,0.03962325819108303,0.2975864553390647
698,54.4,6.058788640756003,9.661016949152541,-3.6022283083965387,0.5938318353250027,0.039785374232038664,0.2975864553390647
699,54.5,6.426458073750198,9.661016949152541,-3.2345588754023433,0.5938881571622364,0.039947490272994296,0.2975864553390647
700,54.7,6.8140325140413,9.661016949152541,-2.846984435111241,0.5939387375012961,0.04010960631394993,0.2975864553390647
701,54.9,6.8513045231481415,10.169491525423728,-3.318187002275587,0.5939832637926923,0.040278525232868845,0.2975864553390647
702,55.1,7.243007104271436,10.169491525423728,-2.926484421152292,0.5940351497318443,0.04044744415178776,0.2975864553390647
703,55.4,7.657526141137037,10.169491525423728,-2.5119653842866914,0.5940809175754349,0.040616363070706686,0.2975864553390647
704,55.7,7.359903826150745,10.169491525423728,-2.809587699272983,0.5941202089725942,0.0407852819896256,0.2975864553390647
705,55.9,7.758582595659929,10.169491525423728,-2.4109089297637993,0.5941641503639311,0.04095420090854452,0.2975864553390647
706,56.3,8.202058667371592,10.169491525423728,-1.9674328580521365,0.5942018623110232,0.04112311982746344,0.2975864553390647
707,56.6,7.901509932632236,10.169491525423728,-2.267981592791492,0.5942326426201837,0.04129203874638236,0.2975864553390647
708,56.9,8.329155718468986,10.169491525423728,-1.8403358069547426,0.5942681206707386,0.04146095766530128,0.2975864553390647
709,57.3,8.783028790637871,10.169491525423728,-1.386462734785857,0.5942969138469747,0.041629876584220196,0.2975864553390647
710,57.7,8.871597399157915,10.169491525423728,-1.2978941262658132,0.5943186097521763,0.04179879550313912,0.2975864553390647
711,58.1,8.960734828894214,10.169491525423728,-1.2087566965295142,0.5943389203775505,0.04196771442205804,0.2975864553390647
712,58.5,9.050445023148137,10.169491525423728,-1.1190465022755909,0.5943578367356732,0.042136633340976955,0.2975864553390647
713,58.9,9.519461349089315,10.169491525423728,-0.650030176334413,0.5943753497751001,0.04230555225989588,0.2975864553390647
714,59.4,10.018296444444456,10.169491525423728,-0.1511950809792726,0.5943855246030121,0.042474471178814796,0.2975864553390647
715,59.9,9.754157620046486,10.169491525423728,-0.415333905377242,0.5943878917042643,0.04264339009773371,0.2975864553390647
716,60.3,9.849066069444444,10.169491525423728,-0.32042545597928473,0.5943943934642275,0.04281230901665263,0.2975864553390647
717,60.8,10.359484544429163,10.169491525423728,0.18999301900543486,0.5943994096854351,0.042981227935571555,0.2975864553390647
718,61.3,10.483108071997368,10.169491525423728,0.31361654657363935,0.5943964347663855,0.04315014685449047,0.2975864553390647
719,61.8,11.005052378600844,9.661016949152541,1.3440354294483026,0.5943915239023085,0.0433122628954461,0.2975864553390647
720,62.4,11.15964895473253,9.661016949152541,1.4986320055799887,0.5943704692665092,0.043474378936401735,0.2975864553390647
721,62.9,10.885086579237171,9.152542372881356,1.732544206355815,0.594346991352804,0.04362955135019484,0.2975864553390647
722,63.4,11.42039226215518,8.64406779661017,2.776324465545011,0.5943198463364986,0.043777634973888216,0.2975864553390647
723,64.0,11.57870934308797,8.135593220338983,3.4431161227489877,0.5942763294809159,0.04391848004431075,0.2975864553390647
724,64.5,11.29698643261313,8.135593220338983,3.161393212274147,0.5942223466086232,0.04405932511473329,0.2975864553390647
725,65.0,11.845732357872242,8.135593220338983,3.7101391375332593,0.5941727860673333,0.044200170185155825,0.2975864553390647
726,65.6,12.007864582838007,8.135593220338983,3.872271362499024,0.5941146099705491,0.04434101525557836,0.2975864553390647
727,66.1,12.144085723574936,7.627118644067796,4.51696707950714,0.5940538873646874,0.04447623160173221,0.2975864553390647
728,66.7,12.308895758211424,7.627118644067796,4.681777114143628,0.5939830364383089,0.04461144794788605,0.2975864553390647
729,67.2,12.015268279835405,7.11864406779661,4.8966242120387955,0.5939095951077965,0.044741398442935565,0.2975864553390647
730,67.7,12.151559662913444,6.610169491525424,5.54139017138802,0.5938327764783378,0.044865760687833524,0.2975864553390647
731,68.2,12.72742267093428,6.101694915254237,6.6257277556800425,0.593745819738413,0.044984181740465104,0.2975864553390647
732,68.8,12.897469101661297,5.59322033898305,7.304248762678247,0.5936418014472552,0.045096274131769455,0.2975864553390647
733,69.3,12.594737782407417,5.084745762711864,7.509992019695553,0.5935270987734685,0.04520161121042114,0.2975864553390647
734,69.8,12.286643885992987,5.084745762711864,7.201898123281123,0.5934091543249996,0.04530694828907283,0.2975864553390647
735,70.2,12.397423999999999,5.084745762711864,7.312678237288135,0.5932960613201111,0.045412285367724514,0.2975864553390647
736,70.7,12.536872799058772,4.576271186440678,7.960601612618094,0.5931812225089831,0.04551184288984841,0.2975864553390647
737,71.1,12.649215569444383,4.067796610169491,8.581418959274892,0.5930561749691521,0.04560530083377364,0.2975864553390647
738,71.6,12.790630165828434,3.0508474576271185,9.739782708201314,0.5929213404312069,0.045684248202194695,0.2975864553390647
739,72.0,12.441592592592638,3.0508474576271185,9.39074513496552,0.5927682322708415,0.04576319557061575,0.2975864553390647
740,72.4,12.553655760097532,2.0338983050847457,10.519757455012787,0.5926206297137674,0.04582343653447117,0.2975864553390647
741,72.8,12.198325669257708,2.0338983050847457,10.164427364172962,0.5924552043362306,0.04588367749832659,0.2975864553390647
742,73.1,11.811414089868178,2.0338983050847457,9.777515784783432,0.592295387186267,0.045943918462182015,0.2975864553390647
743,73.4,11.893014865416877,2.0338983050847457,9.859116560332131,0.592141675336006,0.04600415942603743,0.2975864553390647
744,73.7,11.975022663599255,2.0338983050847457,9.941124358514509,0.591986673529086,0.04606440038989285,0.2975864553390647
745,74.0,12.05743914799575,2.0338983050847457,10.023540842911004,0.5918303752044662,0.046124641353748275,0.2975864553390647
746,74.3,11.662513924573245,2.0338983050847457,9.6286156194885,0.5916727737727632,0.0461848823176037,0.2975864553390647
747,74.5,11.23763653358862,2.0338983050847457,9.203738228503875,0.5915214038021466,0.04624512328145911,0.2975864553390647
748,74.7,10.81037073611109,2.0338983050847457,8.776472431026344,0.5913767360975791,0.046305364245314534,0.2975864553390647
749,74.8,10.836325878067345,2.0338983050847457,8.8024275729826,0.5912388062834081,0.046365605209169956,0.2975864553390647
750,75.0,10.888374485596747,2.0338983050847457,8.854476180512002,0.5911004654950068,0.04642584617302538,0.2975864553390647
751,75.1,9.948675893328012,2.0338983050847457,7.9147775882432665,0.5909613021515393,0.0464860871368808,0.2975864553390647
752,75.1,9.948675893328012,2.0338983050847457,7.9147775882432665,0.5908369532245719,0.046546328100736216,0.2975864553390647
753,75.2,9.973529746075307,2.0338983050847457,7.939631440990562,0.5907126029815845,0.04660656906459164,0.2975864553390647
754,75.2,9.489990651425087,2.0338983050847457,7.456092346340341,0.5905878596920938,0.04666681002844706,0.2975864553390647
755,75.2,9.006451556774868,2.0338983050847457,6.9725532516901225,0.5904707349854608,0.04672705099230248,0.2975864553390647
756,75.1,8.499987621723035,2.0338983050847457,6.466089316638289,0.5903612261324459,0.0467872919561579,0.2975864553390647
757,75.0,8.477109053497975,2.0338983050847457,6.443210748413229,0.5902596913086545,0.04684753292001332,0.2975864553390647
758,74.9,7.972666613530733,2.0338983050847457,5.9387683084459875,0.5901585157930029,0.04690777388386874,0.2975864553390647
759,74.7,7.928426291666627,2.0338983050847457,5.894527986581881,0.5900652793928827,0.046968014847724164,0.2975864553390647
760,74.6,7.42669413016309,2.0338983050847457,5.392795825078345,0.5899727384543416,0.047028255811579586,0.2975864553390647
761,74.3,6.884993348441541,2.0338983050847457,4.851095043356795,0.5898880907714922,0.047088496775435,0.2975864553390647
762,74.1,6.843875872942379,2.0338983050847457,4.809977567857634,0.589811961805663,0.047148737739290424,0.2975864553390647
763,73.8,6.308004888888929,2.0338983050847457,4.274106583804183,0.5897364788553058,0.047208978703145846,0.2975864553390647
764,73.5,6.249009194958829,2.0338983050847457,4.215110889874083,0.589669419256678,0.04726921966700127,0.2975864553390647
765,73.2,5.719742065843587,2.0338983050847457,3.685843760758841,0.5896032864669933,0.04732946063085669,0.2975864553390647
766,72.8,5.176720730986143,2.0338983050847457,3.1428224259013975,0.5895454694861226,0.047389701594712105,0.2975864553390647
767,72.4,5.1050960893156665,2.0338983050847457,3.071197784230921,0.5894961809015034,0.04744994255856753,0.2975864553390647
768,72.0,4.5712222222222225,2.0338983050847457,2.537323917137477,0.5894480167742381,0.04751018352242295,0.2975864553390647
769,71.5,4.0270483562909485,2.0338983050847457,1.9931500512062028,0.5894082334441105,0.04757042448627837,0.2975864553390647
770,71.0,4.403471726870903,2.0338983050847457,2.369573421786157,0.5893769890222125,0.04763066545013379,0.2975864553390647
771,70.6,3.8836389617436233,2.0338983050847457,1.8497406566588777,0.5893398381543452,0.04769090641398921,0.2975864553390647
772,70.0,3.3398900701112373,2.0338983050847457,1.3059917650264916,0.5893108432923811,0.04775114737784463,0.2975864553390647
773,69.5,3.2662533841068737,2.0338983050847457,1.232355079022128,0.5892903761282947,0.047811388341700053,0.2975864553390647
774,68.9,3.1793018021452837,2.0338983050847457,1.145403497060538,0.5892710635118841,0.047871629305555476,0.2975864553390647
775,68.4,3.108010148148123,2.0338983050847457,1.0741118430633771,0.5892531141324023,0.04793187026941089,0.2975864553390647
776,67.8,2.5878934485596887,2.0338983050847457,0.553995143474943,0.5892362824015793,0.04799211123326631,0.2975864553390647
777,67.2,2.0769966748971265,2.0338983050847457,0.0430983698123808,0.5892276028761614,0.048052352197121735,0.2975864553390647
778,66.5,1.9914496718297576,2.0338983050847457,-0.042448633254988044,0.5892269277841603,0.04811259316097716,0.2975864553390647
779,65.9,2.3434621433661222,2.0338983050847457,0.30956383828137657,0.5892275926761306,0.04817283412483258,0.2975864553390647
780,65.3,1.8494569235443812,2.0338983050847457,-0.1844413815403645,0.5892227431606645,0.048233075088687995,0.2975864553390647
781,64.6,1.7693102100289648,2.0338983050847457,-0.26458809505578085,0.5892256319867001,0.04829331605254342,0.2975864553390647
782,64.0,1.7021661332114078,2.0338983050847457,-0.3317321718733379,0.5892297759832504,0.04835355701639884,0.2975864553390647
783,63.3,1.218603039609047,2.0338983050847457,-0.8152952654756986,0.5892349714544216,0.04841379798025426,0.2975864553390647
784,62.6,1.5509942399024594,2.0338983050847457,-0.48290406518228624,0.5892477378607124,0.048474038944109676,0.2975864553390647
785,62.0,1.4885303688461666,2.0338983050847457,-0.545367936238579,0.5892553004665678,0.0485342799079651,0.2975864553390647
786,61.3,1.417393051421282,2.0338983050847457,-0.6165052536634636,0.5892638410817209,0.04859452087182052,0.2975864553390647
787,60.7,1.357892016784844,2.0338983050847457,-0.6760062882999016,0.5892734954474961,0.04865476183567594,0.2975864553390647
788,60.0,1.2901748971193476,2.542372881355932,-1.2521979842365845,0.5892840813303917,0.04872498655477707,0.2975864553390647
789,59.4,1.615518666666634,2.542372881355932,-0.9268542146892982,0.5893036855525206,0.048795211273878196,0.2975864553390647
790,58.8,1.5563775226337597,4.576271186440678,-3.0198936638069185,0.5893181980918951,0.04889476879600209,0.2975864553390647
791,58.2,1.4985406255144194,5.084745762711864,-3.586205137197445,0.5893654438318127,0.049000105874653775,0.2975864553390647
792,57.6,1.441994666666636,5.084745762711864,-3.6427510960452283,0.5894215366203263,0.04910544295330546,0.2975864553390647
793,57.0,1.3867263374485517,5.084745762711864,-3.6980194252633125,0.5894785123146371,0.04921078003195715,0.2975864553390647
794,56.4,1.695376650205764,5.59322033898305,-3.8978436887772863,0.5895363509092207,0.0493228724232615,0.2975864553390647
795,55.9,2.0075537890755877,6.101694915254237,-4.094141126178649,0.589597309723069,0.049441293475893086,0.2975864553390647
796,55.4,1.957937663770779,6.610169491525424,-4.652231827754645,0.5896613331539398,0.049565655720791045,0.2975864553390647
797,54.9,1.9091748935185306,7.11864406779661,-5.209469174278079,0.5897340674613604,0.04969560621584055,0.2975864553390647
798,54.4,2.211052015241579,7.11864406779661,-4.907592052555031,0.5898154953455989,0.049825556710890055,0.2975864553390647
799,54.0,2.5179722222222325,7.627118644067796,-5.109146421845564,0.5898922132879513,0.049960773057043904,0.2975864553390647
800,53.6,2.47563053619876,8.135593220338983,-5.659962684140223,0.5899720751536719,0.05010161812746644,0.2975864553390647
801,53.2,2.433817252552953,8.135593220338983,-5.70177596778603,0.5900605270779687,0.05024246319788897,0.2975864553390647
802,52.8,2.7320346008230207,8.135593220338983,-5.403558619515962,0.5901496303113598,0.05038330826831151,0.2975864553390647
803,52.5,3.374635095164604,8.135593220338983,-4.760958125174379,0.5902340825284933,0.05052415333873404,0.2975864553390647
804,52.3,3.350522367264914,8.135593220338983,-4.785070853074069,0.5903085099031501,0.05066499840915658,0.2975864553390647
805,52.0,3.648956942539251,9.152542372881356,-5.503585430342105,0.5903833130467744,0.050820170822949685,0.2975864553390647
806,51.9,4.637559651748961,9.152542372881356,-4.514982721132395,0.590469323493273,0.050975343236742784,0.2975864553390647
807,51.9,4.97127878755144,9.152542372881356,-4.1812635853299165,0.5905399110322692,0.05113051565053589,0.2975864553390647
808,51.9,4.97127878755144,9.661016949152541,-4.689738161601102,0.5906052894201546,0.05129263169149152,0.2975864553390647
809,51.9,5.304997923353919,10.169491525423728,-4.8644936020698095,0.590678603193574,0.05146155061041044,0.2975864553390647
810,52.0,5.989491921963122,10.677966101694915,-4.688474179731793,0.590754643164626,0.05163713589469138,0.2975864553390647
811,52.2,6.023699555555541,10.677966101694915,-4.654266546139374,0.5908279362927003,0.05181272117897231,0.2975864553390647
812,52.3,6.377142737635262,11.1864406779661,-4.809297940330838,0.5909006952000806,0.051994840384270324,0.2975864553390647
813,52.6,6.7689415954884975,11.694915254237287,-4.92597365874879,0.5909758726056406,0.052183364974434265,0.2975864553390647
814,52.8,6.806108674897124,11.694915254237287,-4.888806579340163,0.5910528698117716,0.0523718895645982,0.2975864553390647
815,53.1,7.203538624999993,12.203389830508474,-4.999851205508481,0.5911292866907865,0.0525666947594034,0.2975864553390647
816,53.4,7.605121053497922,12.203389830508474,-4.598268777010552,0.5912074353759308,0.0527614999542086,0.2975864553390647
817,53.8,8.031714506325267,12.203389830508474,-4.171675324183207,0.5912793181771738,0.052956305149013796,0.2975864553390647
818,54.2,8.115474135650066,12.203389830508474,-4.087915694858408,0.591344542824592,0.05315111034381899,0.2975864553390647
819,54.6,8.550848329218105,12.203389830508474,-3.6525415012903686,0.5914084596454048,0.05334591553862419,0.2975864553390647
820,55.1,9.014483441720023,12.203389830508474,-3.1889063887884515,0.5914655786769244,0.05354072073342939,0.2975864553390647
821,55.6,9.12788704130469,12.203389830508474,-3.0755027892037834,0.5915154562176601,0.053735525928234586,0.2975864553390647
822,56.1,9.242147076646077,12.203389830508474,-2.961242753862397,0.5915635619748261,0.053930331123039785,0.2975864553390647
823,56.6,9.721211578722754,12.203389830508474,-2.4821782517857205,0.5916098824304898,0.054125136317844984,0.2975864553390647
824,57.2,10.232168470355115,12.203389830508474,-1.9712213601533595,0.5916487164617613,0.05431994151265018,0.2975864553390647
825,57.8,10.380453789971023,12.203389830508474,-1.822936040537451,0.5916795626435994,0.05451474670745538,0.2975864553390647
826,58.4,10.530021175430605,12.203389830508474,-1.6733686550778692,0.591708090020934,0.05470955190226058,0.2975864553390647
827,59.0,11.060256363359239,12.203389830508474,-1.1431334671492355,0.5917342782874775,0.05490435709706578,0.2975864553390647
828,59.7,11.626292366769553,12.203389830508474,-0.5770974637389212,0.5917521720816944,0.05509916229187097,0.2975864553390647
829,60.4,11.426383853376006,12.203389830508474,-0.7770059771324682,0.5917612075688911,0.05529396748667617,0.2975864553390647
830,61.0,11.585518670934302,12.203389830508474,-0.6178711595741717,0.5917733720047201,0.05548877268148137,0.2975864553390647
831,61.7,12.169620530540321,12.203389830508474,-0.03376929996815292,0.5917830457027109,0.05568357787628657,0.2975864553390647
832,62.4,12.363352658436217,12.203389830508474,0.15996282792774252,0.5917835745338842,0.05587838307109177,0.2975864553390647
833,63.1,12.964704295248456,11.694915254237287,1.269789041011169,0.591781069304634,0.0560669076612557,0.2975864553390647
834,63.9,13.195743458333299,11.1864406779661,2.0093027803671983,0.59176117394817,0.05624902686655372,0.2975864553390647
835,64.6,12.98458798780674,11.1864406779661,1.7981473098406404,0.5917296823924221,0.056431146071851734,0.2975864553390647
836,65.3,13.186262479099991,11.1864406779661,1.9998218011338906,0.5917015025448168,0.05661326527714975,0.2975864553390647
837,66.0,13.389908436213997,10.169491525423728,3.2204169107902683,0.5916701595432232,0.05678218419606867,0.2975864553390647
838,66.7,14.024430737635287,10.169491525423728,3.8549392122115584,0.5916196615864616,0.05695110311498759,0.2975864553390647
839,67.5,14.267057291666687,9.661016949152541,4.606040342514145,0.5915591983971893,0.05711321915594322,0.2975864553390647
840,68.2,14.043009090687402,9.152542372881356,4.890466717806046,0.5914869324428091,0.05726839156973632,0.2975864553390647
841,68.9,14.255047686918866,8.64406779661017,5.6109798903086965,0.5914101948211662,0.057416475193429704,0.2975864553390647
842,69.6,14.469166436213941,8.64406779661017,5.825098639603771,0.5913221254935297,0.057564558817123086,0.2975864553390647
843,70.3,14.233354579199101,8.64406779661017,5.589286782588932,0.5912306868650729,0.05771264244081647,0.2975864553390647
844,70.9,14.416516486263522,8.135593220338983,6.280923265924539,0.5911429574535692,0.057853487511239005,0.2975864553390647
845,71.6,14.6321939518366,8.135593220338983,6.496600731497617,0.5910443440953294,0.05799433258166154,0.2975864553390647
846,72.2,14.818780061576035,8.135593220338983,6.6831868412370525,0.5909423348387774,0.05813517765208408,0.2975864553390647
847,72.9,15.038488874999992,8.135593220338983,6.902895654661009,0.5908373870653841,0.05827602272250661,0.2975864553390647
848,73.5,14.755953639403273,7.627118644067796,7.1288349953354775,0.5907289786402671,0.058411239068660456,0.2975864553390647
849,74.1,14.46733266306581,7.627118644067796,6.840214018998013,0.590617010719393,0.058546455414814305,0.2975864553390647
850,74.6,14.621910179545829,7.11864406779661,7.503266111749219,0.5905095873798986,0.05867640590986381,0.2975864553390647
851,75.2,14.808920692577377,6.610169491525424,8.198751201051953,0.5903917186254908,0.05880076815476177,0.2975864553390647
852,75.7,14.479282285989193,6.610169491525424,7.869112794463769,0.5902628872708933,0.05892513039965973,0.2975864553390647
853,76.2,14.144379884773599,6.610169491525424,7.534210393248175,0.5901392506984474,0.05904949264455769,0.2975864553390647
854,76.6,14.266705985063185,6.101694915254237,8.165011069808948,0.5900208906423968,0.05916791369718927,0.2975864553390647
855,77.1,14.420675991255205,6.101694915254237,8.318981076000968,0.5898925871513563,0.059286334749820854,0.2975864553390647
856,77.5,14.04637851747071,5.59322033898305,8.45315817848766,0.5897618546969571,0.059398427141125205,0.2975864553390647
857,77.9,13.667701025396253,5.59322033898305,8.074480686413203,0.5896290050202282,0.05951051953242956,0.2975864553390647
858,78.2,13.757942805060175,5.59322033898305,8.164722466077125,0.589502124483912,0.05962261192373391,0.2975864553390647
859,78.6,13.87894001646094,5.59322033898305,8.28571967747789,0.5893738198763605,0.05973470431503826,0.2975864553390647
860,78.9,12.955535716563794,5.59322033898305,7.362315377580744,0.5892436061105658,0.05984679670634261,0.2975864553390647
861,79.1,13.014044127591076,5.084745762711864,7.9292983648792115,0.5891279456291256,0.059952133784994296,0.2975864553390647
862,79.4,13.102172423715906,5.084745762711864,8.017426661004041,0.5890033483991371,0.06005747086364598,0.2975864553390647
863,79.6,12.137506574912337,5.084745762711864,7.052760812200472,0.5888773605711072,0.06016280794229767,0.2975864553390647
864,79.7,12.16579245440867,5.084745762711864,7.081046691696806,0.5887665734274549,0.060268145020949355,0.2975864553390647
865,79.9,12.222511594288196,5.084745762711864,7.137765831576332,0.5886553396501019,0.06037348209960104,0.2975864553390647
866,80.0,11.736541685718537,5.084745762711864,6.651795923006673,0.5885432112802145,0.06047881917825273,0.2975864553390647
867,80.1,11.24933506018513,5.084745762711864,6.164589297473266,0.5884387364489756,0.060584156256904415,0.2975864553390647
868,80.1,11.249335060185262,5.084745762711864,6.164589297473397,0.5883419318461439,0.0606894933355561,0.2975864553390647
869,80.2,11.27658107971354,5.084745762711864,6.191835317001677,0.5882451264466907,0.06079483041420779,0.2975864553390647
870,80.2,10.245202478890333,5.084745762711864,5.1604567161784685,0.5881478913292191,0.060900167492859474,0.2975864553390647
871,80.1,10.219242467592506,5.084745762711864,5.134496704880642,0.5880668855147173,0.06100550457151116,0.2975864553390647
872,80.1,10.21924246759264,5.084745762711864,5.1344967048807755,0.5879862874875732,0.061110841650162846,0.2975864553390647
873,80.0,9.678928516994462,5.084745762711864,4.594182754282598,0.5879056889086527,0.06121617872881453,0.2975864553390647
874,79.9,9.13994986589318,5.084745762711864,4.055204103181317,0.5878335869750761,0.06132151580746622,0.2975864553390647
875,79.7,8.578472495560831,5.084745762711864,3.493726732848967,0.587769957186844,0.061426852886117905,0.2975864553390647
876,79.5,8.530951838991712,5.084745762711864,3.4462060762798474,0.5877151494771405,0.06153218996476959,0.2975864553390647
877,79.3,8.483627115207291,5.084745762711864,3.398881352495427,0.5876610880202666,0.06163752704342128,0.2975864553390647
878,79.1,8.436497831294844,5.084745762711864,3.3517520685829796,0.5876077697204225,0.061742864122072964,0.2975864553390647
879,78.9,7.882233247427976,5.084745762711864,2.797487484716112,0.5875551914897046,0.06184820120072465,0.2975864553390647
880,78.6,7.814125201646082,5.084745762711864,2.7293794389342176,0.5875113174004147,0.06195353827937634,0.2975864553390647
881,78.4,7.768962083828678,5.084745762711864,2.684216321116814,0.5874685124799413,0.06205887535802802,0.2975864553390647
882,78.1,6.69720711589312,5.084745762711864,1.6124613531812555,0.5874264164592583,0.06216421243667971,0.2975864553390647
883,77.7,6.613181163065869,5.084745762711864,1.528435400354005,0.587401139265442,0.062269549515331396,0.2975864553390647
884,77.4,7.048349777777756,5.084745762711864,1.9636040150658918,0.587377180026119,0.06237488659398308,0.2975864553390647
885,77.1,6.488577225823073,5.084745762711864,1.4038314631112092,0.5873463938301702,0.06248022367263477,0.2975864553390647
886,76.7,5.913274688633607,5.084745762711864,0.8285289259217432,0.5873243888303331,0.06258556075128646,0.2975864553390647
887,76.3,6.325096592230568,5.084745762711864,1.2403508295187038,0.5873114046239488,0.06269089782993814,0.2975864553390647
888,76.0,6.264568739521377,5.084745762711864,1.179822976809513,0.5872919633843471,0.06279623490858983,0.2975864553390647
889,75.6,5.698409111111124,5.084745762711864,0.6136633483992595,0.5872734712726002,0.06290157198724151,0.2975864553390647
890,75.2,5.621677894223456,5.084745762711864,0.536932131511592,0.5872638550909627,0.06300690906589321,0.2975864553390647
891,74.8,5.545688017985077,5.084745762711864,0.46094225527321253,0.5872554415471344,0.06311224614454489,0.2975864553390647
892,74.4,4.992040477366317,5.084745762711864,-0.09270528534554678,0.5872482189520257,0.06321758322319658,0.2975864553390647
893,73.9,4.902220856976832,5.59322033898305,-0.6909994820062177,0.587249671250511,0.06332967561450092,0.2975864553390647
894,73.5,5.303793145576085,5.59322033898305,-0.289427193406965,0.5872604937056579,0.06344176800580528,0.2975864553390647
895,73.1,5.230909974641836,5.59322033898305,-0.362310364341214,0.5872650274425211,0.06355386039710963,0.2975864553390647
896,72.7,5.15874744202486,5.59322033898305,-0.4344728969581899,0.5872707026923967,0.06366595278841398,0.2975864553390647
897,72.3,5.087301604423881,5.59322033898305,-0.5059187345591694,0.5872775081017951,0.06377804517971833,0.2975864553390647
898,71.9,5.016568518537586,6.101694915254237,-1.0851263967166513,0.5872854323806286,0.06389646623234992,0.2975864553390647
899,71.5,4.946544241064519,6.101694915254237,-1.1551506741897182,0.587302424952038,0.0640148872849815,0.2975864553390647
900,71.1,4.877224828703715,6.101694915254237,-1.2244700865505216,0.5873205135419213,0.06413330833761308,0.2975864553390647
901,70.7,4.808606338153496,6.101694915254237,-1.2930885771007414,0.5873396870525929,0.06425172939024465,0.2975864553390647
902,70.3,4.740684826112647,6.610169491525424,-1.8694846654127772,0.5873599344496803,0.0643760916351426,0.2975864553390647
903,69.9,5.122916225823071,6.610169491525424,-1.4872532657023525,0.5873892004078805,0.06450045388004055,0.2975864553390647
904,69.6,5.071018288065812,7.11864406779661,-2.047625779730798,0.5874124861759494,0.06463040437509006,0.2975864553390647
905,69.2,5.002421117817431,7.11864406779661,-2.1162229499791785,0.5874445384474863,0.06476035487013955,0.2975864553390647
906,68.9,5.3944509790999655,7.11864406779661,-1.7241930886966443,0.5874776635059455,0.06489030536518905,0.2975864553390647
907,68.6,5.34190406157596,7.627118644067796,-2.285214582491836,0.5875046562760372,0.06502552171134289,0.2975864553390647
908,68.3,5.2897375494018055,7.627118644067796,-2.3373810946659903,0.5875404239676079,0.06516073805749673,0.2975864553390647
909,68.0,5.23794977899714,7.627118644067796,-2.3891688650706557,0.5875770072911316,0.06529595440365057,0.2975864553390647
910,67.7,5.186539086781779,8.135593220338983,-2.949054133557204,0.5876144002833141,0.0654367994740731,0.2975864553390647
911,67.4,5.568888582837978,8.135593220338983,-2.5667046375010045,0.587660545679509,0.06557764454449563,0.2975864553390647
912,67.2,5.96588556378596,8.135593220338983,-2.1697076565530224,0.587700714181912,0.06571848961491815,0.2975864553390647
913,67.0,5.929663389727127,8.135593220338983,-2.205929830611856,0.5877346749768717,0.06585933468534068,0.2975864553390647
914,66.8,5.893606341411321,8.135593220338983,-2.241986878927662,0.5877692021352048,0.06600017975576321,0.2975864553390647
915,66.6,5.857713925925985,8.135593220338983,-2.2778792944129975,0.5878042930535305,0.06614102482618574,0.2975864553390647
916,66.4,6.248940382868486,8.64406779661017,-2.395127413741683,0.5878399451363489,0.06628910844987912,0.2975864553390647
917,66.3,6.230494639403254,8.64406779661017,-2.4135731572069155,0.5878774304652795,0.0664371920735725,0.2975864553390647
918,66.1,6.193725641270404,9.152542372881356,-2.958816731610953,0.587915204086532,0.06659236448736562,0.2975864553390647
919,66.0,6.599784979423897,9.152542372881356,-2.5527573934574592,0.5879615008888088,0.06674753690115873,0.2975864553390647
920,65.9,7.004598974641867,9.152542372881356,-2.147943398239489,0.5880014503249771,0.06690270931495183,0.2975864553390647
921,65.9,7.004598974641758,9.661016949152541,-2.6564179745107834,0.5880350698967566,0.06706482535590748,0.2975864553390647
922,65.8,6.985070857491168,9.661016949152541,-2.6759460916613733,0.5880766396055728,0.06722694139686311,0.2975864553390647
923,65.8,7.408167565310165,9.661016949152541,-2.252849383842377,0.5881185144346558,0.06738905743781876,0.2975864553390647
924,65.8,7.408167565310165,10.169491525423728,-2.7613239601135637,0.588153774177779,0.06755797635673767,0.2975864553390647
925,65.8,7.408167565310165,10.169491525423728,-2.7613239601135637,0.588196983308371,0.06772689527565659,0.2975864553390647
926,65.8,7.831264273129162,10.169491525423728,-2.3382272522945664,0.5882401922813739,0.06789581419457551,0.2975864553390647
927,65.9,8.27581811044432,10.169491525423728,-1.8936734149794088,0.5882767866738983,0.06806473311349442,0.2975864553390647
928,66.0,8.29731584362137,10.677966101694915,-2.380650258073546,0.5883064287161646,0.06824031839777536,0.2975864553390647
929,66.1,8.318854242093453,10.677966101694915,-2.3591118596014624,0.5883436862143979,0.06841590368205631,0.2975864553390647
930,66.2,8.340433367474441,10.677966101694915,-2.337532734220474,0.5883806068328729,0.06859148896633725,0.2975864553390647
931,66.3,8.362053281378623,10.677966101694915,-2.315912820316292,0.5884171899322022,0.06876707425061819,0.2975864553390647
932,66.4,8.810668777930177,10.677966101694915,-1.8672973237647383,0.5884534348719818,0.06894265953489914,0.2975864553390647
933,66.6,9.283639851851786,10.677966101694915,-1.3943262498431288,0.5884826639137846,0.06911824481918008,0.2975864553390647
934,66.8,9.329820333180963,10.677966101694915,-1.3481457685139517,0.588504493521462,0.06929383010346102,0.2975864553390647
935,67.0,9.376165447340393,10.677966101694915,-1.3018006543545226,0.5885256004742401,0.06946941538774196,0.2975864553390647
936,67.2,9.42267568724285,10.677966101694915,-1.255290414452066,0.588545982173303,0.06964500067202291,0.2975864553390647
937,67.4,9.469351545800887,10.677966101694915,-1.2086145558940284,0.58856563601172,0.06982058595630385,0.2975864553390647
938,67.6,9.950864297820402,10.677966101694915,-0.727101803874513,0.5885845593744414,0.06999617124058478,0.2975864553390647
939,67.9,10.023368802793026,10.677966101694915,-0.6545972989018889,0.5885959458168191,0.07017175652486572,0.2975864553390647
940,68.1,10.071914216563789,10.677966101694915,-0.6060518851311265,0.5886061971211861,0.07034734180914667,0.2975864553390647
941,68.4,10.145047185185192,10.677966101694915,-0.5329189165097237,0.5886156883561251,0.07052292709342761,0.2975864553390647
942,68.6,10.194013115073925,10.677966101694915,-0.48395298662098973,0.5886240345087419,0.07069851237770855,0.2975864553390647
943,68.9,10.710809003791363,10.677966101694915,0.0328429020964478,0.5886316139379629,0.0708740976619895,0.2975864553390647
944,69.2,10.786886138393498,10.677966101694915,0.10892003669858319,0.5886310994635638,0.07104968294627044,0.2975864553390647
945,69.5,10.863347005506037,10.677966101694915,0.18538090381112227,0.5886293932115556,0.07122526823055138,0.2975864553390647
946,69.8,10.940193268709058,10.677966101694915,0.2622271670141423,0.5886264890975806,0.07140085351483232,0.2975864553390647
947,70.1,11.017426591582858,10.677966101694915,0.33946048988794253,0.58862238100974,0.07157643879911327,0.2975864553390647
948,70.4,11.095048637707686,10.677966101694915,0.4170825360127708,0.5886170628085742,0.0717520240833942,0.2975864553390647
949,70.7,11.173061070663731,10.677966101694915,0.4950949689688162,0.5886105283270449,0.07192760936767514,0.2975864553390647
950,71.0,11.251465554031356,10.169491525423728,1.0819740286076271,0.5886027713705156,0.07209652828659406,0.2975864553390647
951,71.3,11.330263751390753,10.169491525423728,1.1607722259670243,0.5885858154497551,0.07226544720551298,0.2975864553390647
952,71.6,11.409457326322283,10.169491525423728,1.2399658008985543,0.5885676240634939,0.07243436612443191,0.2975864553390647
953,71.9,11.489047942405964,10.169491525423728,1.3195564169822358,0.5885481909290678,0.07260328504335083,0.2975864553390647
954,72.2,11.56903726322203,10.169491525423728,1.3995457377983023,0.588527509736107,0.07277220396226974,0.2975864553390647
955,72.5,11.649426952350971,10.169491525423728,1.4799354269272431,0.5885055741465159,0.07294112288118866,0.2975864553390647
956,72.8,11.730218673372917,10.169491525423728,1.5607271479491889,0.5884823777944536,0.07311004180010758,0.2975864553390647
957,73.1,11.811414089868178,9.661016949152541,2.1503971407156364,0.588457914286313,0.07327215784106322,0.2975864553390647
958,73.4,11.893014865416877,9.661016949152541,2.2319979162643353,0.5884242000479766,0.07343427388201886,0.2975864553390647
959,73.7,11.975022663599255,9.661016949152541,2.314005714446713,0.5883892052227464,0.0735963899229745,0.2975864553390647
960,74.0,12.05743914799575,9.661016949152541,2.396422198843208,0.5883529233282839,0.07375850596393013,0.2975864553390647
961,74.3,11.662513924573245,9.661016949152541,2.0014969754207037,0.5883153478543708,0.07392062200488578,0.2975864553390647
962,74.5,11.716674599432196,9.661016949152541,2.055657650279654,0.5882839695773703,0.07408273804584141,0.2975864553390647
963,74.8,11.798260034445974,9.661016949152541,2.1372430852934325,0.5882517414203328,0.07424485408679705,0.2975864553390647
964,75.0,11.852880658436218,9.661016949152541,2.191863709283677,0.5882182330034639,0.07440697012775269,0.2975864553390647
965,75.3,11.935158327674902,9.661016949152541,2.2741413785223603,0.5881838673803526,0.07456908616870832,0.2975864553390647
966,75.5,11.504773874504703,9.661016949152541,1.843756925352162,0.5881482104752679,0.07473120220966396,0.2975864553390647
967,75.7,11.55875759463121,9.661016949152541,1.8977406454786685,0.5881193065601974,0.0748933182506196,0.2975864553390647
968,75.9,11.612927882201578,9.661016949152541,1.951910933049037,0.5880895556489858,0.07505543429157524,0.2975864553390647
969,76.1,11.667285230128716,9.661016949152541,2.0062682809761743,0.5880589547716543,0.07521755033253087,0.2975864553390647
970,76.3,11.72183013132531,9.661016949152541,2.060813182172769,0.5880275009498918,0.07537966637348652,0.2975864553390647
971,76.5,11.284664930555534,9.661016949152541,1.6236479814029927,0.5879951911970498,0.07554178241444215,0.2975864553390647
972,76.6,11.31145907148298,9.661016949152541,1.650442122330439,0.5879697397527139,0.0757038984553978,0.2975864553390647
973,76.8,11.365189004115267,9.661016949152541,1.7041720549627257,0.5879438679657393,0.07586601449635343,0.2975864553390647
974,76.9,10.897654754439138,9.661016949152541,1.2366378052865965,0.5879171532957179,0.07602813053730907,0.2975864553390647
975,77.0,10.923995046486782,9.661016949152541,1.2629780973342406,0.5878977712768668,0.0761902465782647,0.2975864553390647
976,77.1,10.950382781378629,9.661016949152541,1.2893658322260872,0.5878779761823882,0.07635236261922035,0.2975864553390647
977,77.2,10.976818020728576,9.661016949152541,1.3158010715760344,0.5878577672575708,0.07651447866017598,0.2975864553390647
978,77.3,11.003300826150703,9.661016949152541,1.3422838769981613,0.5878371437466409,0.07667659470113163,0.2975864553390647
979,77.4,11.029831259259286,9.661016949152541,1.3688143101067443,0.5878161048927619,0.07683871074208726,0.2975864553390647
980,77.5,10.558081192367794,9.661016949152541,0.8970642432152527,0.5877946499380343,0.0770008267830429,0.2975864553390647
981,77.5,10.558081192367732,9.661016949152541,0.8970642432151905,0.5877805918636209,0.07716294282399853,0.2975864553390647
982,77.6,10.584064061575928,9.661016949152541,0.9230471124233866,0.5877665337724771,0.07732505886495417,0.2975864553390647
983,77.6,10.584064061575994,9.661016949152541,0.9230471124234523,0.5877520683312688,0.07748717490590981,0.2975864553390647
984,77.7,10.61009474331277,9.661016949152541,0.9490777941602282,0.5877376028723461,0.07764929094686544,0.2975864553390647
985,77.7,10.110480545781892,9.661016949152541,0.4494635966293501,0.5877227293033664,0.07781140698782109,0.2975864553390647
986,77.7,10.110480545781892,9.661016949152541,0.4494635966293501,0.5877156868802824,0.07797352302877672,0.2975864553390647
987,77.7,10.110480545781892,9.661016949152541,0.4494635966293501,0.5877086444530014,0.07813563906973237,0.2975864553390647
988,77.7,10.110480545781892,9.661016949152541,0.4494635966293501,0.5877016020215233,0.078297755110688,0.2975864553390647
989,77.7,10.110480545781892,9.661016949152541,0.4494635966293501,0.5876945595858482,0.07845987115164364,0.2975864553390647
990,77.7,9.610866348251015,9.661016949152541,-0.05015060090152623,0.5876875171459759,0.07862198719259927,0.2975864553390647
991,77.6,9.586121674744687,9.661016949152541,-0.07489527440785437,0.5876883027772059,0.07878410323355492,0.2975864553390647
992,77.6,10.08509286816034,9.661016949152541,0.42407591900779806,0.5876894760330148,0.07894621927451055,0.2975864553390647
993,77.6,9.586121674744753,9.661016949152541,-0.07489527440778865,0.5876828314453151,0.0791083353154662,0.2975864553390647
994,77.5,9.561424813767008,9.661016949152541,-0.09959213538553335,0.587684004701667,0.07927045135642183,0.2975864553390647
995,77.5,10.059753003067367,9.661016949152541,0.3987360539148259,0.5876855648260887,0.07943256739737747,0.2975864553390647
996,77.5,9.561424813766942,9.661016949152541,-0.09959213538559908,0.5876793173342297,0.0795946834383331,0.2975864553390647
997,77.4,9.536775703703688,9.661016949152541,-0.12424124544885373,0.58768087745927,0.07975679947928875,0.2975864553390647
998,77.4,9.536775703703688,9.661016949152541,-0.12424124544885373,0.5876828236968165,0.07991891552024438,0.2975864553390647
999,77.3,9.512174282940848,9.661016949152541,-0.14884266621169395,0.5876847699340425,0.08008103156120003,0.2975864553390647
1000,77.3,9.51217428294091,9.661016949152541,-0.14884266621163178,0.5876871015289664,0.08024314760215566,0.2975864553390647
1001,77.2,9.487620489864401,9.661016949152541,-0.1733964592881403,0.5876894331234305,0.08040526364311129,0.2975864553390647
1002,77.2,9.487620489864273,9.661016949152541,-0.1733964592882682,0.5876921493217441,0.08056737968406694,0.2975864553390647
1003,77.1,9.463114262860003,9.661016949152541,-0.19790268629253838,0.5876948655194337,0.08072949572502257,0.2975864553390647
1004,77.1,9.46311426286013,9.661016949152541,-0.19790268629241226,0.5876979655680845,0.08089161176597821,0.2975864553390647
1005,77.0,9.438655540314027,9.661016949152541,-0.2223614088385144,0.5877010656159225,0.08105372780693385,0.2975864553390647
1006,77.0,9.438655540313963,9.661016949152541,-0.22236140883857836,0.5877045487627937,0.08121584384788949,0.2975864553390647
1007,76.9,9.414244260611936,9.661016949152541,-0.24677268854060586,0.5877080319086386,0.08137795988884512,0.2975864553390647
1008,76.9,9.908714425221001,9.661016949152541,0.24769747606845982,0.5877118974025491,0.08154007592980077,0.2975864553390647
1009,76.9,9.414244260611936,9.661016949152541,-0.24677268854060586,0.5877080166610303,0.0817021919707564,0.2975864553390647
1010,76.8,9.389880362139902,9.661016949152541,-0.27113658701263965,0.5877118821549459,0.08186430801171204,0.2975864553390647
1011,76.8,9.883707522633744,9.661016949152541,0.22269057348120214,0.5877161292470451,0.08202642405266768,0.2975864553390647
1012,76.8,9.883707522633744,9.661016949152541,0.22269057348120214,0.5877126403311937,0.08218854009362332,0.2975864553390647
1013,76.8,9.883707522633744,9.661016949152541,0.22269057348120214,0.5877091514143125,0.08235065613457895,0.2975864553390647
1014,76.8,9.883707522633744,9.661016949152541,0.22269057348120214,0.5877056624964013,0.0825127721755346,0.2975864553390647
1015,76.8,9.883707522633744,9.661016949152541,0.22269057348120214,0.5877021735774602,0.08267488821649023,0.2975864553390647
1016,76.8,9.883707522633744,9.661016949152541,0.22269057348120214,0.5876986846574892,0.08283700425744588,0.2975864553390647
1017,76.8,9.883707522633744,9.661016949152541,0.22269057348120214,0.5876951957364883,0.08299912029840151,0.2975864553390647
1018,76.8,10.377534683127584,9.661016949152541,0.7165177339750421,0.5876917068144575,0.08316123633935714,0.2975864553390647
1019,76.9,10.40318458983007,9.661016949152541,0.742167640677529,0.587680478829651,0.08332335238031278,0.2975864553390647
1020,76.9,9.908714425221001,9.661016949152541,0.24769747606845982,0.5876688487756127,0.08348546842126842,0.2975864553390647
1021,76.9,10.40318458983007,9.661016949152541,0.742167640677529,0.5876649680199586,0.08364758446222406,0.2975864553390647
1022,77.0,10.428881877762551,9.661016949152541,0.7678649286100097,0.5876533379506509,0.0838097005031797,0.2975864553390647
1023,77.0,10.428881877762487,9.661016949152541,0.7678649286099457,0.5876413050594804,0.08397181654413534,0.2975864553390647
1024,77.1,10.454626608539044,9.661016949152541,0.7936096593865027,0.5876292721560539,0.08413393258509097,0.2975864553390647
1025,77.1,9.958870435699588,9.661016949152541,0.29785348654704613,0.5876168356771946,0.08429604862604662,0.2975864553390647
1026,77.1,9.958870435699588,9.661016949152541,0.29785348654704613,0.587612168997643,0.08445816466700225,0.2975864553390647
1027,77.1,9.958870435699588,9.661016949152541,0.29785348654704613,0.5876075023162487,0.08462028070795789,0.2975864553390647
1028,77.1,9.958870435699588,9.661016949152541,0.29785348654704613,0.5876028356330116,0.08478239674891352,0.2975864553390647
1029,77.1,9.958870435699588,9.661016949152541,0.29785348654704613,0.5875981689479318,0.08494451278986917,0.2975864553390647
1030,77.1,9.958870435699588,9.661016949152541,0.29785348654704613,0.5875935022610093,0.0851066288308248,0.2975864553390647
1031,77.1,9.958870435699588,9.661016949152541,0.29785348654704613,0.587588835572244,0.08526874487178045,0.2975864553390647
1032,77.1,9.958870435699588,9.661016949152541,0.29785348654704613,0.5875841688816359,0.08543086091273608,0.2975864553390647
1033,77.1,9.46311426286013,9.661016949152541,-0.19790268629241226,0.5875795021891851,0.08559297695369172,0.2975864553390647
1034,77.0,9.438655540314027,9.661016949152541,-0.2223614088385144,0.5875826022680853,0.08575509299464736,0.2975864553390647
1035,77.0,9.933768709038256,9.661016949152541,0.27275175988571476,0.5875860854498567,0.08591720903560299,0.2975864553390647
1036,77.0,9.438655540313963,9.661016949152541,-0.22236140883857836,0.5875818120882119,0.08607932507655863,0.2975864553390647
1037,76.9,9.414244260611936,9.661016949152541,-0.24677268854060586,0.5875852952702161,0.08624144111751426,0.2975864553390647
1038,76.9,9.414244260611936,9.661016949152541,-0.24677268854060586,0.5875891608042542,0.08640355715846991,0.2975864553390647
1039,76.8,9.389880362139902,10.169491525423728,-0.7796111632838265,0.5875930263370284,0.08657247607738883,0.2975864553390647
1040,76.8,9.883707522633744,10.169491525423728,-0.2857840027899847,0.5876052358468091,0.08674139499630774,0.2975864553390647
1041,76.8,9.389880362139964,10.169491525423728,-0.7796111632837643,0.5876097123908107,0.08691031391522666,0.2975864553390647
1042,76.7,9.365563783283848,10.169491525423728,-0.80392774213988,0.5876219218833676,0.08707923283414559,0.2975864553390647
1043,76.7,9.365563783283722,10.169491525423728,-0.8039277421400062,0.587634512063332,0.08724815175306451,0.2975864553390647
1044,76.6,9.34129446242943,10.169491525423728,-0.828197062994299,0.5876471022298955,0.08741707067198343,0.2975864553390647
1045,76.6,9.833835614692878,10.677966101694915,-0.8441304870020367,0.5876600723350596,0.08759265595626436,0.2975864553390647
1046,76.6,9.341294462429554,10.677966101694915,-1.3366716392653615,0.5876732918698621,0.0877682412405453,0.2975864553390647
1047,76.5,9.317072337963012,10.677966101694915,-1.3608937637319034,0.5876942207456796,0.08794382652482625,0.2975864553390647
1048,76.5,9.80897048611111,10.677966101694915,-0.8689956155838043,0.5877155286357634,0.08811941180910719,0.2975864553390647
1049,76.5,9.317072337963012,10.677966101694915,-1.3608937637319034,0.5877291373735795,0.08829499709338813,0.2975864553390647
1050,76.4,9.292897348270131,11.1864406779661,-1.8935433296959694,0.5877504452007928,0.08847711629868614,0.2975864553390647
1051,76.4,9.784152492303004,11.1864406779661,-1.402288185663096,0.587780086526096,0.08865923550398415,0.2975864553390647
1052,76.4,9.784152492303004,11.1864406779661,-1.402288185663096,0.587802042020051,0.08884135470928216,0.2975864553390647
1053,76.4,9.784152492303004,11.694915254237287,-1.9107627619342828,0.5878239974732733,0.0890298792994461,0.2975864553390647
1054,76.4,9.784152492303004,11.694915254237287,-1.9107627619342828,0.587853907959604,0.08921840388961003,0.2975864553390647
1055,76.4,9.784152492303004,11.694915254237287,-1.9107627619342828,0.5878838183703686,0.08940692847977397,0.2975864553390647
1056,76.4,10.275407636335878,11.694915254237287,-1.4195076179014094,0.5879137287055677,0.08959545306993791,0.2975864553390647
1057,76.5,10.30086863425921,12.203389830508474,-1.902521196249264,0.5879359533996804,0.0897902582647431,0.2975864553390647
1058,76.5,9.80897048611111,12.203389830508474,-2.394419344397363,0.5879657346908359,0.0899850634595483,0.2975864553390647
1059,76.5,10.30086863425921,12.203389830508474,-1.902521196249264,0.5880032085505281,0.0901798686543535,0.2975864553390647
1060,76.6,10.326376766956203,12.711864406779661,-2.3854876398234577,0.5880329896725045,0.09038083328457859,0.2975864553390647
1061,76.6,10.326376766956331,12.711864406779661,-2.38548763982333,0.5880703236667435,0.09058179791480367,0.2975864553390647
1062,76.7,10.84511625241963,13.220338983050848,-2.3752227306312186,0.5881076575432984,0.09078880428423042,0.2975864553390647
1063,76.8,10.871361843621363,13.220338983050848,-2.3489771394294845,0.5881448308038322,0.09099581065365717,0.2975864553390647
1064,76.9,10.897654754439138,13.220338983050848,-2.3226842286117098,0.5881815935766502,0.09120281702308393,0.2975864553390647
1065,77.0,10.923995046486782,13.220338983050848,-2.2963439365640657,0.5882179451171516,0.09140982339251068,0.2975864553390647
1066,77.1,10.950382781378629,13.220338983050848,-2.269956201672219,0.5882538846796919,0.09161682976193743,0.2975864553390647
1067,77.2,10.976818020728576,13.220338983050848,-2.243520962322272,0.5882894115175826,0.09182383613136418,0.2975864553390647
1068,77.3,11.500343007220676,13.220338983050848,-1.7199959758301713,0.5883245248830911,0.09203084250079092,0.2975864553390647
1069,77.5,11.55473757096858,13.220338983050848,-1.6656014120822675,0.5883514500646095,0.09223784887021767,0.2975864553390647
1070,77.6,11.582006448407231,13.220338983050848,-1.6383325346436166,0.5883775242454659,0.09244485523964442,0.2975864553390647
1071,77.8,12.136944904130525,13.220338983050848,-1.083394078920323,0.5884031717662755,0.09265186160907117,0.2975864553390647
1072,78.0,11.691560699588457,13.220338983050848,-1.5287782834623904,0.5884201356193739,0.09285886797849793,0.2975864553390647
1073,78.1,11.71906925581083,13.220338983050848,-1.5012697272400182,0.5884440690610063,0.09306587434792468,0.2975864553390647
1074,78.3,12.277703013888882,13.220338983050848,-0.9426359691619659,0.5884675720576995,0.09327288071735143,0.2975864553390647
1075,78.5,12.839101763736478,13.220338983050848,-0.3812372193143698,0.5884823326559645,0.09347988708677818,0.2975864553390647
1076,78.8,12.926354462124682,13.220338983050848,-0.2939845209261662,0.5884883037175155,0.09368689345620493,0.2975864553390647
1077,79.0,12.47679233348574,13.220338983050848,-0.7435466495651077,0.5884929083561923,0.09389389982563168,0.2975864553390647
1078,79.2,12.534112148148205,13.220338983050848,-0.6862268349026426,0.5885045523396576,0.09410090619505843,0.2975864553390647
1079,79.4,13.102172423715906,13.220338983050848,-0.11816655933494147,0.5885152989255943,0.09430791256448517,0.2975864553390647
1080,79.7,13.190741014079416,13.220338983050848,-0.029597968971431854,0.5885171498770865,0.09451491893391192,0.2975864553390647
1081,79.9,13.250032170419914,13.220338983050848,0.02969318736906601,0.5885176135135438,0.09472192530333869,0.2975864553390647
1082,80.2,13.339338281359558,13.220338983050848,0.11899929830870981,0.5885171483745962,0.09492893167276543,0.2975864553390647
1083,80.4,13.399122658436225,12.711864406779661,0.687258251656564,0.5885152842036978,0.09512989630299051,0.2975864553390647
1084,80.7,14.008075231995841,12.711864406779661,1.2962108252161801,0.5885045155972313,0.0953308609332156,0.2975864553390647
1085,81.0,14.100499999999954,12.711864406779661,1.3886355932202932,0.5884842004096242,0.0955318255634407,0.2975864553390647
1086,81.3,13.670611588991779,12.203389830508474,1.467221758483305,0.5884624358334257,0.09572663075824589,0.2975864553390647
1087,81.5,13.73149189576666,11.694915254237287,2.036576641529372,0.5884394387864786,0.09591515534840983,0.2975864553390647
1088,81.8,14.349166492302954,11.694915254237287,2.654251238065667,0.5884075104407424,0.09610367993857376,0.2975864553390647
1089,82.1,14.443246337810566,11.694915254237287,2.7483310835732784,0.5883658881672,0.0962922045287377,0.2975864553390647
1090,82.4,14.53778144977902,11.1864406779661,3.35134077181292,0.5883227888244474,0.09647432373403571,0.2975864553390647
1091,82.7,14.101009088496427,11.1864406779661,2.914568410530327,0.5882702202425358,0.09665644293933372,0.2975864553390647
1092,82.9,14.163305779816348,10.677966101694915,3.4853396781214325,0.5882245105635726,0.09683202822361466,0.2975864553390647
1093,83.2,14.792113480262108,10.169491525423728,4.62262195483838,0.588169836716765,0.09700094714253357,0.2975864553390647
1094,83.5,14.888332135440434,10.169491525423728,4.718840610016706,0.5880972892555284,0.09716986606145249,0.2975864553390647
1095,83.8,14.446176371894532,9.661016949152541,4.785159422741991,0.5880232284331287,0.09733198210240813,0.2975864553390647
1096,84.0,14.509602880658441,9.661016949152541,4.8485859315059,0.5879481242926881,0.09749409814336377,0.2975864553390647
1097,84.3,15.147183435699539,9.152542372881356,5.994641062818182,0.5878720222437356,0.09764927055715689,0.2975864553390647
1098,84.6,14.701126518518524,9.152542372881356,5.548584145637168,0.5877778882663981,0.09780444297094999,0.2975864553390647
1099,84.8,14.765384078036888,8.64406779661017,6.121316281426719,0.5876907735905231,0.09795252659464337,0.2975864553390647
1100,85.1,14.86216243691892,8.64406779661017,6.218094640308751,0.5875946440721187,0.09810061021833676,0.2975864553390647
1101,85.3,14.378460897786217,8.64406779661017,5.734393101176048,0.5874969901573166,0.09824869384203014,0.2975864553390647
1102,85.5,14.442166087963026,8.135593220338983,6.306572867624043,0.5874069493715027,0.09838953891245267,0.2975864553390647
1103,85.7,14.506081998304367,8.135593220338983,6.3704887779653845,0.5873079008330641,0.0985303839828752,0.2975864553390647
1104,85.9,14.57020912172298,8.135593220338983,6.434615901383998,0.5872078450519572,0.09867122905329773,0.2975864553390647
1105,86.1,14.634547951131678,8.135593220338983,6.498954730792695,0.5871067786247882,0.09881207412372026,0.2975864553390647
1106,86.3,14.699098979442981,7.627118644067796,7.071980335375185,0.5870046981394977,0.09894729046987409,0.2975864553390647
1107,86.5,14.207664139898622,7.627118644067796,6.580545495830826,0.5868935905337294,0.09908250681602793,0.2975864553390647
1108,86.6,13.682641345526555,7.627118644067796,6.055522701458759,0.5867902232308914,0.09921772316218178,0.2975864553390647
1109,86.7,14.27135503652268,7.627118644067796,6.644236392454884,0.5866951221643636,0.09935293950833561,0.2975864553390647
1110,86.9,14.335259610787203,7.627118644067796,6.708140966719407,0.5865907499780036,0.09948815585448945,0.2975864553390647
1111,87.0,13.807878600823004,7.11864406779661,6.6892345330263945,0.5864853703003229,0.09961810634953895,0.2975864553390647
1112,87.1,13.279265186880824,7.11864406779661,6.160621119084214,0.5863802874825176,0.09974805684458844,0.2975864553390647
1113,87.1,13.279265186880824,7.11864406779661,6.160621119084214,0.5862835284158789,0.09987800733963795,0.2975864553390647
1114,87.2,13.310119019051989,7.11864406779661,6.191474951255379,0.5861867685532306,0.10000795783468744,0.2975864553390647
1115,87.2,12.749419430574607,7.11864406779661,5.630775362777997,0.5860895220924819,0.10013790832973694,0.2975864553390647
1116,87.2,12.749419430574607,7.11864406779661,5.630775362777997,0.5860011013923224,0.10026785882478645,0.2975864553390647
1117,87.2,12.749419430574607,7.11864406779661,5.630775362777997,0.5859126800277032,0.10039780931983594,0.2975864553390647
1118,87.2,12.749419430574607,7.11864406779661,5.630775362777997,0.5858242579986094,0.10052775981488545,0.2975864553390647
1119,87.2,12.188719842097223,7.11864406779661,5.070075774300613,0.5857358353050258,0.10065771030993494,0.2975864553390647
1120,87.1,11.599095433794357,7.11864406779661,4.480451365997747,0.5856562348069212,0.10078766080498444,0.2975864553390647
1121,87.0,11.57022427983543,7.11864406779661,4.451580212038819,0.5855859075604496,0.10091761130003395,0.2975864553390647
1122,86.9,11.541406730128832,7.11864406779661,4.4227626623322225,0.5855160338783866,0.10104756179508344,0.2975864553390647
1123,86.8,11.512642723060475,7.11864406779661,4.393998655263865,0.5854466129154663,0.10117751229013294,0.2975864553390647
1124,86.7,11.483932197016427,7.11864406779661,4.365288129219818,0.5853776438273778,0.10130746278518243,0.2975864553390647
1125,86.6,10.898433526596579,7.11864406779661,3.7797894587999687,0.5853091257707652,0.10143741328023194,0.2975864553390647
1126,86.4,10.287009777777858,7.11864406779661,3.1683657099812477,0.5852498113042267,0.10156736377528143,0.2975864553390647
1127,86.2,10.232640531016623,7.11864406779661,3.113996463220013,0.5852001035141418,0.10169731427033094,0.2975864553390647
1128,86.0,10.178483729614324,7.11864406779661,3.0598396618177146,0.5851512495656144,0.10182726476538044,0.2975864553390647
1129,85.8,9.57284134979423,7.11864406779661,2.4541972819976197,0.5851032460952557,0.10195721526042993,0.2975864553390647
1130,85.5,9.494249421296288,7.11864406779661,2.3756053534996786,0.5850647532298673,0.10208716575547944,0.2975864553390647
1131,85.3,9.442118305193558,7.11864406779661,2.3234742373969484,0.5850274940863504,0.10221711625052893,0.2975864553390647
1132,85.0,8.817762155159322,7.11864406779661,1.699118087362712,0.5849910532131712,0.10234706674557843,0.2975864553390647
1133,84.7,9.286984348746373,7.11864406779661,2.1683402809497627,0.584964411159097,0.10247701724062792,0.2975864553390647
1134,84.5,8.69235270680915,7.11864406779661,1.5737086390125397,0.5849304052959194,0.10260696773567743,0.2975864553390647
1135,84.1,8.052196207113967,7.11864406779661,0.9335521393173574,0.5849057307597937,0.10273691823072693,0.2975864553390647
1136,83.8,8.518964437738125,7.11864406779661,1.4003203699415154,0.5848910970848279,0.10286686872577643,0.2975864553390647
1137,83.5,8.445430900872623,7.11864406779661,1.3267868330760129,0.5848691425866246,0.10299681922082593,0.2975864553390647
1138,83.2,7.83738096997412,7.11864406779661,0.7187369021775103,0.5848483415323997,0.10312676971587542,0.2975864553390647
1139,82.8,7.210835629629645,7.11864406779661,0.0921915618330349,0.5848370760515238,0.10325672021092493,0.2975864553390647
1140,82.4,7.649921367474433,7.11864406779661,0.5312772996778232,0.5848356314000283,0.10338667070597442,0.2975864553390647
1141,82.1,7.580463415999875,7.11864406779661,0.46181934820326553,0.5848273047730157,0.10351662120102392,0.2975864553390647
1142,81.7,6.963226356633914,7.11864406779661,-0.15541771116269576,0.5848200669447288,0.10364657169607343,0.2975864553390647
1143,81.3,7.397463440843584,7.627118644067796,-0.22965520322421185,0.584822502120312,0.10378178804222726,0.2975864553390647
1144,81.0,7.329666666666628,7.627118644067796,-0.2974519774011677,0.5848261003853608,0.1039170043883811,0.2975864553390647
1145,80.6,6.72170806706296,7.627118644067796,-0.9054105770048357,0.5848307607712752,0.10405222073453495,0.2975864553390647
1146,80.2,6.63537737600977,7.627118644067796,-0.9917412680580258,0.5848449430319953,0.10418743708068878,0.2975864553390647
1147,79.8,6.54983731687244,8.135593220338983,-1.5857559034665423,0.5848604770165643,0.10432828215111131,0.2975864553390647
1148,79.4,6.975629213839386,8.135593220338983,-1.1599640064995969,0.5848853093650341,0.10446912722153384,0.2975864553390647
1149,79.1,6.9106490658626365,8.135593220338983,-1.2249441544763462,0.5849034770040761,0.10460997229195637,0.2975864553390647
1150,78.7,6.318646656702499,8.135593220338983,-1.8169465636364839,0.5849226618534062,0.1047508173623789,0.2975864553390647
1151,78.3,6.7395085694444745,8.135593220338983,-1.3960846508945082,0.5849511118011935,0.10489166243280143,0.2975864553390647
1152,78.0,6.676128600823011,8.64406779661017,-1.9679391957871584,0.5849729754473177,0.10503974605649481,0.2975864553390647
1153,77.6,6.592294514250839,8.64406779661017,-2.0517732823593304,0.5850037876768238,0.1051878296801882,0.2975864553390647
1154,77.3,6.529921196521136,9.152542372881356,-2.6226211763602203,0.5850359113531237,0.1053430020939813,0.2975864553390647
1155,76.9,6.447423272957592,9.152542372881356,-2.705119099923764,0.5850769631263206,0.1054981745077744,0.2975864553390647
1156,76.6,6.878588701112611,9.152542372881356,-2.273953671768745,0.5851193047040922,0.10565334692156751,0.2975864553390647
1157,76.3,6.81570873214834,9.661016949152541,-2.8453082170042014,0.5851549034718003,0.10581546296252316,0.2975864553390647
1158,76.0,6.7532518670934705,10.169491525423728,-3.416239658330258,0.5851994365761461,0.10598438188144207,0.2975864553390647
1159,75.7,7.177970557594111,10.677966101694915,-3.4999955441008046,0.5852528932700208,0.10615996716572301,0.2975864553390647
1160,75.5,7.1355609115416785,10.677966101694915,-3.5424051901532367,0.5853076584967202,0.10633555245000396,0.2975864553390647
1161,75.2,7.072295178174052,11.1864406779661,-4.114145499792048,0.5853630861296304,0.10651767165530197,0.2975864553390647
1162,75.0,7.51260288065838,11.694915254237287,-4.182312373578907,0.5854274448504047,0.1067061962454659,0.2975864553390647
1163,74.8,7.469556330742271,11.694915254237287,-4.225358923495016,0.585492867804388,0.10689472083562984,0.2975864553390647
1164,74.6,7.906375200121952,12.203389830508474,-4.297014630386522,0.5855589626350788,0.10708952603043503,0.2975864553390647
1165,74.5,8.363408138526934,12.711864406779661,-4.348456268252727,0.5856261760538224,0.10729049066066013,0.2975864553390647
1166,74.4,7.862410847736647,13.220338983050848,-5.357928135314201,0.5856941923469511,0.10749749703008687,0.2975864553390647
1167,74.2,8.295738912360893,13.220338983050848,-4.924600070689955,0.5857779643482713,0.10770450339951362,0.2975864553390647
1168,74.2,8.77284796585885,13.728813559322033,-4.955965593463183,0.5858549738470618,0.10791743715345685,0.2975864553390647
1169,74.1,8.749740070473235,14.23728813559322,-5.487548065119984,0.5859324723669445,0.10813618715345684,0.2975864553390647
1170,74.1,9.226206119855966,14.745762711864407,-5.51955659200844,0.5860182648784938,0.10836064535779122,0.2975864553390647
1171,74.1,9.226206119855966,14.745762711864407,-5.51955659200844,0.5861045560975013,0.10858510356212558,0.2975864553390647
1172,74.1,9.226206119855966,14.745762711864407,-5.51955659200844,0.5861908466892625,0.10880956176645995,0.2975864553390647
1173,74.1,9.702672169238697,14.745762711864407,-5.043090542625709,0.586277136653791,0.10903401997079432,0.2975864553390647
1174,74.2,10.204175126352716,15.254237288135592,-5.050062161782876,0.5863559920615735,0.1092655729192352,0.2975864553390647
1175,74.3,10.707009809346877,15.254237288135592,-4.547227478788715,0.5864349557375463,0.10949712586767607,0.2975864553390647
1176,74.5,10.758598467744985,15.254237288135592,-4.495638820390607,0.586506070664871,0.10972867881611695,0.2975864553390647
1177,74.6,10.784461619874998,15.762711864406779,-4.978250244531781,0.586576379800782,0.10996883995649502,0.2975864553390647
1178,74.8,11.31729295625666,16.271186440677965,-4.953893484421306,0.5866542213767734,0.11021767354903,0.2975864553390647
1179,75.0,11.852880658436218,16.271186440677965,-4.418305782241747,0.5867316823400622,0.110466507141565,0.2975864553390647
1180,75.3,11.935158327674902,16.779661016949152,-4.84450268927425,0.5868007828323182,0.11072407816872704,0.2975864553390647
1181,75.5,11.990241981500537,16.779661016949152,-4.789419035448615,0.5868765356597889,0.11098164919588906,0.2975864553390647
1182,75.8,13.048010744703584,17.28813559322034,-4.240124848516755,0.5869514283045346,0.11124802337326292,0.2975864553390647
1183,76.2,13.164441613168762,17.796610169491526,-4.632168556322764,0.5870177455656963,0.11152326716061743,0.2975864553390647
1184,76.5,13.252257523148119,17.796610169491526,-4.544352646343407,0.5870901829100307,0.11179851094797195,0.2975864553390647
1185,76.9,13.864475742093417,17.796610169491526,-3.9321344273981094,0.5871612490327518,0.11207375473532646,0.2975864553390647
1186,77.3,14.48259609364045,17.796610169491526,-3.3140140758510768,0.5872227556067324,0.11234899852268097,0.2975864553390647
1187,77.8,14.638230912360921,17.796610169491526,-3.158379257130605,0.5872746059400511,0.11262424231003548,0.2975864553390647
1188,78.2,14.763601241274195,17.796610169491526,-3.033008928217331,0.5873240240753103,0.11289948609738999,0.2975864553390647
1189,78.7,15.427442952998796,17.796610169491526,-2.3691672164927304,0.5873714827407297,0.1131747298847445,0.2975864553390647
1190,79.2,15.589667703703718,17.796610169491526,-2.206942465787808,0.5874085636237207,0.11344997367209902,0.2975864553390647
1191,79.7,16.265586693091716,17.796610169491526,-1.5310234763998096,0.5874431075692301,0.11372521745945353,0.2975864553390647
1192,80.3,16.983531863530754,17.796610169491526,-0.8130783059607722,0.5874670781172956,0.11400046124680804,0.2975864553390647
1193,80.9,16.6705935648339,17.796610169491526,-1.1260166046576252,0.5874798117231433,0.11427570503416255,0.2975864553390647
1194,81.4,16.841458764212735,17.796610169491526,-0.9551514052787908,0.5874974440400844,0.11455094882151706,0.2975864553390647
1195,82.0,17.57541613321138,17.796610169491526,-0.22119403628014567,0.5875124017679387,0.11482619260887159,0.2975864553390647
1196,82.6,18.318908399329363,17.28813559322034,1.0307728061090238,0.5875158666855759,0.11509256678624544,0.2975864553390647
1197,83.3,18.57349201613708,16.779661016949152,1.7938309991879287,0.5874997119963529,0.11535013781340747,0.2975864553390647
1198,83.9,18.793707400567673,16.271186440677965,2.5225209598897074,0.5874715897665198,0.11559897140594247,0.2975864553390647
1199,84.6,19.052978370370358,15.762711864406779,3.2902665059635794,0.5874320321428377,0.11583913254632053,0.2975864553390647
1200,85.2,19.2772427242799,15.762711864406779,3.5145308598731226,0.5873804189206169,0.11607929368669859,0.2975864553390647
1201,85.9,19.541273936537866,15.254237288135592,4.287036648402275,0.5873252825670064,0.11631084663513946,0.2975864553390647
1202,86.5,19.769649736606453,15.254237288135592,4.515412448470862,0.5872580059842841,0.11654239958358034,0.2975864553390647
1203,87.2,20.59921366925774,15.254237288135592,5.344976381122148,0.587187138620598,0.11677395253202123,0.2975864553390647
1204,87.9,20.875211688785946,14.745762711864407,6.129448976921539,0.5871032232821397,0.1169984107363556,0.2975864553390647
1205,88.6,20.58416184240206,14.745762711864407,5.838399130537654,0.5870069609257706,0.11722286894068996,0.2975864553390647
1206,89.2,20.82127642950777,14.745762711864407,6.0755137176433625,0.5869152794134702,0.11744732714502433,0.2975864553390647
1207,89.9,21.678472417714456,13.728813559322033,7.949658858392423,0.5868198646414581,0.11766026089896756,0.2975864553390647
1208,90.6,21.382261168724266,13.220338983050848,8.161922185673419,0.5866949219077109,0.1178672672683943,0.2975864553390647
1209,91.2,21.626022683127633,12.711864406779661,8.914158276347973,0.5865666307884291,0.11806823189861938,0.2975864553390647
1210,91.9,21.91296878907559,12.203389830508474,9.709578958567118,0.5864264719541026,0.11826303709342459,0.2975864553390647
1211,92.5,21.56635129696301,11.694915254237287,9.871436042725723,0.5862737559206714,0.11845156168358852,0.2975864553390647
1212,93.1,21.812706335714875,11.1864406779661,10.626265657748775,0.5861184820021146,0.11863368088888653,0.2975864553390647
1213,93.7,22.061126432079764,10.677966101694915,11.383160330384849,0.5859512818841764,0.11880926617316748,0.2975864553390647
1214,94.3,22.31162489469971,10.169491525423728,12.142133369275983,0.5857721151291189,0.1189781850920864,0.2975864553390647
1215,94.9,22.564215032216936,9.661016949152541,12.903198083064394,0.5855809409752442,0.11914030113304203,0.2975864553390647
1216,95.5,22.204841223231934,9.152542372881356,13.052298850350578,0.5853777183354016,0.11929547354683515,0.2975864553390647
1217,96.0,21.79820576131681,8.135593220338983,13.662612540977829,0.5851721314350065,0.11943631861725768,0.2975864553390647
1218,96.5,22.00711796744019,8.135593220338983,13.871524747101208,0.5849568745996435,0.1195771636876802,0.2975864553390647
1219,97.0,21.59380262155167,8.135593220338983,13.458209401212688,0.584738303825989,0.11971800875810272,0.2975864553390647
1220,97.4,21.760624934004046,8.135593220338983,13.625031713665063,0.5845262770518209,0.11985885382852525,0.2975864553390647
1221,97.9,21.97050355930872,7.627118644067796,14.343384915240925,0.5843116037101348,0.1199940701746791,0.2975864553390647
1222,98.3,20.875345762707546,7.11864406779661,13.756701694910937,0.5840855422964804,0.12012402066972859,0.2975864553390647
1223,98.6,20.99886469257739,6.610169491525424,14.388695201051965,0.5838687746724572,0.12024838291462654,0.2975864553390647
1224,99.0,21.164407407407456,6.610169491525424,14.554237915882032,0.5836419863820065,0.1203727451595245,0.2975864553390647
1225,99.3,20.650701619855912,6.610169491525424,14.040532128330488,0.5834125690511033,0.12049710740442245,0.2975864553390647
1226,99.6,20.133688452674907,6.101694915254237,14.03199353742067,0.5831912908946085,0.12061552845705402,0.2975864553390647
1227,99.8,19.573270360615837,6.101694915254237,13.4715754453616,0.5829701438818257,0.1207339495096856,0.2975864553390647
1228,100.0,19.653530330742253,6.101694915254237,13.551835415488016,0.5827578732812283,0.12085237056231718,0.2975864553390647
1229,100.2,19.089746633744827,6.101694915254237,12.98805171849059,0.5825443272207863,0.12097079161494875,0.2975864553390647
1230,100.3,18.48451629044738,6.101694915254237,12.382821375193144,0.582339708017914,0.12108921266758033,0.2975864553390647
1231,100.4,18.52363786953204,6.101694915254237,12.421942954277801,0.5821446681563937,0.1212076337202119,0.2975864553390647
1232,100.5,17.91660217335384,6.101694915254237,11.814907258099604,0.58194900574307,0.12132605477284347,0.2975864553390647
1233,100.5,17.270383037551433,6.101694915254237,11.168688122297196,0.5817629474644472,0.12144447582547505,0.2975864553390647
1234,100.5,16.624163901749032,6.101694915254237,10.522468986494795,0.5815871087488755,0.12156289687810663,0.2975864553390647
1235,100.4,15.94133334278316,6.101694915254237,9.839638427528923,0.5814214847166634,0.1216813179307382,0.2975864553390647
1236,100.3,15.904783780159237,6.101694915254237,9.803088864905,0.5812666488750498,0.12179973898336978,0.2975864553390647
1237,100.2,15.224005893004144,6.101694915254237,9.122310977749907,0.5811123884077372,0.12191816003600135,0.2975864553390647
1238,100.0,14.509497408931574,6.101694915254237,8.407802493677337,0.5809688780429596,0.12203658108863293,0.2975864553390647
1239,99.8,13.797807397652788,6.101694915254237,7.696112482398551,0.5808366445736474,0.1221550021412645,0.2975864553390647
1240,99.5,13.055450486301687,6.101694915254237,6.95375557104745,0.5807156374410452,0.12227342319389609,0.2975864553390647
1241,99.2,12.955363436061548,6.101694915254237,6.853668520807311,0.5806063339590889,0.12239184424652766,0.2975864553390647
1242,98.9,12.219895406397605,6.101694915254237,6.118200491143368,0.5804986070333363,0.12251026529915923,0.2975864553390647
1243,98.5,11.457245244150979,6.101694915254237,5.355550328896742,0.5804024677854461,0.1226286863517908,0.2975864553390647
1244,98.1,11.331497189814828,6.101694915254237,5.2298022745605905,0.5803183375862201,0.12274710740442238,0.2975864553390647
1245,97.7,10.578501209552742,6.101694915254237,4.476806294298505,0.5802361863107849,0.12286552845705395,0.2975864553390647
1246,97.2,9.80209399999998,6.101694915254237,3.7003990847457437,0.5801658840262272,0.12298394950968553,0.2975864553390647
1247,96.7,9.655399033245674,6.101694915254237,3.553704117991437,0.5801077918821212,0.12310237056231711,0.2975864553390647
1248,96.2,8.891623628105435,6.101694915254237,2.7899287128511983,0.5800520056824678,0.12322079161494869,0.2975864553390647
1249,95.6,8.10847850602045,6.101694915254237,2.0067835907662133,0.5800082224194373,0.12333921266758026,0.2975864553390647
1250,95.0,7.335169943606168,6.101694915254237,1.233475028351931,0.5799767390368447,0.12345763372021183,0.2975864553390647
1251,94.3,6.546449997580312,6.101694915254237,0.44475508232607464,0.5799573936058133,0.1235760547728434,0.2975864553390647
1252,93.6,6.973282814814821,6.610169491525424,0.36311332328939727,0.5799504203887891,0.12370041701774136,0.2975864553390647
1253,93.0,6.8216584362139985,6.610169491525424,0.2114889446885746,0.5799447273966908,0.12382477926263931,0.2975864553390647
1254,92.3,5.460383996589669,6.610169491525424,-1.149785494935755,0.5799414118125561,0.12394914150753726,0.2975864553390647
1255,91.5,5.274895769032971,6.610169491525424,-1.3352737224924525,0.5799594276357236,0.12407350375243521,0.2975864553390647
1256,90.8,5.69940217131534,6.610169491525424,-0.9107673202100841,0.5799803482727262,0.12419786599733317,0.2975864553390647
1257,90.1,5.53830114195632,7.627118644067796,-2.0888175021114757,0.5799946202638439,0.124333082343487,0.2975864553390647
1258,89.4,5.379920312757268,7.627118644067796,-2.2471983313105275,0.5800273372879006,0.12446829868964085,0.2975864553390647
1259,88.7,5.224238550087557,7.627118644067796,-2.4028800939802384,0.5800625327107263,0.12460351503579468,0.2975864553390647
1260,88.0,5.0712347203170145,8.135593220338983,-3.064358500021968,0.5801001639699105,0.12474436010621721,0.2975864553390647
1261,87.3,4.920887689814807,8.135593220338983,-3.214705530524176,0.5801481418278275,0.12488520517663974,0.2975864553390647
1262,86.6,4.773176324950455,8.135593220338983,-3.3624168953885274,0.5801984704248573,0.12502605024706226,0.2975864553390647
1263,85.9,4.628079492093494,8.135593220338983,-3.507513728245489,0.5802511082459348,0.1251668953174848,0.2975864553390647
1264,85.2,5.0334155637859475,8.64406779661017,-3.610652232824222,0.5803060141202697,0.12531497894117818,0.2975864553390647
1265,84.6,5.453441333333286,8.64406779661017,-3.1906264632768835,0.5803625319302252,0.12546306256487155,0.2975864553390647
1266,84.0,4.78738065843629,9.152542372881356,-4.365161714445066,0.5804124831243858,0.12561823497866467,0.2975864553390647
1267,83.3,4.647308888565013,9.661016949152541,-5.013708060587528,0.5804807902923435,0.12578035101962032,0.2975864553390647
1268,82.7,5.592778635821491,9.661016949152541,-4.068238313331051,0.5805592254887969,0.12594246706057596,0.2975864553390647
1269,82.2,5.489367868312726,10.169491525423728,-4.680123657111002,0.5806228930221898,0.12611138597949487,0.2975864553390647
1270,81.6,5.366945613168692,10.677966101694915,-5.311020488526223,0.5806961183638416,0.1262869712637758,0.2975864553390647
1271,81.1,5.787786589487103,11.1864406779661,-5.398654088478997,0.5807791934801023,0.1264690904690738,0.2975864553390647
1272,80.6,5.6851854333180745,11.694915254237287,-6.009729820919213,0.5808636358451936,0.12665761505923775,0.2975864553390647
1273,80.1,6.098872097222285,11.694915254237287,-5.596043157015002,0.5809576128989625,0.1268461396494017,0.2975864553390647
1274,79.7,6.528575376219341,12.711864406779661,-6.18328903056032,0.5810451345522807,0.1270471042796268,0.2975864553390647
1275,79.3,6.444018061709357,12.711864406779661,-6.2678463450703035,0.5811418175261714,0.12724806890985188,0.2975864553390647
1276,78.9,6.360242506687258,12.711864406779661,-6.351621900092403,0.5812398185807532,0.12744903354007694,0.2975864553390647
1277,78.5,6.782002998304336,13.220338983050848,-6.438335984746511,0.5813391254037068,0.1276560399095037,0.2975864553390647
1278,78.2,7.2211629696693,13.728813559322033,-6.507650589652733,0.5814397837010844,0.12786897366344693,0.2975864553390647
1279,77.9,7.6568985562604714,14.23728813559322,-6.580389579332748,0.5815415220299874,0.12808772366344692,0.2975864553390647
1280,77.7,7.612409558127564,14.23728813559322,-6.624878577465656,0.5816443936984281,0.1283064736634469,0.2975864553390647
1281,77.4,8.043720148148154,14.745762711864407,-6.702042563716253,0.5817479581499052,0.12853093186778128,0.2975864553390647
1282,77.3,8.518089920800902,14.745762711864407,-6.227672791063505,0.5818527247739419,0.12875539007211564,0.2975864553390647
1283,77.1,8.471601917181092,14.745762711864407,-6.274160794683315,0.581950093409364,0.12897984827644998,0.2975864553390647
1284,77.0,8.943542371589732,15.254237288135592,-6.3106949165458595,0.5820481862712884,0.12921140122489086,0.2975864553390647
1285,76.9,9.414244260611936,15.254237288135592,-5.839993027523656,0.5821468480841835,0.12944295417333174,0.2975864553390647
1286,76.9,9.908714425221001,15.254237288135592,-5.34552286291459,0.5822381671353758,0.12967450712177261,0.2975864553390647
1287,76.9,9.908714425221001,15.762711864406779,-5.853997439185777,0.5823217699313129,0.12991466826215067,0.2975864553390647
1288,76.9,9.908714425221001,15.762711864406779,-5.853997439185777,0.5824133061118035,0.13015482940252876,0.2975864553390647
1289,76.9,10.40318458983007,16.271186440677965,-5.868001850847895,0.5825048415864474,0.13040366299506373,0.2975864553390647
1290,77.0,11.41910821521114,16.779661016949152,-5.360552801738013,0.5825965948244625,0.1306612340222258,0.2975864553390647
1291,77.2,11.473217197683262,17.28813559322034,-5.814918395537077,0.5826804296547026,0.13092760819959967,0.2975864553390647
1292,77.3,11.500343007220676,17.28813559322034,-5.787792585999663,0.5827713534316632,0.13119398237697355,0.2975864553390647
1293,77.5,12.551393949569434,17.28813559322034,-4.736741643650905,0.5828618533383807,0.1314603565543474,0.2975864553390647
1294,77.8,12.637202105776565,17.796610169491526,-5.159408063714961,0.582935948875905,0.13173560034170195,0.2975864553390647
1295,78.0,12.694647119341573,17.796610169491526,-5.101963050149953,0.5830166420708079,0.13201084412905648,0.2975864553390647
1296,78.3,13.284647458333291,18.305084745762713,-5.020437287429422,0.5830964380951776,0.13229502474162355,0.2975864553390647
1297,78.6,13.878940016460874,18.305084745762713,-4.426144729301839,0.5831749610391558,0.13257920535419065,0.2975864553390647
1298,79.0,14.00071208657214,18.305084745762713,-4.304372659190573,0.5832442046775076,0.13286338596675776,0.2975864553390647
1299,79.3,14.092552012326662,18.305084745762713,-4.212532733436051,0.5833115461377366,0.13314756657932486,0.2975864553390647
1300,79.7,14.728163853585565,18.305084745762713,-3.5769208921771476,0.5833774527936525,0.13343174719189196,0.2975864553390647
1301,80.1,15.369705430555486,18.305084745762713,-2.9353793152072267,0.5834334288409992,0.13371592780445907,0.2975864553390647
1302,80.6,16.05041177076666,18.305084745762713,-2.2546729749960512,0.5834793767225693,0.13400010841702614,0.2975864553390647
1303,81.1,15.695837001009819,18.305084745762713,-2.609247744752894,0.5835146788104858,0.13428428902959325,0.2975864553390647
1304,81.5,15.827685311404583,18.305084745762713,-2.47739943435813,0.5835555267134931,0.13456846964216035,0.2975864553390647
1305,82.0,17.048152758725767,18.305084745762713,-1.2569319870369462,0.5835943124192036,0.13485265025472745,0.2975864553390647
1306,82.6,17.256665600975424,18.305084745762713,-1.0484191447872888,0.5836140001846978,0.13513683086729456,0.2975864553390647
1307,83.1,17.43182530195476,18.305084745762713,-0.8732594438079531,0.5836304232737279,0.13542101147986166,0.2975864553390647
1308,83.7,17.643707263888917,18.305084745762713,-0.6613774818737959,0.5836441034855562,0.13570519209242873,0.2975864553390647
1309,84.2,17.82169320286538,18.305084745762713,-0.48339154289733344,0.5836544652808691,0.13598937270499584,0.2975864553390647
1310,84.8,18.582256506020467,18.305084745762713,0.2771717602577546,0.583662039101295,0.13627355331756294,0.2975864553390647
1311,85.4,18.803291298887412,18.305084745762713,0.4982065531246995,0.5836576950389173,0.13655773393013004,0.2975864553390647
1312,86.0,19.026220355128693,17.796610169491526,1.229610185637167,0.5836498860487371,0.13683297771748457,0.2975864553390647
1313,86.6,19.251056983386654,17.28813559322034,1.962921390166315,0.5836306072626729,0.13709935189485845,0.2975864553390647
1314,87.2,19.477814492302976,17.28813559322034,2.1896788990826366,0.5835998220049198,0.13736572607223232,0.2975864553390647
1315,87.8,19.706506190519782,17.28813559322034,2.418370597299443,0.5835654772255893,0.1376321002496062,0.2975864553390647
1316,88.4,19.93714538667891,17.28813559322034,2.6490097934585712,0.5835275418805198,0.13789847442698008,0.2975864553390647
1317,89.0,20.169745389422246,16.779661016949152,3.390084372473094,0.5834859846958984,0.13815604545414212,0.2975864553390647
1318,89.6,20.40431950739221,16.779661016949152,3.624658490443057,0.5834327857407448,0.13841361648130415,0.2975864553390647
1319,90.2,20.64088104923035,16.271186440677965,4.369694608552386,0.5833759001395151,0.13866245007383915,0.2975864553390647
1320,90.8,20.295595586953166,15.762711864406779,4.532883722546387,0.5833073011382056,0.1389026112142172,0.2975864553390647
1321,91.3,20.49272040052968,15.254237288135592,5.238483112394089,0.5832361352024104,0.13913416416265809,0.2975864553390647
1322,91.9,21.32204800718257,15.254237288135592,6.067810719046978,0.5831538676838016,0.13936571711109896,0.2975864553390647
1323,92.5,20.97157249037871,15.254237288135592,5.717335202243117,0.5830585436986649,0.13959727005953984,0.2975864553390647
1324,93.0,21.1735102880658,15.254237288135592,5.919272999930207,0.5829687374925375,0.13982882300798072,0.2975864553390647
1325,93.6,21.41772725925921,15.254237288135592,6.163489971123617,0.5828757510740902,0.1400603759564216,0.2975864553390647
1326,94.1,21.017759911198766,15.254237288135592,5.763522623063174,0.5827789179850975,0.1402919289048625,0.2975864553390647
1327,94.6,21.221093886297833,14.745762711864407,6.4753311744334265,0.5826883824530812,0.14051638710919684,0.2975864553390647
1328,95.1,21.425885034465036,14.745762711864407,6.68012232260063,0.5825866357613116,0.1407408453135312,0.2975864553390647
1329,95.6,21.632141057460768,14.745762711864407,6.886378345596361,0.5824816616618694,0.14096530351786554,0.2975864553390647
1330,96.1,21.22194270231291,14.23728813559322,6.984654566719689,0.5823734364519669,0.14118405351786556,0.2975864553390647
1331,96.5,20.766120025053407,14.23728813559322,6.5288318894601876,0.5822636614090789,0.14140280351786555,0.2975864553390647
1332,96.9,20.929175623971176,13.728813559322033,7.200362064649143,0.5821610681540937,0.14161573727180876,0.2975864553390647
1333,97.3,21.093186487635247,13.728813559322033,7.364372928313214,0.582047891078975,0.14182867102575197,0.2975864553390647
1334,97.7,21.25815655934688,13.220338983050848,8.037817576296032,0.5819321273034318,0.14203567739517875,0.2975864553390647
1335,98.1,20.79330274537041,13.220338983050848,7.572963762319564,0.5818057419318997,0.1422426837646055,0.2975864553390647
1336,98.4,20.283742041152376,13.220338983050848,7.063403058101528,0.581686686800593,0.14244969013403225,0.2975864553390647
1337,98.7,20.405514028292128,12.711864406779661,7.693649621512467,0.5815756641012623,0.1426506547642573,0.2975864553390647
1338,99.0,20.52783333333328,12.203389830508474,8.324443502824806,0.5814547034255823,0.1428454599590625,0.2975864553390647
1339,99.3,20.012198533436223,12.203389830508474,7.808808702927749,0.5813237907894595,0.1430402651538677,0.2975864553390647
1340,99.5,19.453341432803683,12.203389830508474,7.249951602295209,0.5812010112525766,0.1432350703486729,0.2975864553390647
1341,99.7,19.533232642642112,12.203389830508474,7.329842812133638,0.5810870431341226,0.14342987554347805,0.2975864553390647
1342,99.9,19.613369569444437,12.203389830508474,7.409979738935963,0.5809718143240103,0.14362468073828324,0.2975864553390647
1343,100.1,19.05010558678171,12.203389830508474,6.8467157562732375,0.5808553208296201,0.14381948593308844,0.2975864553390647
1344,100.2,18.445456510288103,12.203389830508474,6.242066679779629,0.5807477057692194,0.1440142911278936,0.2975864553390647
1345,100.3,18.48451629044738,12.203389830508474,6.281126459938907,0.5806496173379395,0.1442090963226988,0.2975864553390647
1346,100.4,18.52363786953204,12.203389830508474,6.320248039023564,0.5805509127477635,0.14440390151750399,0.2975864553390647
1347,100.5,17.91660217335384,12.203389830508474,5.713212342845367,0.5804515909901993,0.14459870671230918,0.2975864553390647
1348,100.5,17.270383037551433,12.203389830508474,5.066993207042959,0.5803618297990198,0.14479351190711434,0.2975864553390647
1349,100.5,17.270383037551433,12.203389830508474,5.066993207042959,0.5802822414607844,0.14498831710191953,0.2975864553390647
1350,100.5,17.270383037551433,12.203389830508474,5.066993207042959,0.5802026525841861,0.14518312229672473,0.2975864553390647
1351,100.5,16.624163901749032,12.203389830508474,4.420774071240558,0.580123063169214,0.1453779274915299,0.2975864553390647
1352,100.4,16.586909474470424,12.203389830508474,4.38351964396195,0.5800536416857609,0.14557273268633508,0.2975864553390647
1353,100.4,16.586909474470335,12.203389830508474,4.383519643961861,0.5799848058463368,0.14576753788114027,0.2975864553390647
1354,100.3,15.259850652587204,12.203389830508474,3.05646082207873,0.5799159696044012,0.14596234307594547,0.2975864553390647
1355,100.1,15.188222870732385,12.203389830508474,2.9848330402239114,0.5798679979046589,0.14615714827075063,0.2975864553390647
1356,100.0,15.15250152415793,12.203389830508474,2.9491116936494564,0.5798211515657518,0.14635195346555582,0.2975864553390647
1357,99.8,15.081243611644513,12.203389830508474,2.8778537811360394,0.5797748663425809,0.14654675866036102,0.2975864553390647
1358,99.7,15.045706922477544,12.203389830508474,2.84231709196907,0.5797297005945139,0.14674156385516618,0.2975864553390647
1359,99.5,14.335028675602052,12.203389830508474,2.131638845093578,0.5796850930303324,0.14693636904997137,0.2975864553390647
1360,99.3,14.265670755658363,12.203389830508474,2.0622809251498886,0.5796516482759525,0.14713117424477656,0.2975864553390647
1361,99.1,13.559340488664063,12.203389830508474,1.3559506581555887,0.579619292529804,0.14732597943958176,0.2975864553390647
1362,98.8,13.45805751044047,12.203389830508474,1.2546676799319965,0.5795980245471231,0.14752078463438692,0.2975864553390647
1363,98.6,13.390840001219312,12.203389830508474,1.1874501707108376,0.5795783459395115,0.1477155898291921,0.2975864553390647
1364,98.3,13.290469219497778,12.203389830508474,1.087079388989304,0.5795597220607938,0.1479103950239973,0.2975864553390647
1365,98.1,13.223858300925913,12.203389830508474,1.0204684704174394,0.579542673045138,0.14810520021880247,0.2975864553390647
1366,97.8,12.495537069958898,12.203389830508474,0.29214723945042387,0.5795266691117746,0.14830000541360766,0.2975864553390647
1367,97.5,12.39854520318935,12.203389830508474,0.19515537268087613,0.5795220887108684,0.14849481060841285,0.2975864553390647
1368,97.2,12.302094000000052,12.203389830508474,0.09870416949157779,0.5795190291041182,0.14868961580321804,0.2975864553390647
1369,96.9,12.206181796810673,12.203389830508474,0.0027919663021993557,0.5795174816989968,0.1488844209980232,0.2975864553390647
1370,96.6,12.110806930041125,12.203389830508474,-0.09258290046734885,0.5795174379304451,0.1490792261928284,0.2975864553390647
1371,96.3,12.015967736111087,12.203389830508474,-0.18742209439738744,0.5795188892608641,0.1492740313876336,0.2975864553390647
1372,96.0,11.921662551440301,12.203389830508474,-0.2817272790681731,0.5795218271801061,0.14946883658243876,0.2975864553390647
1373,95.7,11.212534774176989,12.203389830508474,-0.9908550563314851,0.5795262432054661,0.14966364177724395,0.2975864553390647
1374,95.3,11.090901556603452,12.203389830508474,-1.1124882739050221,0.5795417702968312,0.14985844697204914,0.2975864553390647
1375,95.0,11.611147309861355,12.711864406779661,-1.1007170969183058,0.5795592025629004,0.15005941160227423,0.2975864553390647
1376,94.7,11.519136941719987,12.711864406779661,-1.192727465059674,0.5795764504344177,0.1502603762324993,0.2975864553390647
1377,94.4,11.427651710409895,12.711864406779661,-1.2842126963697655,0.5795951393669224,0.1504613408627244,0.2975864553390647
1378,94.1,11.336689952350985,13.220338983050848,-1.8836490306998623,0.5796152610244956,0.15066834723215114,0.2975864553390647
1379,93.8,11.24625000396286,13.220338983050848,-1.9740889790879876,0.5796447678572593,0.1508753536015779,0.2975864553390647
1380,93.5,11.156330201665192,13.220338983050848,-2.064008781385656,0.5796756902184377,0.15108235997100464,0.2975864553390647
1381,93.2,11.6662087172687,13.728813559322033,-2.0626048420533323,0.5797080198548602,0.15129529372494788,0.2975864553390647
1382,93.0,11.605609053497933,13.728813559322033,-2.1232045058241003,0.5797403274303945,0.1515082274788911,0.2975864553390647
1383,92.7,10.919074347222272,13.728813559322033,-2.8097392120997604,0.5797735833166006,0.1517211612328343,0.2975864553390647
1384,92.4,11.425183316872422,14.23728813559322,-2.8121048187207975,0.5798175803242445,0.15193991123283432,0.2975864553390647
1385,92.2,11.365497513183955,14.23728813559322,-2.8717906224092644,0.5798616141693685,0.1521586612328343,0.2975864553390647
1386,91.9,11.276394715001517,14.745762711864407,-3.469367996862889,0.5799065813831908,0.15238311943716865,0.2975864553390647
1387,91.7,11.806910842611575,14.745762711864407,-2.938851869252831,0.5799608925331635,0.152607577641503,0.2975864553390647
1388,91.5,11.746732188786016,14.745762711864407,-2.9990305230783907,0.5800069081986338,0.15283203584583738,0.2975864553390647
1389,91.3,11.686779042504963,14.745762711864407,-3.058983669359444,0.5800538648200603,0.15305649405017172,0.2975864553390647
1390,91.1,11.62705091085582,14.745762711864407,-3.118711801008587,0.5801017588150147,0.15328095225450608,0.2975864553390647
1391,90.9,12.152038041666694,14.745762711864407,-2.5937246701977124,0.5801505866091209,0.15350541045884042,0.2975864553390647
1392,90.8,12.121727274195955,15.254237288135592,-3.132510013939637,0.5801912032868316,0.1537369634072813,0.2975864553390647
1393,90.6,12.061273514403316,15.254237288135592,-3.1929637737322754,0.5802402464724629,0.15396851635572217,0.2975864553390647
1394,90.5,12.61304912313295,15.254237288135592,-2.6411881650026423,0.5802902347284312,0.15420006930416308,0.2975864553390647
1395,90.4,12.582318764212738,15.254237288135592,-2.6719185239228533,0.5803315933983395,0.15443162225260396,0.2975864553390647
1396,90.3,12.551644104423907,15.762711864406779,-3.211067759982871,0.5803734326221134,0.15467178339298202,0.2975864553390647
1397,90.2,12.52102508215208,15.762711864406779,-3.241686782254698,0.580423703383417,0.15491194453336007,0.2975864553390647
1398,90.1,13.069808343602254,15.762711864406779,-2.692903520804524,0.5804744526681914,0.15515210567373813,0.2975864553390647
1399,90.1,13.0698083436024,15.762711864406779,-2.6929035208043786,0.5805166196333499,0.1553922668141162,0.2975864553390647
1400,90.0,13.038657407407465,16.271186440677965,-3.2325290332705006,0.5805587864483241,0.1556411004066512,0.2975864553390647
1401,90.0,13.617361111111112,16.271186440677965,-2.6538253295668532,0.5806093919732296,0.1558899339991862,0.2975864553390647
1402,90.0,13.617361111111112,16.271186440677965,-2.6538253295668532,0.5806509472012704,0.15613876759172118,0.2975864553390647
1403,90.0,14.19606481481476,16.779661016949152,-2.583596202134393,0.5806925022834503,0.15639633861888322,0.2975864553390647
1404,90.1,14.228501759240146,16.779661016949152,-2.5511592577090063,0.5807329586640412,0.15665390964604525,0.2975864553390647
1405,90.1,13.649155051421275,16.779661016949152,-3.1305059655278775,0.5807729074941225,0.15691148067320732,0.2975864553390647
1406,90.1,14.228501759240295,16.779661016949152,-2.551159257708857,0.5808219169356781,0.15716905170036935,0.2975864553390647
1407,90.2,14.840983929888774,16.779661016949152,-1.9386770870603787,0.5808618654655616,0.15742662272753138,0.2975864553390647
1408,90.3,14.874174968621356,16.779661016949152,-1.9054860483277967,0.5808922304341396,0.15768419375469345,0.2975864553390647
1409,90.4,14.90742164487124,16.779661016949152,-1.872239372077912,0.5809220758573574,0.15794176478185548,0.2975864553390647
1410,90.5,14.940724020252206,16.779661016949152,-1.8389369966969458,0.5809514008546754,0.15819933580901752,0.2975864553390647
1411,90.6,14.974082156378556,16.779661016949152,-1.8055788605705967,0.5809802045444603,0.15845690683617958,0.2975864553390647
1412,90.7,15.590700847374686,16.779661016949152,-1.1889601695744663,0.5810084860439843,0.1587144778633416,0.2975864553390647
1413,90.9,15.658982486111165,16.779661016949152,-1.1206785308379867,0.5810271137183372,0.15897204889050365,0.2975864553390647
1414,91.0,15.69320728547475,16.779661016949152,-1.0864537314744016,0.581044672059611,0.1592296199176657,0.2975864553390647
1415,91.2,16.348244905349787,16.779661016949152,-0.4314161115993649,0.5810616943867686,0.15948719094482774,0.2975864553390647
1416,91.4,15.830667787227531,16.779661016949152,-0.948993229721621,0.5810684554742928,0.15974476197198978,0.2975864553390647
1417,91.5,15.865173546810672,16.779661016949152,-0.9144874701384804,0.5810833248820156,0.16000233299915184,0.2975864553390647
1418,91.7,16.523989031912123,16.779661016949152,-0.25567198503702926,0.581097653810895,0.16025990402631388,0.2975864553390647
1419,91.9,16.594681752038557,16.779661016949152,-0.18497926491059502,0.5811016609312415,0.1605174750534759,0.2975864553390647
1420,92.1,16.665600965534892,16.779661016949152,-0.11406005141425979,0.581104560172531,0.16077504608063797,0.2975864553390647
1421,92.3,16.736747165313965,16.779661016949152,-0.04291385163518768,0.5811063479235115,0.1610326171078,0.2975864553390647
1422,92.5,16.808120844288283,16.779661016949152,0.028459827339130328,0.5811070205642835,0.16129018813496204,0.2975864553390647
1423,92.7,17.475787310185193,16.779661016949152,0.6961262932360412,0.5811065744662933,0.1615477591621241,0.2975864553390647
1424,93.0,17.585547325102887,16.779661016949152,0.8058863081537346,0.581095660024725,0.16180533018928614,0.2975864553390647
1425,93.2,17.059727235787296,16.779661016949152,0.28006621883814375,0.5810830241110306,0.16206290121644817,0.2975864553390647
1426,93.4,17.132130670934227,16.779661016949152,0.3524696539850751,0.5810786337208761,0.16232047224361024,0.2975864553390647
1427,93.6,17.204764296296208,16.779661016949152,0.4251032793470557,0.5810731081544838,0.16257804327077227,0.2975864553390647
1428,93.8,17.880766464868167,16.779661016949152,1.1011054479190143,0.5810664437355608,0.1628356142979343,0.2975864553390647
1429,94.1,17.992425549058837,16.779661016949152,1.2127645321096843,0.58104917685246,0.16309318532509637,0.2975864553390647
1430,94.3,17.46080184943232,16.779661016949152,0.681140832483166,0.5810301581235603,0.1633507563522584,0.2975864553390647
1431,94.5,17.534477430555622,16.779661016949152,0.7548164136064699,0.581019478631029,0.16360832737942044,0.2975864553390647
1432,94.7,17.60838591291342,16.779661016949152,0.8287248959642675,0.5810076436334027,0.1638658984065825,0.2975864553390647
1433,94.9,17.682527789418447,16.779661016949152,0.9028667724692951,0.5809946494064199,0.16412346943374453,0.2975864553390647
1434,95.1,17.756903552983527,16.779661016949152,0.9772425360343746,0.5809804922170728,0.16438104046090657,0.2975864553390647
1435,95.3,17.831513696521178,16.779661016949152,1.0518526795720256,0.5809651683235998,0.16463861148806863,0.2975864553390647
1436,95.5,17.906358712943902,16.271186440677965,1.6351722722659368,0.5809486739754772,0.1648874450806036,0.2975864553390647
1437,95.7,17.9814390951646,16.271186440677965,1.7102526544866343,0.5809230264567853,0.1651362786731386,0.2975864553390647
1438,95.9,18.05675533609586,16.271186440677965,1.7855688954178959,0.580896200447995,0.1653851122656736,0.2975864553390647
1439,96.1,18.132307928650345,16.271186440677965,1.8611214879723796,0.5808681921682562,0.1656339458582086,0.2975864553390647
1440,96.3,18.208097365740734,16.271186440677965,1.9369109250627687,0.58083899782791,0.1658827794507436,0.2975864553390647
1441,96.5,17.663625169086238,16.271186440677965,1.3924387284082727,0.5808086136284795,0.1661316130432786,0.2975864553390647
1442,96.6,17.7010847078189,16.271186440677965,1.4298982671409348,0.5807867752165314,0.16638044663581358,0.2975864553390647
1443,96.8,17.77618240451156,16.271186440677965,1.5049959638335935,0.5807643489287947,0.16662928022834855,0.2975864553390647
1444,96.9,17.813820685699643,16.271186440677965,1.5426342450216772,0.5807407440695341,0.16687811382088355,0.2975864553390647
1445,97.1,17.889276421829724,16.271186440677965,1.6180899811517584,0.5807165484673554,0.16712694741341855,0.2975864553390647
1446,97.2,17.302093999999954,16.271186440677965,1.0309075593219887,0.5806911685563367,0.16737578100595354,0.2975864553390647
1447,97.3,17.339328462943943,16.271186440677965,1.0681420222659774,0.5806750024132492,0.16762461459848854,0.2975864553390647
1448,97.4,17.37662287639083,16.271186440677965,1.105436435712864,0.5806582521076463,0.16787344819102354,0.2975864553390647
1449,97.5,17.413977301954606,16.271186440677965,1.1427908612766409,0.5806409166791672,0.1681222817835585,0.2975864553390647
1450,97.6,17.451391801249844,16.271186440677965,1.180205360571879,0.5806229951663062,0.1683711153760935,0.2975864553390647
1451,97.7,17.48886643589015,16.271186440677965,1.2176799952121833,0.5806044866064123,0.1686199489686285,0.2975864553390647
1452,97.8,17.526401267489746,16.271186440677965,1.2552148268117804,0.5805853900356878,0.1688687825611635,0.2975864553390647
1453,97.9,17.563996357662745,15.762711864406779,1.8012844932559666,0.5805657044891881,0.16910894370154156,0.2975864553390647
1454,98.0,16.97150773510129,15.762711864406779,1.2087958706945123,0.580537448727241,0.16934910484191962,0.2975864553390647
1455,98.0,16.97150773510129,15.762711864406779,1.2087958706945123,0.5805184914434786,0.16958926598229768,0.2975864553390647
1456,98.1,17.008580523148076,15.762711864406779,1.2458686587412977,0.5804995341292667,0.16982942712267576,0.2975864553390647
1457,98.1,16.377793486111106,15.762711864406779,0.6150816217043271,0.5804799950894735,0.17006958826305382,0.2975864553390647
1458,98.1,17.00858052314824,15.762711864406779,1.2458686587414611,0.5804703511326389,0.17030974940343188,0.2975864553390647
1459,98.2,17.045713754610674,15.762711864406779,1.283001890203895,0.5804508120445314,0.17054991054380994,0.2975864553390647
1460,98.2,16.414283713458317,15.762711864406779,0.651571849051539,0.5804306902608964,0.170790071684188,0.2975864553390647
1461,98.2,16.414283713458317,15.254237288135592,1.1600464253227258,0.5804204739771597,0.17102162463262888,0.2975864553390647
1462,98.2,16.414283713458317,15.254237288135592,1.1600464253227258,0.5804022813936142,0.17125317758106975,0.2975864553390647
1463,98.2,16.414283713458317,15.254237288135592,1.1600464253227258,0.5803840887820271,0.17148473052951063,0.2975864553390647
1464,98.2,16.414283713458317,15.254237288135592,1.1600464253227258,0.5803658961423982,0.1717162834779515,0.2975864553390647
1465,98.2,16.414283713458317,15.254237288135592,1.1600464253227258,0.5803477034747274,0.1719478364263924,0.2975864553390647
1466,98.2,16.414283713458317,14.745762711864407,1.668521001593911,0.5803295107790146,0.17217229463072675,0.2975864553390647
1467,98.2,16.414283713458317,14.745762711864407,1.668521001593911,0.5803033384671993,0.17239675283506112,0.2975864553390647
1468,98.2,16.414283713458317,14.745762711864407,1.668521001593911,0.5802771660973238,0.17262121103939546,0.2975864553390647
1469,98.2,15.782853672305954,14.745762711864407,1.0370909604415477,0.5802509936693878,0.17284566924372982,0.2975864553390647
1470,98.1,15.74700644907397,14.23728813559322,1.5097183134807501,0.5802347299149542,0.1730644192437298,0.2975864553390647
1471,98.1,16.377793486111106,14.23728813559322,2.140505350517886,0.5802110498813556,0.17328316924372983,0.2975864553390647
1472,98.1,16.377793486111106,14.23728813559322,2.140505350517886,0.5801774673931616,0.17350191924372982,0.2975864553390647
1473,98.1,16.377793486111106,14.23728813559322,2.140505350517886,0.5801438848093388,0.1737206692437298,0.2975864553390647
1474,98.1,15.747006449074133,14.23728813559322,1.5097183134809136,0.5801103021298866,0.17393941924372983,0.2975864553390647
1475,98.0,15.711219669257797,13.728813559322033,1.9824061099357646,0.5800866218465723,0.17415235299767304,0.2975864553390647
1476,98.0,16.341363702179546,13.728813559322033,2.612550142857513,0.5800555214188422,0.17436528675161625,0.2975864553390647
1477,98.0,16.97150773510129,13.220338983050848,3.751168752050443,0.5800145247322471,0.174572293121043,0.2975864553390647
1478,98.1,17.008580523148076,13.220338983050848,3.7882415400972285,0.5799556336086045,0.17477929949046975,0.2975864553390647
1479,98.1,16.377793486111106,13.220338983050848,3.157454503060258,0.5798961592850996,0.1749863058598965,0.2975864553390647
1480,98.1,17.00858052314824,13.220338983050848,3.788241540097392,0.5798466003882284,0.17519331222932324,0.2975864553390647
1481,98.2,17.045713754610674,12.711864406779661,4.333849347831013,0.5797871255141246,0.17539427685954834,0.2975864553390647
1482,98.2,16.414283713458317,12.711864406779661,3.7024193066786566,0.5797190694755734,0.17559524148977343,0.2975864553390647
1483,98.2,17.045713754610514,12.711864406779661,4.333849347830853,0.5796609433643051,0.17579620611999852,0.2975864553390647
1484,98.3,17.082907491102663,12.711864406779661,4.371043084323002,0.5795928865962822,0.1759971707502236,0.2975864553390647
1485,98.3,16.450834445835238,12.711864406779661,3.7389700390555767,0.5795242443364494,0.17619813538044868,0.2975864553390647
1486,98.3,16.450834445835238,12.711864406779661,3.7389700390555767,0.5794655425681596,0.17639910001067377,0.2975864553390647
1487,98.3,16.450834445835238,12.711864406779661,3.7389700390555767,0.5794068405072886,0.17660006464089886,0.2975864553390647
1488,98.3,15.81876140056781,12.711864406779661,3.1068969937881494,0.5793481381538321,0.17680102927112396,0.2975864553390647
1489,98.2,15.782853672306118,12.711864406779661,3.070989265526457,0.5792993715167223,0.17700199390134905,0.2975864553390647
1490,98.2,16.414283713458317,12.711864406779661,3.7024193066786566,0.5792511689885321,0.17720295853157414,0.2975864553390647
1491,98.2,15.782853672305954,12.711864406779661,3.0709892655262934,0.5791930405680509,0.1774039231617992,0.2975864553390647
1492,98.1,15.116219412036996,12.711864406779661,2.404355005257335,0.5791448376048987,0.1776048877920243,0.2975864553390647
1493,98.0,15.711219669257797,12.711864406779661,2.9993552624781366,0.5791071081823975,0.1778058524222494,0.2975864553390647
1494,98.0,15.711219669257797,12.711864406779661,2.9993552624781366,0.5790600306075401,0.17800681705247448,0.2975864553390647
1495,97.9,15.045992242436334,12.711864406779661,2.3341278356566733,0.5790129528446081,0.17820778168269957,0.2975864553390647
1496,97.8,15.01096916872424,12.711864406779661,2.2991047619445784,0.5789763260524721,0.17840874631292464,0.2975864553390647
1497,97.7,14.976006353585547,12.711864406779661,2.2641419468058857,0.5789402492296888,0.17860971094314973,0.2975864553390647
1498,97.6,14.313531718945308,12.711864406779661,1.601667312165647,0.5789047214195377,0.17881067557337482,0.2975864553390647
1499,97.4,14.24519283523856,12.711864406779661,1.5333284284588995,0.5788795954060424,0.17901164020359991,0.2975864553390647
1500,97.3,14.211113442367722,12.711864406779661,1.4992490355880612,0.5788555420572106,0.179212604833825,0.2975864553390647
1501,97.1,14.143134446521135,12.711864406779661,1.4312700397414737,0.5788320235841488,0.17941356946405007,0.2975864553390647
1502,97.0,14.10923472031697,12.711864406779661,1.3973703135373086,0.5788095720504328,0.17961453409427516,0.2975864553390647
1503,96.8,13.419186519737853,12.711864406779661,0.7073221129581917,0.5787876525374475,0.17981549872450026,0.2975864553390647
1504,96.6,13.974232855967104,12.711864406779661,1.2623684491874432,0.5787765603307434,0.18001646335472535,0.2975864553390647
1505,96.5,13.940631341925798,12.711864406779661,1.2287669351461368,0.5787567595026968,0.18021742798495044,0.2975864553390647
1506,96.3,13.254393662037048,12.711864406779661,0.5425292552573868,0.5787374859557183,0.18041839261517553,0.2975864553390647
1507,96.1,13.188892290790283,12.711864406779661,0.47702788401062257,0.5787289785487671,0.1806193572454006,0.2975864553390647
1508,95.9,13.123627764079417,12.711864406779661,0.41176335729975655,0.5787214984593274,0.1808203218756257,0.2975864553390647
1509,95.7,12.443244650720155,12.711864406779661,-0.26861975605950583,0.5787150419214325,0.18102128650585078,0.2975864553390647
1510,95.4,12.348073481481471,13.220338983050848,-0.8722655015693768,0.5787192527981785,0.18122829287527753,0.2975864553390647
1511,95.2,12.897059954884933,13.220338983050848,-0.32327902816591525,0.5787329231221069,0.18143529924470428,0.2975864553390647
1512,95.0,12.832855128791353,13.220338983050848,-0.3874838542594947,0.5787379907183461,0.18164230561413103,0.2975864553390647
1513,94.8,12.76888443621392,13.220338983050848,-0.45145454683692776,0.5787440646066341,0.18184931198355778,0.2975864553390647
1514,94.6,12.09686549123608,13.220338983050848,-1.1234734918147673,0.578751141064751,0.18205631835298453,0.2975864553390647
1515,94.3,12.003625923506315,13.728813559322033,-1.7251876358157183,0.5787687465653709,0.18226925210692776,0.2975864553390647
1516,94.1,12.546823697207065,13.728813559322033,-1.1819898621149676,0.5787957747803606,0.18248218586087098,0.2975864553390647
1517,93.9,11.880119641460901,14.23728813559322,-2.3571684941323188,0.5788142967665587,0.18270093586087097,0.2975864553390647
1518,93.6,11.788097629629618,14.23728813559322,-2.4491905059636014,0.5788512167046772,0.18291968586087098,0.2975864553390647
1519,93.4,12.327603921963204,14.745762711864407,-2.4181587899012023,0.5788895764470712,0.18314414406520532,0.2975864553390647
1520,93.2,12.265488552659589,14.745762711864407,-2.480274159204818,0.5789274505079812,0.1833686022695397,0.2975864553390647
1521,93.0,12.203602880658368,14.745762711864407,-2.542159831206039,0.5789662963595775,0.18359306047387403,0.2975864553390647
1522,92.8,12.141946413046798,14.745762711864407,-2.603816298817609,0.5790061103507298,0.1838175186782084,0.2975864553390647
1523,92.6,12.080518656912142,15.254237288135592,-3.1737186312234495,0.5790468888383669,0.18404907162664927,0.2975864553390647
1524,92.4,12.019319119341574,15.254237288135592,-3.2349181687940174,0.5790965811834033,0.18428062457509015,0.2975864553390647
1525,92.2,11.95834730742258,15.254237288135592,-3.295889980713012,0.5791472303152171,0.18451217752353102,0.2975864553390647
1526,92.0,12.489166514250902,15.254237288135592,-2.7650707738846894,0.5791988326144935,0.1847437304719719,0.2975864553390647
1527,91.9,12.45823627878756,15.762711864406779,-3.304475585619219,0.5792421330396758,0.18498389161234996,0.2975864553390647
1528,91.7,12.396545616274144,15.762711864406779,-3.366166248132634,0.5792938691692667,0.18522405275272802,0.2975864553390647
1529,91.6,12.36578506599606,15.762711864406779,-3.3969267984107177,0.5793465696318923,0.18546421389310608,0.2975864553390647
1530,91.4,12.304433219326347,16.271186440677965,-3.9667532213516186,0.5793997507942177,0.18571304748564108,0.2975864553390647
1531,91.3,12.86090455690821,16.779661016949152,-3.9187564600409424,0.5794618386661357,0.18597061851280314,0.2975864553390647
1532,91.2,12.829726386831242,16.779661016949152,-3.9499346301179106,0.579523176134929,0.18622818953996517,0.2975864553390647
1533,91.1,13.384381157769374,17.28813559322034,-3.9037544354509652,0.5795850005292777,0.18649456371733905,0.2975864553390647
1534,91.1,13.384381157769448,17.28813559322034,-3.9037544354508906,0.5796461029103621,0.18676093789471293,0.2975864553390647
1535,91.0,13.352672306050964,17.796610169491526,-4.443937863440562,0.5797072049763735,0.18703618168206745,0.2975864553390647
1536,91.0,13.35267230605089,17.796610169491526,-4.443937863440636,0.5797767468215116,0.18731142546942198,0.2975864553390647
1537,90.9,13.321019523148134,18.305084745762713,-4.9840652226145785,0.5798462882587091,0.18759560608198908,0.2975864553390647
1538,90.9,13.905510263888889,18.305084745762713,-4.399574481873824,0.5799242648042485,0.18787978669455618,0.2975864553390647
1539,90.9,14.490001004629649,18.813559322033896,-4.323558317404247,0.5799931123691346,0.18817297211452447,0.2975864553390647
1540,91.0,14.52293979576286,19.322033898305083,-4.799094102542224,0.5800607720247483,0.18847523110275227,0.2975864553390647
1541,91.0,14.522939795762783,19.322033898305083,-4.7990941025423,0.5801358588046217,0.18877749009098008,0.2975864553390647
1542,91.1,15.141711404682928,19.322033898305083,-4.180322493622155,0.5802109451090544,0.18907974907920788,0.2975864553390647
1543,91.2,15.175405399176986,19.322033898305083,-4.146628499128097,0.5802763657667472,0.1893820080674357,0.2975864553390647
1544,91.3,15.20915558571486,19.322033898305083,-4.112878312590222,0.5803412596325416,0.1896842670556635,0.2975864553390647
1545,91.4,15.830667787227531,19.322033898305083,-3.491366111077552,0.5804056258230974,0.1899865260438913,0.2975864553390647
1546,91.6,15.89973568327996,19.322033898305083,-3.4222982150251227,0.5804602785630526,0.1902887850321191,0.2975864553390647
1547,91.7,15.934354258249554,19.322033898305083,-3.387679640055529,0.5805138513556937,0.1905910440203469,0.2975864553390647
1548,91.9,16.594681752038557,19.322033898305083,-2.727352146266526,0.5805668827157707,0.1908933030085747,0.2975864553390647
1549,92.1,16.665600965534892,19.322033898305083,-2.6564329327701905,0.5806095881793398,0.19119556199680252,0.2975864553390647
1550,92.3,17.33023996366789,19.322033898305083,-1.9917939346371938,0.5806511841951064,0.19149782098503032,0.2975864553390647
1551,92.6,17.43931495320836,19.322033898305083,-1.8827189450967232,0.5806823810157561,0.19180007997325813,0.2975864553390647
1552,92.8,17.51231678341709,19.322033898305083,-1.8097171148879916,0.580711870629933,0.19210233896148593,0.2975864553390647
1553,93.1,18.22088534806061,19.322033898305083,-1.1011485502444742,0.5807402175448969,0.19240459794971373,0.2975864553390647
1554,93.4,18.333262358177212,19.322033898305083,-0.9887715401278712,0.5807574704508051,0.19270685693794154,0.2975864553390647
1555,93.7,18.446157296277192,19.322033898305083,-0.8758766020278905,0.5807729632919696,0.19300911592616934,0.2975864553390647
1556,94.0,19.163995694253888,19.322033898305083,-0.15803820405119495,0.5807866878055293,0.19331137491439715,0.2975864553390647
1557,94.4,19.318598212467656,19.322033898305083,-0.0034356858374273713,0.5807891648832344,0.19361363390262498,0.2975864553390647
1558,94.7,19.43516060427142,19.322033898305083,0.11312670596633723,0.5807892187371917,0.1939158928908528,0.2975864553390647
1559,95.1,19.59139429372424,19.322033898305083,0.2693603954191559,0.5807874454075762,0.1942181518790806,0.2975864553390647
1560,95.4,19.70918459259264,18.305084745762713,1.4040998468299257,0.5807832227569977,0.19450233249164767,0.2975864553390647
1561,95.8,20.483059472031684,18.305084745762713,2.177974726268971,0.5807612013073029,0.19478651310421477,0.2975864553390647
1562,96.2,20.64445284621245,17.796610169491526,2.847842676720923,0.5807270320433437,0.1950617568915693,0.2975864553390647
1563,96.6,20.80679458436212,17.796610169491526,3.0101844148705936,0.5806823414431553,0.19533700067892382,0.2975864553390647
1564,97.0,20.970088629782104,17.28813559322034,3.681953036561765,0.5806351000055526,0.1956033748562977,0.2975864553390647
1565,97.4,21.13433892577349,16.779661016949152,4.354677908824339,0.5805773001726704,0.19586094588345976,0.2975864553390647
1566,97.8,21.299549415637838,16.271186440677965,5.028362974959872,0.5805089210753237,0.19610977947599476,0.2975864553390647
1567,98.2,21.465724042676403,16.271186440677965,5.194537601998437,0.5804299417195651,0.19635861306852972,0.2975864553390647
1568,98.6,21.632866750190495,15.762711864406779,5.870154885783716,0.5803483463186612,0.1965987742089078,0.2975864553390647
1569,99.0,21.800981481481543,15.254237288135592,6.546744193345951,0.5802561127662774,0.1968303271573487,0.2975864553390647
1570,99.4,21.970072179850614,15.254237288135592,6.715834891715023,0.5801532197264742,0.19706188010578957,0.2975864553390647
1571,99.8,22.140142788599277,15.254237288135592,6.885905500463686,0.5800476610573818,0.19729343305423044,0.2975864553390647
1572,100.2,22.311197251028787,14.745762711864407,7.5654345391643805,0.5799394208789991,0.19751789125856478,0.2975864553390647
1573,100.6,22.48323951044046,14.745762711864407,7.737476798576052,0.5798204655704228,0.19774234946289915,0.2975864553390647
1574,101.0,22.656273510135705,14.745762711864407,7.910510798271298,0.5796987955084332,0.19796680766723349,0.2975864553390647
1575,101.4,22.83030319341562,14.23728813559322,8.5930150578224,0.5795743945868198,0.1981855576672335,0.2975864553390647
1576,101.8,22.350754314281236,13.728813559322033,8.621940754959203,0.5794392220615588,0.19839849142117671,0.2975864553390647
1577,102.1,22.480755661846562,13.220338983050848,9.260416678795714,0.579303591379394,0.19860549779060346,0.2975864553390647
1578,102.5,22.654971791171363,12.711864406779661,9.943107384391702,0.5791578777911867,0.19880646242082856,0.2975864553390647
1579,102.8,22.125288563633532,12.711864406779661,9.413424156853871,0.5790013770246479,0.19900742705105365,0.2975864553390647
1580,103.1,22.255254607700834,11.694915254237287,10.560339353463547,0.5788532429043493,0.19919595164121756,0.2975864553390647
1581,103.4,22.385792368846325,11.1864406779661,11.199351690880224,0.5786869814550425,0.19937807084651557,0.2975864553390647
1582,103.7,21.850108243160353,10.677966101694915,11.172142141465438,0.5785106114629887,0.19955365613079654,0.2975864553390647
1583,103.9,21.268467753410214,10.169491525423728,11.098976227986485,0.5783346692545316,0.19972257504971544,0.2975864553390647
1584,104.1,21.35387859927982,9.152542372881356,12.201336226398464,0.5781598818187516,0.19987774746350853,0.2975864553390647
1585,104.3,21.439546006191968,9.152542372881356,12.287003633310611,0.5779676459125608,0.20003291987730165,0.2975864553390647
1586,104.5,21.52547046705913,8.64406779661017,12.88140267044896,0.5777740504048855,0.20018100350099502,0.2975864553390647
1587,104.7,20.938427166152234,8.135593220338983,12.802833945813251,0.5775710373296776,0.20032184857141755,0.2975864553390647
1588,104.8,20.307103587258077,8.135593220338983,12.171510366919094,0.5773692654186037,0.20046269364184008,0.2975864553390647
1589,104.9,20.34906988856496,8.135593220338983,12.213476668225976,0.5771774887764877,0.2006035387122626,0.2975864553390647
1590,105.0,19.715946502057538,8.135593220338983,11.580353281718555,0.576985044485608,0.20074438378268514,0.2975864553390647
1591,105.0,19.715946502057626,7.627118644067796,12.08882785798983,0.5768026198102764,0.200879600128839,0.2975864553390647
1592,105.1,19.757399127210046,7.627118644067796,12.13028048314225,0.5766121430662761,0.2010148164749928,0.2975864553390647
1593,105.1,18.405804477004246,7.627118644067796,10.77868583293645,0.5764210068619036,0.20115003282114666,0.2975864553390647
1594,105.0,17.690483539094693,7.627118644067796,10.063364895026897,0.5762512575749665,0.20128524916730048,0.2975864553390647
1595,104.9,17.651024621075344,7.627118644067796,10.023905977007548,0.5760928170218779,0.20142046551345433,0.2975864553390647
1596,104.8,17.61163033622919,7.627118644067796,9.984511692161394,0.5759349980978474,0.20155568185960818,0.2975864553390647
1597,104.7,16.89907531430044,7.627118644067796,9.271956670232644,0.5757777997865449,0.201690898205762,0.2975864553390647
1598,104.5,16.149956063766968,7.627118644067796,8.522837419699172,0.5756318600527794,0.20182611455191585,0.2975864553390647
1599,104.3,16.074319668743257,7.627118644067796,8.447201024675461,0.5754977501762892,0.2019613308980697,0.2975864553390647
1600,104.1,15.329573043724269,7.627118644067796,7.702454399656473,0.5753648329918254,0.20209654724422352,0.2975864553390647
1601,103.8,14.551475670781949,7.627118644067796,6.924357026714153,0.5752436693706405,0.20223176359037737,0.2975864553390647
1602,103.5,14.443321180555614,7.627118644067796,6.816202536487818,0.5751347785618277,0.20236697993653122,0.2975864553390647
1603,103.2,13.672160378600774,7.627118644067796,6.045041734532978,0.5750275922282562,0.20250219628268504,0.2975864553390647
1604,102.8,12.871173337296161,7.627118644067796,5.244054693228366,0.5749325611352257,0.2026374126288389,0.2975864553390647
1605,102.4,12.734779971345851,7.627118644067796,5.1076613272780556,0.5748501477786341,0.20277262897499274,0.2975864553390647
1606,102.0,12.599396090534912,7.627118644067796,4.972277446467116,0.5747698817494941,0.20290784532114656,0.2975864553390647
1607,101.6,11.811725570492303,7.627118644067796,4.184606926424507,0.5746917469621868,0.2030430616673004,0.2975864553390647
1608,101.1,10.998298542695455,7.627118644067796,3.371179898627659,0.5746260100072352,0.20317827801345426,0.2975864553390647
1609,100.6,10.83972099192194,7.627118644067796,3.212602347854144,0.5745730683089563,0.20331349435960808,0.2975864553390647
1610,100.1,10.039045915999894,7.627118644067796,2.4119272719320985,0.5745226199184896,0.20344871070576193,0.2975864553390647
1611,99.5,9.216715918400427,7.627118644067796,1.5895972743326308,0.5744847567122486,0.20358392705191578,0.2975864553390647
1612,98.9,9.04024005660336,7.627118644067796,1.4131214125355633,0.5744598108202448,0.2037191433980696,0.2975864553390647
1613,98.3,8.865957902625388,7.627118644067796,1.2388392585575918,0.5744376359171811,0.20385435974422345,0.2975864553390647
1614,97.7,8.065641127248144,7.627118644067796,0.43852248318034803,0.5744181971901478,0.2039895760903773,0.2975864553390647
1615,97.0,7.872094802621559,7.627118644067796,0.2449761585537633,0.5744113184832214,0.20412479243653112,0.2975864553390647
1616,96.4,7.7085296146928926,7.627118644067796,0.08141097062509672,0.5744074760572631,0.20426000878268497,0.2975864553390647
1617,95.7,6.9050502062757095,7.627118644067796,-0.7220684377920863,0.5744061992173484,0.20439522512883881,0.2975864553390647
1618,95.0,6.724316034141131,8.135593220338983,-1.411277186197852,0.5744175204296809,0.20453607019926134,0.2975864553390647
1619,94.3,6.546449997580312,8.135593220338983,-1.589143222758671,0.5744396415623974,0.20467691526968387,0.2975864553390647
1620,93.6,5.769579111111082,8.135593220338983,-2.3660141092279003,0.5744645488561464,0.2048177603401064,0.2975864553390647
1621,92.8,5.578160404816387,8.64406779661017,-3.0659073917937825,0.5745016208373742,0.20496584396379974,0.2975864553390647
1622,92.1,6.005878743312823,9.152542372881356,-3.1466636295685335,0.5745496456206108,0.20512101637759286,0.2975864553390647
1623,91.4,5.251964083523827,9.661016949152541,-4.4090528656287145,0.5745989336002185,0.20528313241854848,0.2975864553390647
1624,90.6,5.070532773662525,9.661016949152541,-4.590484175490016,0.5746679602384099,0.20544524845950413,0.2975864553390647
1625,89.9,4.914712129648658,10.169491525423728,-5.254779395775071,0.5747398217177043,0.20561416737842303,0.2975864553390647
1626,89.1,4.739953625000044,10.677966101694915,-5.938012476694872,0.574822060227832,0.20578975266270397,0.2975864553390647
1627,88.4,4.589923164456687,10.677966101694915,-6.088042937238228,0.5749149657219008,0.2059653379469849,0.2975864553390647
1628,87.6,4.421726559670757,11.1864406779661,-6.764714118295343,0.5750102121770986,0.20614745715228291,0.2975864553390647
1629,86.9,4.836159816548609,11.694915254237287,-6.858755437688679,0.5751160158831512,0.20633598174244686,0.2975864553390647
1630,86.2,4.13567551044053,12.203389830508474,-8.067714320067944,0.575223285502307,0.20653078693725202,0.2975864553390647
1631,85.4,3.976902409998454,12.711864406779661,-8.734961996781207,0.5753494016428466,0.2067317515674771,0.2975864553390647
1632,84.7,4.929988463972656,12.711864406779661,-7.781875942807005,0.5754859109516091,0.2069327161977022,0.2975864553390647
1633,84.1,4.807597441681917,13.220338983050848,-8.41274154136893,0.5756075698441703,0.20713972256712895,0.2975864553390647
1634,83.4,4.130899242798348,13.728813559322033,-9.597914316523685,0.5757390573689393,0.20735265632107217,0.2975864553390647
1635,82.7,4.5292498292370995,14.23728813559322,-9.70803830635612,0.5758889969172014,0.20757140632107218,0.2975864553390647
1636,82.1,4.9409315229957524,14.745762711864407,-9.804831188868654,0.5760406483447738,0.20779586452540652,0.2975864553390647
1637,81.5,4.822669879305837,14.745762711864407,-9.92309283255857,0.576193804006136,0.2080203227297409,0.2975864553390647
1638,80.9,5.226406322035553,14.745762711864407,-9.519356389828854,0.5763487977534728,0.20824478093407522,0.2975864553390647
1639,80.4,6.67844364609042,15.254237288135592,-8.575793642045172,0.5764975070430673,0.20847633388251613,0.2975864553390647
1640,80.1,7.64401098611102,15.254237288135592,-7.6102263020245715,0.5766315243514791,0.208707886830957,0.2975864553390647
1641,79.8,7.576071884773704,15.254237288135592,-7.678165403361888,0.5767504963284984,0.20893943977939788,0.2975864553390647
1642,79.5,7.508575295781937,15.254237288135592,-7.7456619923536545,0.576870525988471,0.20917099272783876,0.2975864553390647
1643,79.2,7.950778814814806,15.762711864406779,-7.811933049591972,0.5769916063467376,0.20941115386821682,0.2975864553390647
1644,79.0,8.920979576284124,16.271186440677965,-7.350206864393842,0.5771137182177569,0.20965998746075182,0.2975864553390647
1645,78.9,9.40422398816876,16.271186440677965,-6.866962452509206,0.5772286323977855,0.2099088210532868,0.2975864553390647
1646,78.8,9.379543762536168,16.271186440677965,-6.891642678141798,0.5773360109182244,0.21015765464582178,0.2975864553390647
1647,78.7,9.860956327484365,16.779661016949152,-6.9187046894647874,0.577443773337675,0.21041522567298385,0.2975864553390647
1648,78.7,10.367000566167505,17.28813559322034,-6.921135027052834,0.5775519567789954,0.21068159985035773,0.2975864553390647
1649,78.7,10.367000566167505,17.796610169491526,-7.429609603324021,0.5776601771322394,0.21095684363771225,0.2975864553390647
1650,78.7,10.873044804850649,17.796610169491526,-6.9235653646408775,0.5777763237222715,0.21123208742506677,0.2975864553390647
1651,78.8,11.406292733729645,18.305084745762713,-6.898792012033068,0.5778845799276171,0.21151626803763388,0.2975864553390647
1652,78.9,11.940875222736604,18.305084745762713,-6.364209523026108,0.5779924488514016,0.21180044865020095,0.2975864553390647
1653,79.1,12.505427872446964,18.305084745762713,-5.799656873315749,0.5780919792050105,0.21208462926276805,0.2975864553390647
1654,79.3,12.562845222203162,18.305084745762713,-5.742239523559551,0.5781826999628338,0.21236880987533516,0.2975864553390647
1655,79.5,12.620458011831335,18.305084745762713,-5.684626733931378,0.5782725239264322,0.21265299048790226,0.2975864553390647
1656,79.7,13.190741014079416,18.305084745762713,-5.114343731683297,0.5783614480251977,0.21293717110046936,0.2975864553390647
1657,80.0,13.794154854442874,18.305084745762713,-4.510929891319838,0.5784414686925438,0.21322135171303647,0.2975864553390647
1658,80.3,14.401870340897002,18.305084745762713,-3.903214404865711,0.5785120645402587,0.21350553232560354,0.2975864553390647
1659,80.7,15.04588387397118,18.305084745762713,-3.259200871791533,0.5785731640140803,0.21378971293817065,0.2975864553390647
1660,81.1,15.174360663561176,18.305084745762713,-3.130724082201537,0.5786241951042337,0.21407389355073775,0.2975864553390647
1661,81.5,15.303636957495101,18.305084745762713,-3.001447788267612,0.578673216850042,0.21435807416330485,0.2975864553390647
1662,81.9,15.960337069444446,18.305084745762713,-2.344747676318267,0.5787202165676681,0.21464225477587195,0.2975864553390647
1663,82.4,16.127287622618503,18.305084745762713,-2.1777971231442095,0.57875694243367,0.21492643538843906,0.2975864553390647
1664,82.8,16.261761555555555,18.305084745762713,-2.0433231902071576,0.5787910555028806,0.21521061600100613,0.2975864553390647
1665,83.3,16.966624732186354,18.305084745762713,-1.3384600135763591,0.5788230637862227,0.21549479661357324,0.2975864553390647
1666,83.8,17.140363614692827,18.305084745762713,-1.1647211310698857,0.5788440363337258,0.21577897722614034,0.2975864553390647
1667,84.3,17.857445781378697,18.305084745762713,-0.44763896438401574,0.5788622877667308,0.21606315783870744,0.2975864553390647
1668,84.9,18.073054163065947,18.305084745762713,-0.23203058269676546,0.5788693043568224,0.21634733845127455,0.2975864553390647
1669,85.4,18.254165784484037,18.305084745762713,-0.05091896127867557,0.5788729416680617,0.21663151906384165,0.2975864553390647
1670,86.0,19.026220355128693,18.305084745762713,0.7211356093659802,0.5788737399309677,0.21691569967640872,0.2975864553390647
1671,86.6,18.694215419600628,17.796610169491526,0.8976052501091019,0.5788624311215905,0.21719094346376328,0.2975864553390647
1672,87.1,18.87983103050224,17.796610169491526,1.0832208610107124,0.5788483539213772,0.2174661872511178,0.2975864553390647
1673,87.7,19.66825602398641,17.28813559322034,2.3801204307660697,0.5788313644224025,0.21773256142849168,0.2975864553390647
1674,88.3,19.89856971294395,16.779661016949152,3.118908695994797,0.5787940146600644,0.2179901324556537,0.2975864553390647
1675,88.9,19.559211331942645,16.271186440677965,3.28802489126468,0.5787450569469694,0.2182389660481887,0.2975864553390647
1676,89.4,19.751062288065803,16.271186440677965,3.479875847387838,0.5786934409025232,0.2184877996407237,0.2975864553390647
1677,90.0,20.561805555555456,15.762711864406779,4.799093691148677,0.5786388087154894,0.21872796078110177,0.2975864553390647
1678,90.6,20.799699440329185,15.762711864406779,5.0369875759224065,0.5785634253809075,0.21896812192147982,0.2975864553390647
1679,91.2,20.453183176954767,15.254237288135592,5.198945888819175,0.578484297203898,0.2191996748699207,0.2975864553390647
1680,91.7,20.65143244754987,15.254237288135592,5.397195159414277,0.5784026189058854,0.21943122781836158,0.2975864553390647
1681,92.3,20.8911967537913,15.254237288135592,5.636959465655707,0.5783178186773028,0.21966278076680246,0.2975864553390647
1682,92.8,20.49585587806738,15.254237288135592,5.2416185899317895,0.5782292421430154,0.21989433371524333,0.2975864553390647
1683,93.3,20.695437247427996,14.745762711864407,5.94967453556359,0.5781468902396302,0.2201187919195777,0.2975864553390647
1684,93.8,20.896455765279697,14.745762711864407,6.15069305341529,0.5780533867642207,0.22034325012391204,0.2975864553390647
1685,94.3,21.098919133382882,14.745762711864407,6.3531564215184755,0.5779567155726871,0.2205677083282464,0.2975864553390647
1686,94.8,21.302835053497954,14.745762711864407,6.557072341633548,0.5778568533065669,0.22079216653258074,0.2975864553390647
1687,95.3,20.895428305574608,14.23728813559322,6.6581401699813885,0.5777537764712256,0.22101091653258076,0.2975864553390647
1688,95.7,20.44285884825101,13.728813559322033,6.714045288928977,0.577649105690239,0.22122385028652397,0.2975864553390647
1689,96.1,20.60401574758038,13.220338983050848,7.3836767645295325,0.5775435527309681,0.22143085665595072,0.2975864553390647
1690,96.5,20.766120025053407,13.220338983050848,7.5457810420025595,0.5774274400827423,0.22163786302537747,0.2975864553390647
1691,96.9,20.30610463631692,13.220338983050848,7.085765653266073,0.5773087693459753,0.22184486939480422,0.2975864553390647
1692,97.2,20.427093999999883,12.711864406779661,7.715229593220222,0.5771973526322635,0.2220458340250293,0.2975864553390647
1693,97.6,20.58925188355438,12.203389830508474,8.385862053045905,0.5770760063749851,0.2222406392198345,0.2975864553390647
1694,97.9,19.45249944408247,12.203389830508474,7.249109613573996,0.5769440753716384,0.22243544441463967,0.2975864553390647
1695,98.1,19.5317286712963,12.203389830508474,7.328338840787826,0.576830079214156,0.22263024960944486,0.2975864553390647
1696,98.4,19.65102599176956,11.694915254237287,7.956110737532274,0.5767148323466975,0.22281877419960877,0.2975864553390647
1697,98.6,19.09685851973775,11.1864406779661,7.91041784177165,0.5765896802104223,0.2230008934049068,0.2975864553390647
1698,98.8,19.175650103033146,11.1864406779661,7.989209425067045,0.5764652477971989,0.22318301261020482,0.2975864553390647
1699,99.0,18.618111111111084,11.1864406779661,7.431670433144983,0.5763395706622892,0.22336513181550285,0.2975864553390647
1700,99.1,18.657077114178445,11.1864406779661,7.470636436212345,0.5762226890458128,0.22354725102080086,0.2975864553390647
1701,99.3,18.09668927417699,10.677966101694915,7.418723172482073,0.5761051915814286,0.2237228363050818,0.2975864553390647
1702,99.3,17.45818618775722,10.677966101694915,6.780220086062306,0.5759885118706959,0.22389842158936277,0.2975864553390647
1703,99.4,18.13519563664079,10.677966101694915,7.457229534945876,0.5758819006601794,0.2240740068736437,0.2975864553390647
1704,99.5,17.533974148853094,10.677966101694915,6.856008047158179,0.5757646112853831,0.22424959215792464,0.2975864553390647
1705,99.5,16.894185054202868,10.677966101694915,6.216218952507953,0.5756568030590551,0.22442517744220558,0.2975864553390647
1706,99.5,16.254395959552642,10.677966101694915,5.576429857857727,0.5755590794930985,0.22460076272648652,0.2975864553390647
1707,99.4,15.5786112745008,10.677966101694915,4.900645172805884,0.5754714356572239,0.22477634801076746,0.2975864553390647
1708,99.3,16.181180014917675,10.677966101694915,5.50321391322276,0.57539443330939,0.2249519332950484,0.2975864553390647
1709,99.3,15.542676928497904,10.677966101694915,4.864710826802989,0.5753079415249701,0.22512751857932936,0.2975864553390647
1710,99.1,14.8337746450427,10.677966101694915,4.155808543347785,0.5752315038408887,0.2253031038636103,0.2975864553390647
1711,99.0,15.435240740740788,10.677966101694915,4.757274639045873,0.5751662230332311,0.22547868914789124,0.2975864553390647
1712,98.9,14.76361968623307,10.677966101694915,4.085653584538155,0.5750914757779642,0.22565427443217217,0.2975864553390647
1713,98.7,14.059063411008243,10.677966101694915,3.3810973093133274,0.5750272980266523,0.2258298597164531,0.2975864553390647
1714,98.5,13.990681458142738,10.677966101694915,3.312715356447823,0.5749742021819755,0.22600544500073405,0.2975864553390647
1715,98.3,13.290469219497778,10.677966101694915,2.612503117802863,0.5749221813776284,0.226181030285015,0.2975864553390647
1716,98.0,13.190643537570484,10.677966101694915,2.5126774358755686,0.5748811675705698,0.22635661556929593,0.2975864553390647
1717,97.8,13.124395094650193,10.677966101694915,2.446428992955278,0.5748417223679577,0.2265322008535769,0.2975864553390647
1718,97.5,12.39854520318935,10.677966101694915,1.720579101494435,0.5748033180530331,0.22670778613785783,0.2975864553390647
1719,97.2,12.302094000000052,10.677966101694915,1.6241278983051366,0.5747763159524494,0.22688337142213877,0.2975864553390647
1720,96.9,12.206181796810673,10.677966101694915,1.5282156951157582,0.5747508284427212,0.2270589567064197,0.2975864553390647
1721,96.6,12.110806930041125,10.677966101694915,1.43284082834621,0.5747268469537542,0.22723454199070064,0.2975864553390647
1722,96.3,11.396754773148187,10.677966101694915,0.7187886714532716,0.5747043629428914,0.22741012727498158,0.2975864553390647
1723,95.9,11.273704924573192,10.677966101694915,0.5957388228782765,0.574693086966226,0.22758571255926252,0.2975864553390647
1724,95.6,11.182038176802271,10.677966101694915,0.5040720751073557,0.5746837417801586,0.2277612978435435,0.2975864553390647
1725,95.2,11.06064020179854,10.677966101694915,0.3826741001036247,0.5746758348271153,0.22793688312782442,0.2975864553390647
1726,94.9,10.970207830570832,10.677966101694915,0.2922417288759167,0.5746698324280891,0.22811246841210536,0.2975864553390647
1727,94.5,10.850449652777812,10.677966101694915,0.17248355108289637,0.5746652486605207,0.2282880536963863,0.2975864553390647
1728,94.2,10.761242600823003,10.677966101694915,0.08327649912808788,0.5746625434100381,0.22846363898066724,0.2975864553390647
1729,93.8,10.039974283798218,10.677966101694915,-0.6379918178966975,0.574661237338642,0.22863922426494818,0.2975864553390647
1730,93.4,9.92534054747754,11.1864406779661,-1.2611001304885612,0.5746712404440467,0.2288213434702462,0.2975864553390647
1731,93.0,10.40962139917691,11.1864406779661,-0.7768192787891905,0.5746910083759106,0.22900346267554422,0.2975864553390647
1732,92.7,10.323009532407365,11.1864406779661,-0.8634311455587351,0.574703187460134,0.22918558188084226,0.2975864553390647
1733,92.3,9.614833585067077,11.1864406779661,-1.5716070928990238,0.5747167239769899,0.22936770108614027,0.2975864553390647
1734,91.9,10.094553151215552,11.694915254237287,-1.6003621030217356,0.574741356014282,0.22955622567630418,0.2975864553390647
1735,91.6,10.009817987806693,11.694915254237287,-1.6850972664305939,0.5747664383941339,0.22974475026646812,0.2975864553390647
1736,91.2,9.89762762139921,11.694915254237287,-1.7972876328380778,0.5747928478772115,0.22993327485663204,0.2975864553390647
1737,90.9,9.81407507870374,11.694915254237287,-1.8808401755335478,0.5748210143308284,0.23012179944679595,0.2975864553390647
1738,90.5,9.703455501733764,12.203389830508474,-2.4999343287747102,0.574850489140916,0.23031660464160114,0.2975864553390647
1739,90.2,10.201066234415464,12.203389830508474,-2.00232359609301,0.5748896560944039,0.23051140983640633,0.2975864553390647
1740,89.9,9.53919772635646,12.203389830508474,-2.664192104152015,0.5749210329843482,0.23070621503121153,0.2975864553390647
1741,89.5,9.4308011855091,12.711864406779661,-3.2810632212705606,0.5749627704240007,0.2309071796614366,0.2975864553390647
1742,89.2,9.92364268465178,12.711864406779661,-2.788221722127881,0.5750141590458447,0.23110814429166168,0.2975864553390647
1743,88.9,10.413120796963108,12.711864406779661,-2.298743609816553,0.575057837047862,0.23130910892188677,0.2975864553390647
1744,88.7,10.35734040193948,12.711864406779661,-2.354524004840181,0.5750938541551321,0.23151007355211187,0.2975864553390647
1745,88.4,9.705663905197357,12.711864406779661,-3.0062005015823043,0.5751307443092485,0.23171103818233696,0.2975864553390647
1746,88.1,10.191308885821512,12.711864406779661,-2.5205555209581494,0.5751778324491672,0.23191200281256202,0.2975864553390647
1747,87.9,10.13639996039094,13.220338983050848,-3.0839390226599086,0.5752173210628618,0.2321190091819888,0.2975864553390647
1748,87.6,10.054442609053488,13.220338983050848,-3.1658963739973593,0.5752656250295167,0.23232601555141555,0.2975864553390647
1749,87.4,10.562059943910997,13.220338983050848,-2.6582790391398508,0.5753152108848114,0.2325330219208423,0.2975864553390647
1750,87.2,10.506621076665079,14.23728813559322,-3.730667058928141,0.5753568544005427,0.2327517719208423,0.2975864553390647
1751,87.0,11.0108106995885,14.23728813559322,-3.2264774360047195,0.5754152724349886,0.23297052192084228,0.2975864553390647
1752,86.9,10.982636153997127,14.23728813559322,-3.2546519815960924,0.575465805287423,0.2331892719208423,0.2975864553390647
1753,86.7,10.926447629115179,14.23728813559322,-3.3108405064780406,0.5755167786199922,0.23340802192084228,0.2975864553390647
1754,86.6,10.898433526596579,14.23728813559322,-3.338854608996641,0.575568630580071,0.23362677192084227,0.2975864553390647
1755,86.4,10.842565333333358,13.728813559322033,-2.886248225988675,0.575620920466235,0.23383970567478551,0.2975864553390647
1756,86.3,11.369623670800982,13.728813559322033,-2.359189888521051,0.5756661299937117,0.23405263942872873,0.2975864553390647
1757,86.2,11.34117962566679,13.728813559322033,-2.387633933655243,0.5757030913954108,0.23426557318267194,0.2975864553390647
1758,86.1,11.866415235082217,13.728813559322033,-1.862398324239816,0.5757404978901083,0.23447850693661515,0.2975864553390647
1759,86.1,11.866415235082357,13.728813559322033,-1.8623983242396758,0.5757696816411874,0.2346914406905584,0.2975864553390647
1760,86.0,11.837434346898393,13.728813559322033,-1.8913792124236402,0.5757988653202516,0.2349043744445016,0.2975864553390647
1761,86.0,12.390417885992989,13.728813559322033,-1.3383956733290443,0.5758285027136937,0.2351173081984448,0.2975864553390647
1762,86.0,11.837434346898322,13.728813559322033,-1.8913792124237112,0.5758494795658664,0.23533024195238803,0.2975864553390647
1763,85.9,11.808506446825925,13.728813559322033,-1.9203071124961077,0.5758791168324734,0.23554317570633126,0.2975864553390647
1764,85.9,12.360846981805363,13.728813559322033,-1.36796657751667,0.5759092069680233,0.23575610946027448,0.2975864553390647
1765,85.9,12.913187516784804,13.728813559322033,-0.8156260425372288,0.5759306468903587,0.2359690432142177,0.2975864553390647
1766,86.0,12.943401425087655,13.728813559322033,-0.7854121342343774,0.5759434328536266,0.2361819769681609,0.2975864553390647
1767,86.0,12.390417885992989,13.728813559322033,-1.3383956733290443,0.5759557453106402,0.23639491072210414,0.2975864553390647
1768,86.0,12.943401425087584,13.728813559322033,-0.7854121342344484,0.5759767219370324,0.23660784447604735,0.2975864553390647
1769,86.1,12.973668321502,13.728813559322033,-0.7551452378200327,0.5759890343593603,0.23682077822999056,0.2975864553390647
1770,86.1,12.973668321502142,13.728813559322033,-0.7551452378198906,0.5760008724364603,0.23703371198393378,0.2975864553390647
1771,86.2,13.558257814967265,13.728813559322033,-0.17055574435476828,0.5760127105017004,0.23724664573787702,0.2975864553390647
1772,86.3,13.589273876562222,13.728813559322033,-0.13953968275981055,0.5760153848455084,0.23745957949182023,0.2975864553390647
1773,86.4,13.064787555555572,13.728813559322033,-0.6640260037664607,0.5760175728785967,0.23767251324576344,0.2975864553390647
1774,86.4,13.064787555555572,14.23728813559322,-1.1725005800376476,0.5760279828722585,0.23789126324576343,0.2975864553390647
1775,86.5,13.651465580227823,14.23728813559322,-0.5858225553653966,0.5760463605312807,0.23811001324576345,0.2975864553390647
1776,86.6,13.682641345526555,14.23728813559322,-0.5546467900666645,0.5760555447861739,0.23832876324576344,0.2975864553390647
1777,86.7,13.713870468621431,14.23728813559322,-0.5234176669717883,0.5760642403830053,0.23854751324576345,0.2975864553390647
1778,86.8,13.745153011126384,14.23728813559322,-0.49213512446683616,0.576072446474383,0.23876626324576344,0.2975864553390647
1779,86.9,13.7764890346555,14.23728813559322,-0.46079910093772014,0.5760801622118281,0.23898501324576343,0.2975864553390647
1780,87.0,13.807878600823004,14.23728813559322,-0.4294095347702154,0.5760873867457734,0.23920376324576345,0.2975864553390647
1781,87.1,13.839321771242979,14.23728813559322,-0.3979663643502409,0.5760941192255636,0.23942251324576344,0.2975864553390647
1782,87.2,13.870818607529372,13.728813559322033,0.1420050482073396,0.5761003587994542,0.23963544699970665,0.2975864553390647
1783,87.3,13.902369171296328,13.728813559322033,0.1735556119742956,0.5760981318748113,0.23984838075364986,0.2975864553390647
1784,87.4,13.933973524157864,13.728813559322033,0.20515996483583088,0.5760954101391722,0.2400613145075931,0.2975864553390647
1785,87.5,13.9656317277282,13.728813559322033,0.23681816840616676,0.5760921927361622,0.24027424826153632,0.2975864553390647
1786,87.6,13.434072238683145,13.728813559322033,-0.294741320638888,0.5760884788083126,0.24048718201547953,0.2975864553390647
1787,87.6,13.434072238683145,13.728813559322033,-0.294741320638888,0.5760931001454014,0.24070011576942274,0.2975864553390647
1788,87.7,14.029109933451416,13.728813559322033,0.3002963741293829,0.5760977214806822,0.24091304952336598,0.2975864553390647
1789,87.8,13.496372445663711,13.728813559322033,-0.23244111365832154,0.5760930119317335,0.2411259832773092,0.2975864553390647
1790,87.8,13.496372445663857,13.728813559322033,-0.23244111365817588,0.5760966565343145,0.2413389170312524,0.2975864553390647
1791,87.9,13.527603664094741,13.728813559322033,-0.20120989522729182,0.576100301135771,0.24155185078519562,0.2975864553390647
1792,87.9,13.527603664094595,13.728813559322033,-0.20120989522743749,0.5761034560800944,0.24176478453913886,0.2975864553390647
1793,88.0,13.558889041304619,13.220338983050848,0.33855005825377127,0.576106611023575,0.2419717909085656,0.2975864553390647
1794,88.0,12.993045419905501,13.220338983050848,-0.22729356314534677,0.5761013014650395,0.24217879727799235,0.2975864553390647
1795,88.0,12.993045419905501,13.220338983050848,-0.22729356314534677,0.5761048653604738,0.2423858036474191,0.2975864553390647
1796,88.0,12.993045419905501,13.220338983050848,-0.22729356314534677,0.5761084292548329,0.24259281001684585,0.2975864553390647
1797,88.0,12.993045419905501,13.220338983050848,-0.22729356314534677,0.5761119931481166,0.2427998163862726,0.2975864553390647
1798,88.0,12.993045419905501,13.220338983050848,-0.22729356314534677,0.5761155570403249,0.24300682275569935,0.2975864553390647
1799,88.0,12.993045419905501,13.220338983050848,-0.22729356314534677,0.5761191209314579,0.2432138291251261,0.2975864553390647
