time,speed_kmh,P_load_kW,P_fc_kW,P_bat_kW,SOC_true,SOC_est,SOC_open,m_H2_cumul_kg,H2_eq_kg
0,0.0,0.0,0.0,0.0,0.6,0.6,0.6,0.0,0.13473220852730938
1,0.0,0.0,0.0,0.0,0.6,0.5995392683347298,0.5999875091273528,0.0,0.13473220852730938
2,0.0,0.0,0.0,0.0,0.6,0.6034907843825176,0.5999745988814136,0.0,0.13473220852730938
3,0.0,0.0,0.0,0.0,0.6,0.6005451307594951,0.5999641381963433,0.0,0.13473220852730938
4,0.0,0.0,0.0,0.0,0.6,0.6019220056442377,0.5999486403829669,0.0,0.13473220852730938
5,0.0,0.0,0.0,0.0,0.6,0.6018410669947051,0.5999388333673723,0.0,0.13473220852730938
6,0.0,0.0,0.0,0.0,0.6,0.5995095568213877,0.5999290095276301,0.0,0.13473220852730938
7,0.0,0.0,0.0,0.0,0.6,0.595466438790025,0.5999172262990979,0.0,0.13473220852730938
8,0.0,0.0,0.0,0.0,0.6,0.5972890882665746,0.5999109066264104,0.0,0.13473220852730938
9,0.0,0.0,0.0,0.0,0.6,0.5998652769814133,0.5999026089350781,0.0,0.13473220852730938
10,0.0,0.0,0.0,0.0,0.6,0.5967248902525927,0.5998940201130656,0.0,0.13473220852730938
11,0.0,0.0,0.0,0.0,0.6,0.5984509300966423,0.5998788377553741,0.0,0.13473220852730938
12,3.75,2.0644593541023664,0.0,2.0644593541023664,0.6,0.5962516715346169,0.5998675390659166,0.0,0.13473220852730938
13,7.5,4.132167888374485,0.0,4.132167888374485,0.5999676658362896,0.5990640860096234,0.5998256059653299,0.0,0.13473220852730938
14,11.25,6.206374782986111,0.0,6.206374782986111,0.5999028931302871,0.6005205277869509,0.599752919352598,0.0,0.13473220852730938
15,15.0,4.673431069958849,0.0,4.673431069958849,0.5998055256163376,0.5993960770194188,0.5996461091683427,0.0,0.13473220852730938
16,15.0,1.0565329218106998,0.0,1.0565329218106998,0.5997322516583157,0.6038874671604333,0.5995633955064659,0.0,0.13473220852730938
17,15.0,1.0565329218106998,0.0,1.0565329218106998,0.5997157101856543,0.5986086093369148,0.5995357804149842,0.0,0.13473220852730938
18,15.0,1.0565329218106998,0.0,1.0565329218106998,0.5996991686898501,0.5965666051974245,0.5995058429610908,0.0,0.13473220852730938
19,15.0,1.0565329218106998,0.0,1.0565329218106998,0.5996826271709029,0.5942250920704267,0.5994776101543797,0.0,0.13473220852730938
20,15.0,1.0565329218106998,0.0,1.0565329218106998,0.5996660856288127,0.5984124560542814,0.5994536469068699,0.0,0.13473220852730938
21,15.0,1.0565329218106998,0.0,1.0565329218106998,0.5996495440635795,0.5996552418968094,0.59942394293447,0.0,0.13473220852730938
22,15.0,1.0565329218106998,0.0,1.0565329218106998,0.599633002475203,0.5989540891864203,0.5993966114802113,0.0,0.13473220852730938
23,15.0,0.0,0.0,0.0,0.5996164608636833,0.5977661478845966,0.5993730657631092,0.0,0.13473220852730938
24,12.5,0.0,0.0,0.0,0.5996164608636833,0.6014504189420892,0.5993632342041396,0.0,0.13473220852730938
25,10.0,0.0,0.0,0.0,0.5996164608636833,0.5961559670346257,0.5993511685977797,0.0,0.13473220852730938
26,6.7,0.0,0.0,0.0,0.5996164608636833,0.5976458473183639,0.5993391572534202,0.0,0.13473220852730938
27,3.4,0.0,0.0,0.0,0.5996164608636833,0.6003940548141369,0.5993299264811989,0.0,0.13473220852730938
28,0.0,0.0,0.0,0.0,0.5996164608636833,0.6019860936594016,0.5993159514825253,0.0,0.13473220852730938
29,0.0,0.0,0.0,0.0,0.5996164608636833,0.5996502259610926,0.5993071715312008,0.0,0.13473220852730938
30,0.0,0.0,0.0,0.0,0.5996164608636833,0.6018544861535996,0.5992951402438914,0.0,0.13473220852730938
31,0.0,0.0,0.0,0.0,0.5996164608636833,0.5998911891900301,0.5992853601723299,0.0,0.13473220852730938
32,0.0,0.0,0.0,0.0,0.5996164608636833,0.5969642774448528,0.5992773222139244,0.0,0.13473220852730938
33,0.0,0.0,0.0,0.0,0.5996164608636833,0.6018817573885054,0.5992639540866399,0.0,0.13473220852730938
34,0.0,0.0,0.0,0.0,0.5996164608636833,0.6026192365422285,0.5992530430036443,0.0,0.13473220852730938
35,0.0,0.0,0.0,0.0,0.5996164608636833,0.5990796311222616,0.5992409273480193,0.0,0.13473220852730938
36,0.0,0.0,0.0,0.0,0.5996164608636833,0.6029618675247486,0.5992288123602262,0.0,0.13473220852730938
37,0.0,0.0,0.0,0.0,0.5996164608636833,0.604241544003725,0.5992178007658904,0.0,0.13473220852730938
38,0.0,0.0,0.0,0.0,0.5996164608636833,0.6029466854755764,0.5992139667245129,0.0,0.13473220852730938
39,0.0,0.0,0.0,0.0,0.5996164608636833,0.5999742494034626,0.59920261381599,0.0,0.13473220852730938
40,0.0,0.0,0.0,0.0,0.5996164608636833,0.5951793493108083,0.599191247813833,0.0,0.13473220852730938
41,0.0,0.0,0.0,0.0,0.5996164608636833,0.5990373010118951,0.5991807469024104,0.0,0.13473220852730938
42,0.0,0.0,0.0,0.0,0.5996164608636833,0.5982445561004384,0.5991655305300639,0.0,0.13473220852730938
43,0.0,0.0,0.0,0.0,0.5996164608636833,0.5980355069203381,0.5991566652345164,0.0,0.13473220852730938
44,0.0,0.0,0.0,0.0,0.5996164608636833,0.5998678766489345,0.599143011339745,0.0,0.13473220852730938
45,0.0,0.0,0.0,0.0,0.5996164608636833,0.6008662567783798,0.5991333717847555,0.0,0.13473220852730938
46,0.0,0.0,0.0,0.0,0.5996164608636833,0.6022205714034213,0.599121991013785,0.0,0.13473220852730938
47,0.0,0.0,0.0,0.0,0.5996164608636833,0.599681502280917,0.5991128300501569,0.0,0.13473220852730938
48,0.0,0.0,0.0,0.0,0.5996164608636833,0.5962864721960237,0.59910280812836,0.0,0.13473220852730938
49,0.0,0.0,0.0,0.0,0.5996164608636833,0.5991646361212443,0.5990908744609238,0.0,0.13473220852730938
50,3.0,1.3620596707818928,0.0,1.3620596707818928,0.5996164608636833,0.5989346270952568,0.5990797491457664,0.0,0.13473220852730938
51,6.0,2.7257829218106995,0.0,2.7257829218106995,0.5995951331526617,0.5984314408387732,0.5990512419090283,0.0,0.13473220852730938
52,9.0,4.092833333333333,0.0,4.092833333333333,0.5995524284473863,0.5973783887913778,0.5989983780774099,0.0,0.13473220852730938
53,12.0,5.464874485596708,0.0,5.464874485596708,0.5994882710672784,0.5997707217682364,0.5989235576020565,0.0,0.13473220852730938
54,15.0,3.9500514403292204,0.0,3.9500514403292204,0.5994025588166837,0.5999441706249502,0.5988214948350695,0.0,0.13473220852730938
55,15.0,1.0565329218106998,0.0,1.0565329218106998,0.599340642358098,0.5993791359155722,0.5987477518476207,0.0,0.13473220852730938
56,15.0,4.335853909465018,0.0,4.335853909465018,0.5993241003375273,0.5992850767453433,0.5987254286359813,0.0,0.13473220852730938
57,18.4,9.362738352690135,0.0,9.362738352690135,0.599256125574954,0.604920746643356,0.5986461754561583,0.0,0.13473220852730938
58,21.8,11.123407370217956,0.0,11.123407370217956,0.5991090461764362,0.6016742175769744,0.5984885192825427,0.0,0.13473220852730938
59,25.2,12.899603629629633,0.0,12.899603629629633,0.598934182579331,0.5971828844663577,0.5983026409959088,0.0,0.13473220852730938
60,28.6,14.693748810852005,0.0,14.693748810852005,0.5987312485132876,0.6000361176481689,0.5980854213109362,0.0,0.13473220852730938
61,32.0,9.51237982014937,0.0,9.51237982014937,0.5984999179004945,0.5969841192646737,0.597840782276068,0.0,0.13473220852730938
62,32.0,2.516495046486816,0.0,2.516495046486816,0.5983504691839122,0.5947663307565042,0.5976763257975108,0.0,0.13473220852730938
63,32.0,2.516495046486816,0.0,2.516495046486816,0.5983110425099262,0.6022190493789774,0.5976241578538198,0.0,0.13473220852730938
64,32.0,2.516495046486816,0.0,2.516495046486816,0.5982716157042951,0.5982274090815175,0.5975763714268697,0.0,0.13473220852730938
65,32.0,2.516495046486816,0.0,2.516495046486816,0.5982321887670178,0.5970902752636298,0.5975255565691338,0.0,0.13473220852730938
66,32.0,2.516495046486816,0.0,2.516495046486816,0.5981927616980928,0.5980160914041451,0.5974793257875173,0.0,0.13473220852730938
67,32.0,2.516495046486816,0.0,2.516495046486816,0.5981533344975188,0.5992055463845629,0.5974317383194815,0.0,0.13473220852730938
68,32.0,2.516495046486816,0.0,2.516495046486816,0.5981139071652946,0.6020134307052596,0.5973837538323523,0.0,0.13473220852730938
69,32.0,2.516495046486816,0.0,2.516495046486816,0.5980744797014187,0.5985860315657492,0.5973353909609552,0.0,0.13473220852730938
70,32.0,2.516495046486816,0.0,2.516495046486816,0.5980350521058899,0.595403310213967,0.5972825924842671,0.0,0.13473220852730938
71,32.0,2.516495046486816,0.0,2.516495046486816,0.5979956243787069,0.600182607591331,0.5972314218128213,0.0,0.13473220852730938
72,32.0,2.516495046486816,0.0,2.516495046486816,0.5979561965198683,0.5990898514689674,0.5971853480740787,0.0,0.13473220852730938
73,32.0,2.516495046486816,0.0,2.516495046486816,0.5979167685293729,0.6000840508441825,0.5971340870758215,0.0,0.13473220852730938
74,32.0,2.516495046486816,0.0,2.516495046486816,0.5978773404072193,0.5955621432768584,0.5970869838167536,0.0,0.13473220852730938
75,32.0,2.516495046486816,0.0,2.516495046486816,0.5978379121534062,0.5978136210715425,0.5970349946141471,0.0,0.13473220852730938
76,32.0,2.516495046486816,0.0,2.516495046486816,0.5977984837679322,0.5986065815024785,0.5969837593040889,0.0,0.13473220852730938
77,32.0,2.516495046486816,0.0,2.516495046486816,0.5977590552507961,0.5985680390057085,0.5969351086334016,0.0,0.13473220852730938
78,32.0,2.516495046486816,0.0,2.516495046486816,0.5977196266019965,0.5963630259556322,0.5968837547832873,0.0,0.13473220852730938
79,32.0,2.516495046486816,0.0,2.516495046486816,0.5976801978215321,0.5983600758756074,0.5968280321847363,0.0,0.13473220852730938
80,32.0,2.516495046486816,0.0,2.516495046486816,0.5976407689094017,0.599380387146682,0.5967808013378758,0.0,0.13473220852730938
81,32.0,2.516495046486816,0.0,2.516495046486816,0.5976013398656037,0.5999719207663378,0.5967329686320507,0.0,0.13473220852730938
82,32.0,2.516495046486816,0.0,2.516495046486816,0.597561910690137,0.5964514844801304,0.5966792100244201,0.0,0.13473220852730938
83,32.0,2.516495046486816,0.0,2.516495046486816,0.5975224813830002,0.5981407764990019,0.5966259935613688,0.0,0.13473220852730938
84,32.0,2.516495046486816,0.0,2.516495046486816,0.597483051944192,0.602038182397831,0.5965731695110051,0.0,0.13473220852730938
85,32.0,0.0,0.0,0.0,0.5974436223737112,0.5971731766773365,0.5965233104630687,0.0,0.13473220852730938
86,29.25,0.0,0.0,0.0,0.5974436223737112,0.5954901599508935,0.5965146702253732,0.0,0.13473220852730938
87,26.5,0.0,0.0,0.0,0.5974436223737112,0.5976073506495877,0.5965037732856772,0.0,0.13473220852730938
88,23.75,0.0,0.0,0.0,0.5974436223737112,0.5993831616740242,0.5964918935890123,0.0,0.13473220852730938
89,21.0,0.0,0.0,0.0,0.5974436223737112,0.6013732956781984,0.5964807463615349,0.0,0.13473220852730938
90,18.25,0.0,0.0,0.0,0.5974436223737112,0.6048951260191034,0.5964703704082939,0.0,0.13473220852730938
91,15.5,0.0,0.0,0.0,0.5974436223737112,0.5978178780641591,0.5964575213323279,0.0,0.13473220852730938
92,12.75,0.0,0.0,0.0,0.5974436223737112,0.5986620121362857,0.5964493849226002,0.0,0.13473220852730938
93,10.0,0.0,0.0,0.0,0.5974436223737112,0.599455748779294,0.5964388945414484,0.0,0.13473220852730938
94,6.7,0.0,0.0,0.0,0.5974436223737112,0.5979046775322716,0.5964264688813802,0.0,0.13473220852730938
95,3.4,0.0,0.0,0.0,0.5974436223737112,0.5941209188532951,0.5964177099750415,0.0,0.13473220852730938
96,0.0,0.0,0.0,0.0,0.5974436223737112,0.5983563629237543,0.5964078391832417,0.0,0.13473220852730938
97,0.0,0.0,0.0,0.0,0.5974436223737112,0.5948772471064433,0.5963961333672858,0.0,0.13473220852730938
98,0.0,0.0,0.0,0.0,0.5974436223737112,0.5975157762922839,0.5963845411980473,0.0,0.13473220852730938
99,0.0,0.0,0.0,0.0,0.5974436223737112,0.5978151419566965,0.5963758852464812,0.0,0.13473220852730938
100,0.0,0.0,0.0,0.0,0.5974436223737112,0.5949425612021638,0.5963646124444856,0.0,0.13473220852730938
101,0.0,0.0,0.0,0.0,0.5974436223737112,0.5979374319323669,0.5963525074795957,0.0,0.13473220852730938
102,0.0,0.0,0.0,0.0,0.5974436223737112,0.6000043656746421,0.5963383878928091,0.0,0.13473220852730938
103,0.0,0.0,0.0,0.0,0.5974436223737112,0.5961001163626914,0.5963311036410535,0.0,0.13473220852730938
104,0.0,0.0,0.0,0.0,0.5974436223737112,0.5981931122236631,0.5963185618764223,0.0,0.13473220852730938
105,0.0,0.0,0.0,0.0,0.5974436223737112,0.606486639516794,0.5963060200772937,0.0,0.13473220852730938
106,0.0,0.0,0.0,0.0,0.5974436223737112,0.6028750652371097,0.5962933231592085,0.0,0.13473220852730938
107,0.0,0.0,0.0,0.0,0.5974436223737112,0.6006338324632422,0.5962795620431988,0.0,0.13473220852730938
108,0.0,0.0,0.0,0.0,0.5974436223737112,0.6001775526142737,0.5962693266799894,0.0,0.13473220852730938
109,0.0,0.0,0.0,0.0,0.5974436223737112,0.5977572421058659,0.5962603623055854,0.0,0.13473220852730938
110,0.0,0.0,0.0,0.0,0.5974436223737112,0.597726247938489,0.5962505994265517,0.0,0.13473220852730938
111,0.0,0.0,0.0,0.0,0.5974436223737112,0.5932561331466147,0.5962330587083109,0.0,0.13473220852730938
112,0.0,0.0,0.0,0.0,0.5974436223737112,0.5924367543634179,0.5962200413188932,0.0,0.13473220852730938
113,0.0,0.0,0.0,0.0,0.5974436223737112,0.5983596718232994,0.5962102411296315,0.0,0.13473220852730938
114,0.0,0.0,0.0,0.0,0.5974436223737112,0.5952626412972734,0.5961989514629118,0.0,0.13473220852730938
115,0.0,0.0,0.0,0.0,0.5974436223737112,0.598310569558714,0.5961898273065487,0.0,0.13473220852730938
116,0.0,0.0,0.0,0.0,0.5974436223737112,0.5982079414071536,0.5961807449916368,0.0,0.13473220852730938
117,0.0,0.0,0.0,0.0,0.5974436223737112,0.596189685670377,0.5961695072920815,0.0,0.13473220852730938
118,3.0,1.3620596707818928,0.0,1.3620596707818928,0.5974436223737112,0.5984945648702901,0.5961524407807223,0.0,0.13473220852730938
119,6.0,2.7257829218106995,0.0,2.7257829218106995,0.597422290741404,0.5981914999051602,0.5961256234333779,0.0,0.13473220852730938
120,9.0,4.092833333333333,0.0,4.092833333333333,0.5973795781759363,0.5995970286976068,0.5960736380525347,0.0,0.13473220852730938
121,12.0,5.464874485596708,0.0,5.464874485596708,0.5973154089740984,0.597790191452242,0.5960005591860813,0.0,0.13473220852730938
122,15.0,3.9500514403292204,0.0,3.9500514403292204,0.5972296809125286,0.5994136892182879,0.5959023172709588,0.0,0.13473220852730938
123,15.0,1.0565329218106998,0.0,1.0565329218106998,0.5971677530461391,0.5971282251414934,0.5958326124501444,0.0,0.13473220852730938
124,15.0,3.1784465020576116,0.0,3.1784465020576116,0.5971512079847704,0.595652828262298,0.5958062755701956,0.0,0.13473220852730938
125,17.2,6.090258487120863,0.0,6.090258487120863,0.5971013921308367,0.5975865139043001,0.5957404445655944,0.0,0.13473220852730938
126,19.4,6.885286141137021,0.0,6.885286141137021,0.5970058279843087,0.5993205450607708,0.595637271763384,0.0,0.13473220852730938
127,21.6,7.686099111111111,0.0,7.686099111111111,0.5968977535668658,0.6000544538905185,0.595512191356505,0.0,0.13473220852730938
128,23.8,8.493353463801247,0.0,8.493353463801247,0.5967770694420886,0.5967409639542575,0.5953846165927443,0.0,0.13473220852730938
129,26.0,9.307705265965554,0.0,9.307705265965554,0.5966436655974894,0.595100739511313,0.5952365824393974,0.0,0.13473220852730938
130,28.2,10.129810584362138,0.0,10.129810584362138,0.5964974214135927,0.597881322546519,0.5950779943126449,0.0,0.13473220852730938
131,30.4,10.960325485749125,0.0,10.960325485749125,0.5963382056321055,0.5967429785912585,0.594910242226912,0.0,0.13473220852730938
132,32.6,12.219144720012185,0.0,12.219144720012185,0.5961658763231069,0.5940675853753589,0.5947358053271914,0.0,0.13473220852730938
133,35.0,8.225893537570485,0.0,8.225893537570485,0.5959736543768976,0.5925898610721377,0.5945331738480694,0.0,0.13473220852730938
134,35.0,2.8246589696692577,0.0,2.8246589696692577,0.5958444565087216,0.591595231607108,0.594388330392938,0.0,0.13473220852730938
135,35.0,7.044373475842101,0.0,7.044373475842101,0.5958001869117258,0.5947928209049956,0.5943341720306274,0.0,0.13473220852730938
136,36.875,11.918552950681892,0.0,11.918552950681892,0.5956895970158624,0.5921605507840084,0.594208467486739,0.0,0.13473220852730938
137,38.75,12.58100548726613,0.0,12.58100548726613,0.5955021188217333,0.5945420341068679,0.5940066471710761,0.0,0.13473220852730938
138,40.625,13.251851739288913,0.0,13.251851739288913,0.5953041642859792,0.5961929190512086,0.5938003079371305,0.0,0.13473220852730938
139,42.5,13.931497854271463,0.0,13.931497854271463,0.5950955944458478,0.5941412084535923,0.5935800740422892,0.0,0.13473220852730938
140,44.375,14.620349979734947,0.0,14.620349979734947,0.5948762636432381,0.593842399866597,0.5933494382338877,0.0,0.13473220852730938
141,46.25,15.318814263200627,0.0,15.318814263200627,0.5946460195048399,0.5959903078720764,0.5931077676584194,0.0,0.13473220852730938
142,48.125,16.02729685218974,0.0,16.02729685218974,0.594404702921592,0.5921562756165215,0.5928509343617934,0.0,0.13473220852730938
143,50.0,10.718040313976536,0.0,10.718040313976536,0.5941521480274268,0.5891497099509206,0.5925813432638096,0.0,0.13473220852730938
144,50.0,4.689876733729615,0.0,4.689876733729615,0.5939836131784854,0.5938713960834027,0.5924021189290211,0.0,0.13473220852730938
145,50.0,4.689876733729615,0.0,4.689876733729615,0.5939100445578125,0.5924973720909291,0.5923166586642712,0.0,0.13473220852730938
146,50.0,4.689876733729615,0.0,4.689876733729615,0.5938364754778088,0.5923127079324957,0.5922325565905185,0.0,0.13473220852730938
147,50.0,4.689876733729615,0.0,4.689876733729615,0.5937629059384657,0.5952753179675517,0.5921495130643891,0.0,0.13473220852730938
148,50.0,4.689876733729615,0.0,4.689876733729615,0.5936893359397746,0.5926259232027096,0.5920638402449035,0.0,0.13473220852730938
149,50.0,4.689876733729615,0.0,4.689876733729615,0.5936157654817268,0.5940310471759593,0.5919766597872017,0.0,0.13473220852730938
150,50.0,4.689876733729615,0.0,4.689876733729615,0.5935421945643137,0.5951588650961243,0.5918897198083474,0.0,0.13473220852730938
151,50.0,4.689876733729615,0.0,4.689876733729615,0.5934686231875267,0.5927425360969871,0.5918073400843684,0.0,0.13473220852730938
152,50.0,4.689876733729615,0.0,4.689876733729615,0.5933950513513572,0.5946095034514091,0.591720581321518,0.0,0.13473220852730938
153,50.0,4.689876733729615,0.0,4.689876733729615,0.5933214790557965,0.5940180016567485,0.5916359559748294,0.0,0.13473220852730938
154,50.0,4.689876733729615,0.0,4.689876733729615,0.593247906300836,0.5921593925009501,0.5915477230396029,0.0,0.13473220852730938
155,50.0,0.0,0.0,0.0,0.5931743330864673,0.5924167681355944,0.5914615189991753,0.0,0.13473220852730938
156,48.125,0.0,0.0,0.0,0.5931743330864673,0.5954463182955502,0.5914510125580732,0.0,0.13473220852730938
157,46.25,0.0,0.0,0.0,0.5931743330864673,0.595743816710646,0.5914376086237705,0.0,0.13473220852730938
158,44.375,0.0,0.0,0.0,0.5931743330864673,0.5940242026660552,0.5914228711826395,0.0,0.13473220852730938
159,42.5,0.0,0.0,0.0,0.5931743330864673,0.5927273685905854,0.5914098657577193,0.0,0.13473220852730938
160,40.625,0.0,0.0,0.0,0.5931743330864673,0.5927326243563363,0.5913978541845178,0.0,0.13473220852730938
161,38.75,0.0,0.0,0.0,0.5931743330864673,0.5943933315711654,0.5913864736401706,0.0,0.13473220852730938
162,36.875,0.0,0.0,0.0,0.5931743330864673,0.5983397264693989,0.5913776353642907,0.0,0.13473220852730938
163,35.0,0.0,0.0,0.0,0.5931743330864673,0.5920159158584255,0.5913693187459059,0.0,0.13473220852730938
164,35.0,2.8246589696692577,0.0,2.8246589696692577,0.5931743330864673,0.5946168959011972,0.5913549906601462,0.0,0.13473220852730938
165,35.0,2.8246589696692577,0.0,2.8246589696692577,0.5931300534720256,0.595046277218131,0.591297866268435,0.0,0.13473220852730938
166,35.0,2.8246589696692577,0.0,2.8246589696692577,0.5930857736914229,0.5916619615565657,0.5912425093955346,0.0,0.13473220852730938
167,35.0,2.8246589696692577,0.0,2.8246589696692577,0.5930414937446571,0.5910726852513503,0.5911869077694405,0.0,0.13473220852730938
168,35.0,2.8246589696692577,0.0,2.8246589696692577,0.5929972136317264,0.5920689894569349,0.5911288078794725,0.0,0.13473220852730938
169,35.0,2.8246589696692577,0.0,2.8246589696692577,0.592952933352629,0.5919541634156482,0.5910757095370328,0.0,0.13473220852730938
170,35.0,2.8246589696692577,0.0,2.8246589696692577,0.5929086529073629,0.5913324004584305,0.5910191709488382,0.0,0.13473220852730938
171,35.0,2.8246589696692577,0.0,2.8246589696692577,0.5928643722959264,0.5929546086663889,0.5909660631718336,0.0,0.13473220852730938
172,35.0,2.8246589696692577,0.0,2.8246589696692577,0.5928200915183174,0.5917156472399833,0.5909099908204161,0.0,0.13473220852730938
173,35.0,2.8246589696692577,0.0,2.8246589696692577,0.5927758105745341,0.5929872063784912,0.5908559072052595,0.0,0.13473220852730938
174,35.0,2.8246589696692577,0.0,2.8246589696692577,0.5927315294645747,0.5896069758239563,0.5908045374406932,0.0,0.13473220852730938
175,35.0,2.8246589696692577,0.0,2.8246589696692577,0.5926872481884373,0.5912459175045394,0.5907511407318371,0.0,0.13473220852730938
176,35.0,2.8246589696692577,0.0,2.8246589696692577,0.59264296674612,0.5955915562004926,0.590694884546282,0.0,0.13473220852730938
177,35.0,2.8246589696692577,0.0,2.8246589696692577,0.592598685137621,0.5931844747288071,0.5906371094388297,0.0,0.13473220852730938
178,35.0,0.0,0.0,0.0,0.5925544033629384,0.5904722511374371,0.5905817693758357,0.0,0.13473220852730938
179,31.43,0.0,0.0,0.0,0.5925544033629384,0.5912372278256524,0.5905707096901024,0.0,0.13473220852730938
180,27.86,0.0,0.0,0.0,0.5925544033629384,0.5902452375484766,0.5905587021385459,0.0,0.13473220852730938
181,24.29,0.0,0.0,0.0,0.5925544033629384,0.5953312916402369,0.5905461483982285,0.0,0.13473220852730938
182,20.72,0.0,0.0,0.0,0.5925544033629384,0.5943413323305419,0.5905353393986409,0.0,0.13473220852730938
183,17.15,0.0,0.0,0.0,0.5925544033629384,0.5921935130910511,0.5905223112208862,0.0,0.13473220852730938
184,13.58,0.0,0.0,0.0,0.5925544033629384,0.5924662524114234,0.590510577630659,0.0,0.13473220852730938
185,10.0,0.0,0.0,0.0,0.5925544033629384,0.5907551857317113,0.5904991951970519,0.0,0.13473220852730938
186,6.7,0.0,0.0,0.0,0.5925544033629384,0.5931251830030076,0.5904880160021233,0.0,0.13473220852730938
187,3.4,0.0,0.0,0.0,0.5925544033629384,0.5949227778024841,0.5904728739365461,0.0,0.13473220852730938
188,0.0,0.0,0.0,0.0,0.5925544033629384,0.5915373473764771,0.590455781763053,0.0,0.13473220852730938
189,0.0,0.0,0.0,0.0,0.5925544033629384,0.5926502710184253,0.5904422475390622,0.0,0.13473220852730938
190,0.0,0.0,0.0,0.0,0.5925544033629384,0.5907304081219297,0.5904250536420255,0.0,0.13473220852730938
191,0.0,0.0,0.0,0.0,0.5925544033629384,0.5906082779722637,0.5904162750915871,0.0,0.13473220852730938
192,0.0,0.0,0.0,0.0,0.5925544033629384,0.5907394850939168,0.5904110636908213,0.0,0.13473220852730938
193,0.0,0.0,0.0,0.0,0.5925544033629384,0.5923259197994651,0.5904020612815478,0.0,0.13473220852730938
194,0.0,0.0,0.0,0.0,0.5925544033629384,0.596769963387432,0.5903900008482817,0.0,0.13473220852730938
195,0.0,0.0,0.0,0.0,0.5925544033629384,0.5925537234544188,0.5903762496709535,0.0,0.13473220852730938
196,0.0,0.0,0.0,0.0,0.5925544033629384,0.5936765717271288,0.5903676341561517,0.0,0.13473220852730938
197,0.0,0.0,0.0,0.0,0.5925544033629384,0.5970930645105008,0.5903601903595045,0.0,0.13473220852730938
198,0.0,0.0,0.0,0.0,0.5925544033629384,0.5929013206394593,0.5903458030258358,0.0,0.13473220852730938
199,0.0,0.0,0.0,0.0,0.5925544033629384,0.5957577824503744,0.59033945062175,0.0,0.13473220852730938
200,0.0,0.0,0.0,0.0,0.5925544033629384,0.5963874800150543,0.5903286576768757,0.0,0.13473220852730938
201,0.0,0.0,0.0,0.0,0.5925544033629384,0.5923845010951738,0.5903219755314835,0.0,0.13473220852730938
202,0.0,0.0,0.0,0.0,0.5925544033629384,0.592605037037587,0.5903108498545399,0.0,0.13473220852730938
203,0.0,0.0,0.0,0.0,0.5925544033629384,0.5939917424857175,0.5903009889252939,0.0,0.13473220852730938
204,0.0,0.0,0.0,0.0,0.5925544033629384,0.5926773279479989,0.5902928434264867,0.0,0.13473220852730938
205,0.0,0.0,0.0,0.0,0.5925544033629384,0.5937659835281242,0.590281398160843,0.0,0.13473220852730938
206,0.0,0.0,0.0,0.0,0.5925544033629384,0.5903583524815714,0.5902683103417372,0.0,0.13473220852730938
207,3.75,2.0644593541023664,0.0,2.0644593541023664,0.5925544033629384,0.5947852225151393,0.5902614606588782,0.0,0.13473220852730938
208,7.5,4.132167888374485,0.0,4.132167888374485,0.5925220488081278,0.5915287448003852,0.5902170718984787,0.0,0.13473220852730938
209,11.25,6.206374782986111,0.0,6.206374782986111,0.5924572351864044,0.59244967260726,0.5901368384101567,0.0,0.13473220852730938
210,15.0,4.673431069958849,0.0,4.673431069958849,0.5923598060642673,0.592574191004453,0.5900250223513972,0.0,0.13473220852730938
211,15.0,1.0565329218106998,0.0,1.0565329218106998,0.5922864857991206,0.5964134990018027,0.589934866675348,0.0,0.13473220852730938
212,15.0,1.0565329218106998,0.0,1.0565329218106998,0.5922699339026994,0.595795436644349,0.5899078952348948,0.0,0.13473220852730938
213,15.0,1.0565329218106998,0.0,1.0565329218106998,0.5922533819830916,0.5964974467758803,0.589878439493205,0.0,0.13473220852730938
214,15.0,1.0565329218106998,0.0,1.0565329218106998,0.5922368300402971,0.5951466729694304,0.5898534567822454,0.0,0.13473220852730938
215,15.0,1.0565329218106998,0.0,1.0565329218106998,0.5922202780743159,0.5891180307518781,0.589822853637134,0.0,0.13473220852730938
216,15.0,1.0565329218106998,0.0,1.0565329218106998,0.5922037260851477,0.586574957675842,0.5897984773660566,0.0,0.13473220852730938
217,15.0,1.0565329218106998,0.0,1.0565329218106998,0.5921871740727925,0.5920697534997571,0.5897715625949083,0.0,0.13473220852730938
218,15.0,0.0,0.0,0.0,0.5921706220372503,0.5923097931959569,0.5897397262342213,0.0,0.13473220852730938
219,12.5,0.0,0.0,0.0,0.5921706220372503,0.5890529159074107,0.5897240911910392,0.0,0.13473220852730938
220,10.0,0.0,0.0,0.0,0.5921706220372503,0.5910630534750484,0.5897177116978152,0.0,0.13473220852730938
221,6.7,0.0,0.0,0.0,0.5921706220372503,0.5917444018144834,0.5897055337382348,0.0,0.13473220852730938
222,3.4,0.0,0.0,0.0,0.5921706220372503,0.5918313343656922,0.589700165521846,0.0,0.13473220852730938
223,0.0,0.0,0.0,0.0,0.5921706220372503,0.5935934152708894,0.5896926779371252,0.0,0.13473220852730938
224,0.0,0.0,0.0,0.0,0.5921706220372503,0.5904637395797909,0.5896805484975527,0.0,0.13473220852730938
225,0.0,0.0,0.0,0.0,0.5921706220372503,0.5892092968288087,0.5896708647945453,0.0,0.13473220852730938
226,0.0,0.0,0.0,0.0,0.5921706220372503,0.5934222897315071,0.5896599277920378,0.0,0.13473220852730938
227,0.0,0.0,0.0,0.0,0.5921706220372503,0.5937136643914497,0.5896515548088331,0.0,0.13473220852730938
228,0.0,0.0,0.0,0.0,0.5921706220372503,0.5908384876259398,0.5896419166355509,0.0,0.13473220852730938
229,0.0,0.0,0.0,0.0,0.5921706220372503,0.5893813856919365,0.5896311028309952,0.0,0.13473220852730938
230,0.0,0.0,0.0,0.0,0.5921706220372503,0.5885524804268483,0.5896215296346211,0.0,0.13473220852730938
231,0.0,0.0,0.0,0.0,0.5921706220372503,0.5911104867929478,0.5896049609536963,0.0,0.13473220852730938
232,0.0,0.0,0.0,0.0,0.5921706220372503,0.5923244124659058,0.5895957935245518,0.0,0.13473220852730938
233,0.0,0.0,0.0,0.0,0.5921706220372503,0.5917101137803795,0.5895849944358009,0.0,0.13473220852730938
234,0.0,0.0,0.0,0.0,0.5921706220372503,0.5937545872498122,0.5895721773060786,0.0,0.13473220852730938
235,0.0,0.0,0.0,0.0,0.5921706220372503,0.5913477651304535,0.5895625398092664,0.0,0.13473220852730938
236,0.0,0.0,0.0,0.0,0.5921706220372503,0.5866443074829664,0.5895521927306474,0.0,0.13473220852730938
237,0.0,0.0,0.0,0.0,0.5921706220372503,0.5935601969860363,0.5895452904835979,0.0,0.13473220852730938
238,0.0,0.0,0.0,0.0,0.5921706220372503,0.59203225247383,0.5895296100177271,0.0,0.13473220852730938
239,0.0,0.0,0.0,0.0,0.5921706220372503,0.5928350747613012,0.5895168973594964,0.0,0.13473220852730938
240,0.0,0.0,0.0,0.0,0.5921706220372503,0.5949336147066048,0.5894972338016952,0.0,0.13473220852730938
241,0.0,0.0,0.0,0.0,0.5921706220372503,0.5908489867850837,0.5894864780172271,0.0,0.13473220852730938
242,0.0,0.0,0.0,0.0,0.5921706220372503,0.5922190766086828,0.5894798292570056,0.0,0.13473220852730938
243,0.0,0.0,0.0,0.0,0.5921706220372503,0.5889301150359334,0.589470819120187,0.0,0.13473220852730938
244,0.0,0.0,0.0,0.0,0.5921706220372503,0.5886769881545098,0.5894615040448654,0.0,0.13473220852730938
245,3.0,1.3620596707818928,0.0,1.3620596707818928,0.5921706220372503,0.5930855838090417,0.5894457064292125,0.0,0.13473220852730938
246,6.0,2.7257829218106995,0.0,2.7257829218106995,0.5921492808828454,0.5958324456728441,0.5894132763099222,0.0,0.13473220852730938
247,9.0,4.092833333333333,0.0,4.092833333333333,0.5921065492303731,0.5913184363354677,0.5893592186343732,0.0,0.13473220852730938
248,12.0,5.464874485596708,0.0,5.464874485596708,0.5920423513216484,0.5930667886047815,0.5892796787143227,0.0,0.13473220852730938
249,15.0,3.9500514403292204,0.0,3.9500514403292204,0.5919565848660068,0.5918990485495027,0.5891856823868876,0.0,0.13473220852730938
250,15.0,1.0565329218106998,0.0,1.0565329218106998,0.5918946292978758,0.5887537068805023,0.5891150479805717,0.0,0.13473220852730938
251,15.0,4.335853909465018,0.0,4.335853909465018,0.5918780768525079,0.595266426187893,0.5890848117086829,0.0,0.13473220852730938
252,18.4,9.362738352690135,0.0,9.362738352690135,0.5918100591398404,0.5942055128765428,0.5890095677948315,0.0,0.13473220852730938
253,21.8,11.123407370217956,0.0,11.123407370217956,0.591662886431677,0.5913986612839336,0.5888530913160267,0.0,0.13473220852730938
254,25.2,12.899603629629633,0.0,12.899603629629633,0.5914879117375318,0.589546004606737,0.5886686510494489,0.0,0.13473220852730938
255,28.6,14.693748810852005,0.0,14.693748810852005,0.5912848485508212,0.5889106676020123,0.5884543419693273,0.0,0.13473220852730938
256,32.0,9.51237982014937,0.0,9.51237982014937,0.5910533705297322,0.5903484136660077,0.5882110015681666,0.0,0.13473220852730938
257,32.0,2.516495046486816,0.0,2.516495046486816,0.5909038269766403,0.588706177485788,0.5880510106485383,0.0,0.13473220852730938
258,32.0,2.516495046486816,0.0,2.516495046486816,0.5908643754228186,0.5919263895621101,0.5880020501261903,0.0,0.13473220852730938
259,32.0,2.516495046486816,0.0,2.516495046486816,0.5908249237371023,0.5889455908155128,0.5879500958927306,0.0,0.13473220852730938
260,32.0,2.516495046486816,0.0,2.516495046486816,0.5907854719194902,0.5919376454941646,0.5878992570409367,0.0,0.13473220852730938
261,32.0,2.516495046486816,0.0,2.516495046486816,0.5907460199699808,0.5923754165131195,0.5878533312172083,0.0,0.13473220852730938
262,32.0,2.516495046486816,0.0,2.516495046486816,0.5907065678885729,0.5925471657503756,0.587804608646242,0.0,0.13473220852730938
263,32.0,2.516495046486816,0.0,2.516495046486816,0.5906671156752652,0.5871410423824989,0.5877561654861468,0.0,0.13473220852730938
264,32.0,2.516495046486816,0.0,2.516495046486816,0.5906276633300563,0.5896559505643875,0.5877101229810432,0.0,0.13473220852730938
265,32.0,2.516495046486816,0.0,2.516495046486816,0.590588210852945,0.5882382912243579,0.587658837941427,0.0,0.13473220852730938
266,32.0,2.516495046486816,0.0,2.516495046486816,0.5905487582439298,0.586034118409093,0.5876065003533597,0.0,0.13473220852730938
267,32.0,2.516495046486816,0.0,2.516495046486816,0.5905093055030095,0.5863462258573184,0.5875561200563245,0.0,0.13473220852730938
268,32.0,2.516495046486816,0.0,2.516495046486816,0.5904698526301827,0.5892957895781838,0.5875073667282417,0.0,0.13473220852730938
269,32.0,2.516495046486816,0.0,2.516495046486816,0.5904303996254482,0.5892067114411721,0.5874591926495218,0.0,0.13473220852730938
270,32.0,2.516495046486816,0.0,2.516495046486816,0.5903909464888045,0.5887101563857019,0.5874058331439637,0.0,0.13473220852730938
271,32.0,2.516495046486816,0.0,2.516495046486816,0.5903514932202505,0.5872630234381799,0.5873529473973205,0.0,0.13473220852730938
272,32.0,2.516495046486816,0.0,2.516495046486816,0.5903120398197846,0.5926628789187715,0.5873009112074715,0.0,0.13473220852730938
273,32.0,2.516495046486816,0.0,2.516495046486816,0.5902725862874058,0.5892135498353701,0.5872572122431485,0.0,0.13473220852730938
274,32.0,2.516495046486816,0.0,2.516495046486816,0.5902331326231125,0.5894594321523532,0.5872050444896131,0.0,0.13473220852730938
275,32.0,2.516495046486816,0.0,2.516495046486816,0.5901936788269034,0.5885927096745329,0.5871534486215335,0.0,0.13473220852730938
276,32.0,2.516495046486816,0.0,2.516495046486816,0.5901542248987773,0.589319198968883,0.5871026430551088,0.0,0.13473220852730938
277,32.0,2.516495046486816,0.0,2.516495046486816,0.5901147708387329,0.5904571507049149,0.587048834044893,0.0,0.13473220852730938
278,32.0,2.516495046486816,0.0,2.516495046486816,0.5900753166467687,0.5892640467851464,0.5869973309566453,0.0,0.13473220852730938
279,32.0,2.516495046486816,0.0,2.516495046486816,0.5900358623228835,0.5888159274973614,0.5869481199833826,0.0,0.13473220852730938
280,32.0,0.0,0.0,0.0,0.589996407867076,0.5886739114471404,0.5868964587160684,0.0,0.13473220852730938
281,29.25,0.0,0.0,0.0,0.589996407867076,0.594324312978565,0.5868845426747993,0.0,0.13473220852730938
282,26.5,0.0,0.0,0.0,0.589996407867076,0.5906048544955542,0.5868710117728453,0.0,0.13473220852730938
283,23.75,0.0,0.0,0.0,0.589996407867076,0.5892495162527968,0.5868565639563948,0.0,0.13473220852730938
284,21.0,0.0,0.0,0.0,0.589996407867076,0.5874546485065485,0.586851114302326,0.0,0.13473220852730938
285,18.25,0.0,0.0,0.0,0.589996407867076,0.5883928376637225,0.5868451998354399,0.0,0.13473220852730938
286,15.5,0.0,0.0,0.0,0.589996407867076,0.5933238483556621,0.5868340375621643,0.0,0.13473220852730938
287,12.75,0.0,0.0,0.0,0.589996407867076,0.5905358711791094,0.5868220183194595,0.0,0.13473220852730938
288,10.0,0.0,0.0,0.0,0.589996407867076,0.5851043468912018,0.5868086033039561,0.0,0.13473220852730938
289,6.7,0.0,0.0,0.0,0.589996407867076,0.5902203692836105,0.5867968377079614,0.0,0.13473220852730938
290,3.4,0.0,0.0,0.0,0.589996407867076,0.5926804225206393,0.5867898337808664,0.0,0.13473220852730938
291,0.0,0.0,0.0,0.0,0.589996407867076,0.5898852087453238,0.5867777824019567,0.0,0.13473220852730938
292,0.0,0.0,0.0,0.0,0.589996407867076,0.5951508503117757,0.5867649135634397,0.0,0.13473220852730938
293,0.0,0.0,0.0,0.0,0.589996407867076,0.5921782460044946,0.5867532972682868,0.0,0.13473220852730938
294,0.0,0.0,0.0,0.0,0.589996407867076,0.5887344020413022,0.5867434621596744,0.0,0.13473220852730938
295,0.0,0.0,0.0,0.0,0.589996407867076,0.5876381245724372,0.5867300445601841,0.0,0.13473220852730938
296,0.0,0.0,0.0,0.0,0.589996407867076,0.5881602215909195,0.5867187346539696,0.0,0.13473220852730938
297,0.0,0.0,0.0,0.0,0.589996407867076,0.5901793292002855,0.5867062930433425,0.0,0.13473220852730938
298,0.0,0.0,0.0,0.0,0.589996407867076,0.5888829509182648,0.5866922998768307,0.0,0.13473220852730938
299,0.0,0.0,0.0,0.0,0.589996407867076,0.5874051216869065,0.5866819384183176,0.0,0.13473220852730938
300,0.0,0.0,0.0,0.0,0.589996407867076,0.5900429458909376,0.5866720614551512,0.0,0.13473220852730938
301,0.0,0.0,0.0,0.0,0.589996407867076,0.5878977498824409,0.5866588475978827,0.0,0.13473220852730938
302,0.0,0.0,0.0,0.0,0.589996407867076,0.5924340065087131,0.5866453209147713,0.0,0.13473220852730938
303,0.0,0.0,0.0,0.0,0.589996407867076,0.595050109593933,0.5866330613733735,0.0,0.13473220852730938
304,0.0,0.0,0.0,0.0,0.589996407867076,0.5887330526306708,0.5866240996767043,0.0,0.13473220852730938
305,0.0,0.0,0.0,0.0,0.589996407867076,0.5930196115585623,0.5866179294551734,0.0,0.13473220852730938
306,0.0,0.0,0.0,0.0,0.589996407867076,0.5908140810781659,0.5866050006616835,0.0,0.13473220852730938
307,0.0,0.0,0.0,0.0,0.589996407867076,0.5876751648301437,0.5865931118599438,0.0,0.13473220852730938
308,0.0,0.0,0.0,0.0,0.589996407867076,0.589557790811127,0.5865752069933338,0.0,0.13473220852730938
309,0.0,0.0,0.0,0.0,0.589996407867076,0.5915150877463764,0.5865637920077932,0.0,0.13473220852730938
310,0.0,0.0,0.0,0.0,0.589996407867076,0.5909812061527752,0.5865513447599272,0.0,0.13473220852730938
311,0.0,0.0,0.0,0.0,0.589996407867076,0.5913810098749479,0.5865424294111923,0.0,0.13473220852730938
312,0.0,0.0,0.0,0.0,0.589996407867076,0.5935030080055355,0.5865260904542576,0.0,0.13473220852730938
313,3.0,1.3620596707818928,0.0,1.3620596707818928,0.589996407867076,0.5899228912087167,0.5865105538247392,0.0,0.13473220852730938
314,6.0,2.7257829218106995,0.0,2.7257829218106995,0.5899750627839511,0.5896763183310049,0.5864808465327817,0.0,0.13473220852730938
315,9.0,4.092833333333333,0.0,4.092833333333333,0.5899323232563682,0.5923669132471125,0.5864268411026647,0.0,0.13473220852730938
316,12.0,5.464874485596708,0.0,5.464874485596708,0.5898681135034517,0.5941725663412095,0.5863562215292751,0.0,0.13473220852730938
317,15.0,3.9500514403292204,0.0,3.9500514403292204,0.5897823312067602,0.5902124982132008,0.5862597670323019,0.0,0.13473220852730938
318,15.0,1.0565329218106998,0.0,1.0565329218106998,0.589720364209152,0.5861104077711998,0.5861895003246249,0.0,0.13473220852730938
319,15.0,3.1784465020576116,0.0,3.1784465020576116,0.5897038087172223,0.5887456327102277,0.5861595471366287,0.0,0.13473220852730938
320,17.2,6.090258487120863,0.0,6.090258487120863,0.5896539614044395,0.5864230478028103,0.5861021719374563,0.0,0.13473220852730938
321,19.4,6.885286141137021,0.0,6.885286141137021,0.5895583367675408,0.5924239801801031,0.5859963689247223,0.0,0.13473220852730938
322,21.6,7.686099111111111,0.0,7.686099111111111,0.5894501938961549,0.5869826513897268,0.5858778360293124,0.0,0.13473220852730938
323,23.8,8.493353463801247,0.0,8.493353463801247,0.5893294332798509,0.5880108019427263,0.5857466469215197,0.0,0.13473220852730938
324,26.0,9.307705265965554,0.0,9.307705265965554,0.5891959448250534,0.5887483561086567,0.5856095387073971,0.0,0.13473220852730938
325,28.2,10.129810584362138,0.0,10.129810584362138,0.5890496078240632,0.5905985680220917,0.5854527320801018,0.0,0.13473220852730938
326,30.4,10.960325485749125,0.0,10.960325485749125,0.5888902909231639,0.592057267961517,0.5852771680789388,0.0,0.13473220852730938
327,32.6,12.219144720012185,0.0,12.219144720012185,0.5887178520897479,0.5872961270726895,0.5850943650474411,0.0,0.13473220852730938
328,35.0,8.225893537570485,0.0,8.225893537570485,0.5885255078481012,0.5883409711028257,0.5848837614730076,0.0,0.13473220852730938
329,35.0,2.8246589696692577,0.0,2.8246589696692577,0.5883962280437196,0.5883683367794081,0.5847433318650374,0.0,0.13473220852730938
330,35.0,7.044373475842101,0.0,7.044373475842101,0.5883519304920297,0.5880397390586796,0.5846873729667897,0.0,0.13473220852730938
331,36.875,11.918552950681892,0.0,11.918552950681892,0.5882412705255446,0.5869654869229947,0.5845671953947682,0.0,0.13473220852730938
332,38.75,12.58100548726613,0.0,12.58100548726613,0.5880536730733569,0.5865356298385996,0.5843685778127755,0.0,0.13473220852730938
333,40.625,13.251851739288913,0.0,13.251851739288913,0.5878555925436713,0.5877556061159619,0.5841613662991529,0.0,0.13473220852730938
334,42.5,13.931497854271463,0.0,13.931497854271463,0.5876468898763798,0.5911952783752134,0.5839422607907987,0.0,0.13473220852730938
335,44.375,14.620349979734947,0.0,14.620349979734947,0.5874274193113559,0.5911869498414009,0.583719042919687,0.0,0.13473220852730938
336,46.25,15.318814263200627,0.0,15.318814263200627,0.5871970283685549,0.5837883745395839,0.583474079518018,0.0,0.13473220852730938
337,48.125,16.02729685218974,0.0,16.02729685218974,0.5869555578274305,0.5851986785838232,0.5832224497757661,0.0,0.13473220852730938
338,50.0,10.718040313976536,0.0,10.718040313976536,0.5867028417056368,0.5845435951538702,0.5829625322975689,0.0,0.13473220852730938
339,50.0,4.689876733729615,0.0,4.689876733729615,0.5865341997246674,0.5899773730639181,0.5827858641383924,0.0,0.13473220852730938
340,50.0,4.689876733729615,0.0,4.689876733729615,0.5864605845638741,0.590495682792456,0.5826985387598403,0.0,0.13473220852730938
341,50.0,4.689876733729615,0.0,4.689876733729615,0.5863869689428766,0.5851175219394759,0.5826118073831095,0.0,0.13473220852730938
342,50.0,4.689876733729615,0.0,4.689876733729615,0.5863133528616663,0.5870816719697775,0.5825285371915278,0.0,0.13473220852730938
343,50.0,4.689876733729615,0.0,4.689876733729615,0.5862397363202345,0.5881596939621305,0.582447204338454,0.0,0.13473220852730938
344,50.0,4.689876733729615,0.0,4.689876733729615,0.5861661193185727,0.5859586837796689,0.5823631437962314,0.0,0.13473220852730938
345,50.0,4.689876733729615,0.0,4.689876733729615,0.5860925018566719,0.5870898914545281,0.582276440334419,0.0,0.13473220852730938
346,50.0,4.689876733729615,0.0,4.689876733729615,0.5860188839345238,0.5890308079934414,0.5821927139849539,0.0,0.13473220852730938
347,50.0,4.689876733729615,0.0,4.689876733729615,0.5859452655521197,0.5883472820054787,0.5821109874451265,0.0,0.13473220852730938
348,50.0,4.689876733729615,0.0,4.689876733729615,0.5858716467094509,0.5859640758134116,0.5820246099878522,0.0,0.13473220852730938
349,50.0,4.689876733729615,0.0,4.689876733729615,0.5857980274065088,0.5830123123589614,0.5819389736487371,0.0,0.13473220852730938
350,50.0,0.0,0.0,0.0,0.5857244076432846,0.5844734093051055,0.5818516760326818,0.0,0.13473220852730938
351,48.125,0.0,0.0,0.0,0.5857244076432846,0.5877279648145591,0.5818420169299611,0.0,0.13473220852730938
352,46.25,0.0,0.0,0.0,0.5857244076432846,0.5831290276286616,0.5818328623291015,0.0,0.13473220852730938
353,44.375,0.0,0.0,0.0,0.5857244076432846,0.5862937200775875,0.5818260751879168,0.0,0.13473220852730938
354,42.5,0.0,0.0,0.0,0.5857244076432846,0.5899141727962152,0.5818185208250071,0.0,0.13473220852730938
355,40.625,0.0,0.0,0.0,0.5857244076432846,0.5909177579774948,0.5818131928511401,0.0,0.13473220852730938
356,38.75,0.0,0.0,0.0,0.5857244076432846,0.5871295218494368,0.5818014955803978,0.0,0.13473220852730938
357,36.875,0.0,0.0,0.0,0.5857244076432846,0.5870752820019435,0.5817918981334168,0.0,0.13473220852730938
358,35.0,0.0,0.0,0.0,0.5857244076432846,0.5886683386049887,0.5817808915631457,0.0,0.13473220852730938
359,35.0,2.8246589696692577,0.0,2.8246589696692577,0.5857244076432846,0.5869885614543064,0.5817694631530106,0.0,0.13473220852730938
360,35.0,2.8246589696692577,0.0,2.8246589696692577,0.585680100055102,0.5859738550946438,0.5817150544876396,0.0,0.13473220852730938
361,35.0,2.8246589696692577,0.0,2.8246589696692577,0.5856357923004428,0.5818432488301012,0.5816587806169558,0.0,0.13473220852730938
362,35.0,2.8246589696692577,0.0,2.8246589696692577,0.5855914843793053,0.5861291944493235,0.5816071065442129,0.0,0.13473220852730938
363,35.0,2.8246589696692577,0.0,2.8246589696692577,0.5855471762916875,0.5853219120799297,0.5815512127192669,0.0,0.13473220852730938
364,35.0,2.8246589696692577,0.0,2.8246589696692577,0.5855028680375876,0.5862540315295885,0.5814957421486862,0.0,0.13473220852730938
365,35.0,2.8246589696692577,0.0,2.8246589696692577,0.5854585596170035,0.5839416159589723,0.5814418219494364,0.0,0.13473220852730938
366,35.0,2.8246589696692577,0.0,2.8246589696692577,0.5854142510299337,0.582727216800603,0.5813858582366579,0.0,0.13473220852730938
367,35.0,2.8246589696692577,0.0,2.8246589696692577,0.5853699422763761,0.5806591108061863,0.5813293043365566,0.0,0.13473220852730938
368,35.0,2.8246589696692577,0.0,2.8246589696692577,0.5853256333563287,0.5849540069818256,0.581271025539739,0.0,0.13473220852730938
369,35.0,2.8246589696692577,0.0,2.8246589696692577,0.5852813242697898,0.5874389250599195,0.5812148941483826,0.0,0.13473220852730938
370,35.0,2.8246589696692577,0.0,2.8246589696692577,0.5852370150167576,0.5882596630393971,0.5811548474663379,0.0,0.13473220852730938
371,35.0,2.8246589696692577,0.0,2.8246589696692577,0.58519270559723,0.5832433460518263,0.5811045404752307,0.0,0.13473220852730938
372,35.0,2.8246589696692577,0.0,2.8246589696692577,0.5851483960112053,0.5846237051017241,0.5810508553852551,0.0,0.13473220852730938
373,35.0,0.0,0.0,0.0,0.5851040862586815,0.5833059967349487,0.5809939965798967,0.0,0.13473220852730938
374,31.43,0.0,0.0,0.0,0.5851040862586815,0.5828084257653415,0.5809823666722176,0.0,0.13473220852730938
375,27.86,0.0,0.0,0.0,0.5851040862586815,0.5811633930042299,0.5809729542216704,0.0,0.13473220852730938
376,24.29,0.0,0.0,0.0,0.5851040862586815,0.5807730945603061,0.580964407647354,0.0,0.13473220852730938
377,20.72,0.0,0.0,0.0,0.5851040862586815,0.5861519491400758,0.580956007295279,0.0,0.13473220852730938
378,17.15,0.0,0.0,0.0,0.5851040862586815,0.5914509227712256,0.5809475334033035,0.0,0.13473220852730938
379,13.58,0.0,0.0,0.0,0.5851040862586815,0.5875149280176692,0.58093505196469,0.0,0.13473220852730938
380,10.0,0.0,0.0,0.0,0.5851040862586815,0.5874597160887686,0.580926325180746,0.0,0.13473220852730938
381,6.7,0.0,0.0,0.0,0.5851040862586815,0.586119490194961,0.5809168130635967,0.0,0.13473220852730938
382,3.4,0.0,0.0,0.0,0.5851040862586815,0.585197358967595,0.5808985906065459,0.0,0.13473220852730938
383,0.0,0.0,0.0,0.0,0.5851040862586815,0.5835206116790338,0.5808842870695284,0.0,0.13473220852730938
384,0.0,0.0,0.0,0.0,0.5851040862586815,0.5886537022179662,0.5808732731486687,0.0,0.13473220852730938
385,0.0,0.0,0.0,0.0,0.5851040862586815,0.5903605411677105,0.5808639036127181,0.0,0.13473220852730938
386,0.0,0.0,0.0,0.0,0.5851040862586815,0.5854633316003733,0.5808508265240085,0.0,0.13473220852730938
387,0.0,0.0,0.0,0.0,0.5851040862586815,0.5874371639298115,0.5808379587247334,0.0,0.13473220852730938
388,0.0,0.0,0.0,0.0,0.5851040862586815,0.5822409982734534,0.5808251203637272,0.0,0.13473220852730938
389,0.0,0.0,0.0,0.0,0.5851040862586815,0.5836365173054691,0.5808160290781046,0.0,0.13473220852730938
390,0.0,0.0,0.0,0.0,0.5851040862586815,0.5860596148176305,0.5808051247265188,0.0,0.13473220852730938
391,0.0,0.0,0.0,0.0,0.5851040862586815,0.5823462320285598,0.5807935200015162,0.0,0.13473220852730938
392,0.0,0.0,0.0,0.0,0.5851040862586815,0.5856311815177064,0.5807813527852634,0.0,0.13473220852730938
393,0.0,0.0,0.0,0.0,0.5851040862586815,0.5877374366665119,0.5807686867006858,0.0,0.13473220852730938
394,0.0,0.0,0.0,0.0,0.5851040862586815,0.5869765805874442,0.5807552591391454,0.0,0.13473220852730938
395,0.0,0.0,0.0,0.0,0.5851040862586815,0.5818895171569737,0.5807443429327883,0.0,0.13473220852730938
396,0.0,0.0,0.0,0.0,0.5851040862586815,0.5845663117365233,0.5807320384377351,0.0,0.13473220852730938
397,0.0,0.0,0.0,0.0,0.5851040862586815,0.5820114795645354,0.5807201729409651,0.0,0.13473220852730938
398,0.0,0.0,0.0,0.0,0.5851040862586815,0.5865396012589345,0.5807120647646885,0.0,0.13473220852730938
399,0.0,0.0,0.0,0.0,0.5851040862586815,0.5871098676708997,0.5807010635290047,0.0,0.13473220852730938
400,0.0,0.0,0.0,0.0,0.5851040862586815,0.5857981637951266,0.5806898737557377,0.0,0.13473220852730938
401,0.0,0.0,0.0,0.0,0.5851040862586815,0.5841373593858502,0.5806761563007211,0.0,0.13473220852730938
402,3.75,2.0644593541023664,0.0,2.0644593541023664,0.5851040862586815,0.5837398126332667,0.5806647781874519,0.0,0.13473220852730938
403,7.5,4.132167888374485,0.0,4.132167888374485,0.585071711274062,0.5839555079803322,0.5806224990256864,0.0,0.13473220852730938
404,11.25,6.206374782986111,0.0,6.206374782986111,0.5850068566588185,0.5836023812442682,0.5805459162610772,0.0,0.13473220852730938
405,15.0,4.673431069958849,0.0,4.673431069958849,0.5849093658111523,0.5824847802334245,0.58043382609084,0.0,0.13473220852730938
406,15.0,1.0565329218106998,0.0,1.0565329218106998,0.5848359991507892,0.5831163112383906,0.5803498674072664,0.0,0.13473220852730938
407,15.0,1.0565329218106998,0.0,1.0565329218106998,0.5848194368108358,0.5847358593637172,0.5803181745731898,0.0,0.13473220852730938
408,15.0,1.0565329218106998,0.0,1.0565329218106998,0.5848028744476519,0.5813859421515309,0.5802876348640629,0.0,0.13473220852730938
409,15.0,1.0565329218106998,0.0,1.0565329218106998,0.5847863120612373,0.5857562261379587,0.5802592195602432,0.0,0.13473220852730938
410,15.0,1.0565329218106998,0.0,1.0565329218106998,0.584769749651592,0.5875188693529901,0.58023131747285,0.0,0.13473220852730938
411,15.0,1.0565329218106998,0.0,1.0565329218106998,0.5847531872187159,0.5888477205477044,0.5802050808412241,0.0,0.13473220852730938
412,15.0,1.0565329218106998,0.0,1.0565329218106998,0.5847366247626089,0.5851977439133205,0.5801710214458848,0.0,0.13473220852730938
413,15.0,0.0,0.0,0.0,0.5847200622832709,0.5881971413916028,0.5801445853624396,0.0,0.13473220852730938
414,12.5,0.0,0.0,0.0,0.5847200622832709,0.5846106598355051,0.5801290865509237,0.0,0.13473220852730938
415,10.0,0.0,0.0,0.0,0.5847200622832709,0.5840381247163949,0.5801191426254156,0.0,0.13473220852730938
416,6.7,0.0,0.0,0.0,0.5847200622832709,0.5824026331031386,0.5801117660990575,0.0,0.13473220852730938
417,3.4,0.0,0.0,0.0,0.5847200622832709,0.5822340465118574,0.580103444267854,0.0,0.13473220852730938
418,0.0,0.0,0.0,0.0,0.5847200622832709,0.5844720267699528,0.5800924295036523,0.0,0.13473220852730938
419,0.0,0.0,0.0,0.0,0.5847200622832709,0.5823540039134523,0.5800770114467277,0.0,0.13473220852730938
420,0.0,0.0,0.0,0.0,0.5847200622832709,0.583483685788833,0.5800631661067319,0.0,0.13473220852730938
421,0.0,0.0,0.0,0.0,0.5847200622832709,0.5858719734160749,0.5800521923948143,0.0,0.13473220852730938
422,0.0,0.0,0.0,0.0,0.5847200622832709,0.5859537147685778,0.5800441999559853,0.0,0.13473220852730938
423,0.0,0.0,0.0,0.0,0.5847200622832709,0.5862299259789152,0.5800326264776292,0.0,0.13473220852730938
424,0.0,0.0,0.0,0.0,0.5847200622832709,0.5908058118813795,0.580020712120285,0.0,0.13473220852730938
425,0.0,0.0,0.0,0.0,0.5847200622832709,0.5854127382946979,0.5800113725091302,0.0,0.13473220852730938
426,0.0,0.0,0.0,0.0,0.5847200622832709,0.5836640696048875,0.5800019923439258,0.0,0.13473220852730938
427,0.0,0.0,0.0,0.0,0.5847200622832709,0.5871051394525264,0.5799926517526127,0.0,0.13473220852730938
428,0.0,0.0,0.0,0.0,0.5847200622832709,0.5841585411265473,0.5799775947963683,0.0,0.13473220852730938
429,0.0,0.0,0.0,0.0,0.5847200622832709,0.5856192532448788,0.5799687957840715,0.0,0.13473220852730938
430,0.0,0.0,0.0,0.0,0.5847200622832709,0.5864468767372001,0.5799592186258611,0.0,0.13473220852730938
431,0.0,0.0,0.0,0.0,0.5847200622832709,0.5817916626515884,0.579947543839692,0.0,0.13473220852730938
432,0.0,0.0,0.0,0.0,0.5847200622832709,0.5879035358712404,0.5799321341030217,0.0,0.13473220852730938
433,0.0,0.0,0.0,0.0,0.5847200622832709,0.5848295461040807,0.5799227251827175,0.0,0.13473220852730938
434,0.0,0.0,0.0,0.0,0.5847200622832709,0.5855156362611058,0.5799108200010766,0.0,0.13473220852730938
435,0.0,0.0,0.0,0.0,0.5847200622832709,0.5895633093821279,0.5798978796003192,0.0,0.13473220852730938
436,0.0,0.0,0.0,0.0,0.5847200622832709,0.5844110135569974,0.5798872600092845,0.0,0.13473220852730938
437,0.0,0.0,0.0,0.0,0.5847200622832709,0.5829490435919674,0.5798799803404734,0.0,0.13473220852730938
438,0.0,0.0,0.0,0.0,0.5847200622832709,0.5882651501508754,0.5798689612487313,0.0,0.13473220852730938
439,0.0,0.0,0.0,0.0,0.5847200622832709,0.5863415185364078,0.5798592879467842,0.0,0.13473220852730938
440,3.0,1.3620596707818928,0.0,1.3620596707818928,0.5847200622832709,0.5879435149518203,0.5798482224548288,0.0,0.13473220852730938
441,6.0,2.7257829218106995,0.0,2.7257829218106995,0.5846987076599756,0.5845052114353662,0.5798087374636838,0.0,0.13473220852730938
442,9.0,4.092833333333333,0.0,4.092833333333333,0.584655949009122,0.5870096336935855,0.5797562272557261,0.0,0.13473220852730938
443,12.0,5.464874485596708,0.0,5.464874485596708,0.5845917104947141,0.5895941012028386,0.5796789834871804,0.0,0.13473220852730938
444,15.0,3.9500514403292204,0.0,3.9500514403292204,0.5845058897308388,0.5853090757624679,0.5795804295894569,0.0,0.13473220852730938
445,15.0,1.0565329218106998,0.0,1.0565329218106998,0.5844438949788013,0.5872702726195242,0.5795056830184453,0.0,0.13473220852730938
446,15.0,4.335853909465018,0.0,4.335853909465018,0.5844273320888606,0.5864817833936865,0.5794757299002234,0.0,0.13473220852730938
447,18.4,9.362738352690135,0.0,9.362738352690135,0.5843592713444088,0.5877206995298366,0.5793935950594118,0.0,0.13473220852730938
448,21.8,11.123407370217956,0.0,11.123407370217956,0.5842120051484053,0.5868470612023678,0.5792313784217665,0.0,0.13473220852730938
449,25.2,12.899603629629633,0.0,12.899603629629633,0.5840369191447485,0.5853163021795963,0.5790456455238885,0.0,0.13473220852730938
450,28.6,14.693748810852005,0.0,14.693748810852005,0.5838337265900642,0.5825017097723512,0.5788279904442971,0.0,0.13473220852730938
451,32.0,9.51237982014937,0.0,9.51237982014937,0.5836021008779219,0.5824395348567378,0.578584229528519,0.0,0.13473220852730938
452,32.0,2.516495046486816,0.0,2.516495046486816,0.5834524623071649,0.5861107335152898,0.5784233999999204,0.0,0.13473220852730938
453,32.0,2.516495046486816,0.0,2.516495046486816,0.5834129858262476,0.5843769482352323,0.5783722815771476,0.0,0.13473220852730938
454,32.0,2.516495046486816,0.0,2.516495046486816,0.5833735092131854,0.5854076256179356,0.5783254712311438,0.0,0.13473220852730938
455,32.0,2.516495046486816,0.0,2.516495046486816,0.5833340324679771,0.5889431521758794,0.5782730903632101,0.0,0.13473220852730938
456,32.0,2.516495046486816,0.0,2.516495046486816,0.5832945555906213,0.5855801243892509,0.5782233573142846,0.0,0.13473220852730938
457,32.0,2.516495046486816,0.0,2.516495046486816,0.5832550785811165,0.5876036571842946,0.578172076461214,0.0,0.13473220852730938
458,32.0,2.516495046486816,0.0,2.516495046486816,0.5832156014394615,0.5852422861181679,0.5781217529182602,0.0,0.13473220852730938
459,32.0,2.516495046486816,0.0,2.516495046486816,0.583176124165655,0.5842620880886851,0.5780694759319267,0.0,0.13473220852730938
460,32.0,2.516495046486816,0.0,2.516495046486816,0.5831366467596957,0.5839453857409009,0.5780201275082301,0.0,0.13473220852730938
461,32.0,2.516495046486816,0.0,2.516495046486816,0.5830971692215822,0.5810258836733087,0.5779665565485892,0.0,0.13473220852730938
462,32.0,2.516495046486816,0.0,2.516495046486816,0.5830576915513132,0.5808298120239147,0.5779155984070031,0.0,0.13473220852730938
463,32.0,2.516495046486816,0.0,2.516495046486816,0.5830182137488873,0.5788577961718948,0.5778616899194969,0.0,0.13473220852730938
464,32.0,2.516495046486816,0.0,2.516495046486816,0.5829787358143034,0.582559771967182,0.5778126534344887,0.0,0.13473220852730938
465,32.0,2.516495046486816,0.0,2.516495046486816,0.58293925774756,0.5826796175806553,0.5777577155787752,0.0,0.13473220852730938
466,32.0,2.516495046486816,0.0,2.516495046486816,0.5828997795486557,0.5871448345586698,0.5777086684896673,0.0,0.13473220852730938
467,32.0,2.516495046486816,0.0,2.516495046486816,0.5828603012175892,0.5791885469145059,0.5776621013083243,0.0,0.13473220852730938
468,32.0,2.516495046486816,0.0,2.516495046486816,0.5828208227543593,0.5805433591534895,0.5776102894716221,0.0,0.13473220852730938
469,32.0,2.516495046486816,0.0,2.516495046486816,0.5827813441589647,0.5837111390308248,0.5775625365229416,0.0,0.13473220852730938
470,32.0,2.516495046486816,0.0,2.516495046486816,0.5827418654314038,0.5817669540324198,0.5775112694600648,0.0,0.13473220852730938
471,32.0,2.516495046486816,0.0,2.516495046486816,0.5827023865716755,0.5844165466211968,0.5774642358903328,0.0,0.13473220852730938
472,32.0,2.516495046486816,0.0,2.516495046486816,0.5826629075797785,0.5829971180256157,0.5774118396729414,0.0,0.13473220852730938
473,32.0,2.516495046486816,0.0,2.516495046486816,0.5826234284557112,0.5803028855757012,0.5773561198905519,0.0,0.13473220852730938
474,32.0,2.516495046486816,0.0,2.516495046486816,0.5825839491994727,0.5802980686082148,0.5773097670931214,0.0,0.13473220852730938
475,32.0,0.0,0.0,0.0,0.5825444698110612,0.5824072159743735,0.5772593032214222,0.0,0.13473220852730938
476,29.25,0.0,0.0,0.0,0.5825444698110612,0.5833033128127532,0.5772488622104718,0.0,0.13473220852730938
477,26.5,0.0,0.0,0.0,0.5825444698110612,0.5860823289141924,0.5772412275977612,0.0,0.13473220852730938
478,23.75,0.0,0.0,0.0,0.5825444698110612,0.5862068512281883,0.5772303446843678,0.0,0.13473220852730938
479,21.0,0.0,0.0,0.0,0.5825444698110612,0.5847348128147628,0.5772182815584057,0.0,0.13473220852730938
480,18.25,0.0,0.0,0.0,0.5825444698110612,0.5842519155084859,0.5772055877604051,0.0,0.13473220852730938
481,15.5,0.0,0.0,0.0,0.5825444698110612,0.5861162719041104,0.5771926913082943,0.0,0.13473220852730938
482,12.75,0.0,0.0,0.0,0.5825444698110612,0.5852834422846556,0.5771810343050452,0.0,0.13473220852730938
483,10.0,0.0,0.0,0.0,0.5825444698110612,0.5866944560710996,0.5771701724597516,0.0,0.13473220852730938
484,6.7,0.0,0.0,0.0,0.5825444698110612,0.5879630789941396,0.5771609402161462,0.0,0.13473220852730938
485,3.4,0.0,0.0,0.0,0.5825444698110612,0.5809693220061024,0.577149940654898,0.0,0.13473220852730938
486,0.0,0.0,0.0,0.0,0.5825444698110612,0.580488838502237,0.5771384736981899,0.0,0.13473220852730938
487,0.0,0.0,0.0,0.0,0.5825444698110612,0.5804024310065344,0.5771250274661094,0.0,0.13473220852730938
488,0.0,0.0,0.0,0.0,0.5825444698110612,0.577547436841611,0.5771151557534239,0.0,0.13473220852730938
489,0.0,0.0,0.0,0.0,0.5825444698110612,0.5754292708087887,0.5771053010487551,0.0,0.13473220852730938
490,0.0,0.0,0.0,0.0,0.5825444698110612,0.5820483631136174,0.5770985896677092,0.0,0.13473220852730938
491,0.0,0.0,0.0,0.0,0.5825444698110612,0.5833576687895362,0.5770852957783796,0.0,0.13473220852730938
492,0.0,0.0,0.0,0.0,0.5825444698110612,0.5826879332805434,0.5770768707121106,0.0,0.13473220852730938
493,0.0,0.0,0.0,0.0,0.5825444698110612,0.5799366759283877,0.5770657696080524,0.0,0.13473220852730938
494,0.0,0.0,0.0,0.0,0.5825444698110612,0.5837278377870688,0.5770504823905476,0.0,0.13473220852730938
495,0.0,0.0,0.0,0.0,0.5825444698110612,0.5829740777765638,0.5770399850688082,0.0,0.13473220852730938
496,0.0,0.0,4.576271186440678,-4.576271186440678,0.5825444698110612,0.5780059129045974,0.5770282951165638,9.955752212389378e-05,0.13473220852730938
497,0.0,0.0,0.0,0.0,0.5826160616153503,0.5795794088604562,0.5770894624135822,9.955752212389378e-05,0.13473220852730938
498,0.0,0.0,0.0,0.0,0.5826160616153503,0.5810174512388885,0.5770811335802764,9.955752212389378e-05,0.13473220852730938
499,0.0,0.0,0.0,0.0,0.5826160616153503,0.5835749626979054,0.5770650288954795,9.955752212389378e-05,0.13473220852730938
500,0.0,0.0,0.0,0.0,0.5826160616153503,0.5842236067488822,0.5770555043926734,9.955752212389378e-05,0.13473220852730938
501,0.0,0.0,0.0,0.0,0.5826160616153503,0.585230659896122,0.5770405061831273,9.955752212389378e-05,0.13473220852730938
502,0.0,0.0,0.0,0.0,0.5826160616153503,0.5819535062914699,0.5770292294320998,9.955752212389378e-05,0.13473220852730938
503,0.0,0.0,0.0,0.0,0.5826160616153503,0.5833039707901674,0.5770161788117841,9.955752212389378e-05,0.13473220852730938
504,0.0,0.0,0.0,0.0,0.5826160616153503,0.5842804245510392,0.5770025810528396,9.955752212389378e-05,0.13473220852730938
505,0.0,0.0,0.0,0.0,0.5826160616153503,0.5819098796315731,0.5769885545175193,9.955752212389378e-05,0.13473220852730938
506,0.0,0.0,0.0,0.0,0.5826160616153503,0.5828417210118568,0.5769737839784481,9.955752212389378e-05,0.13473220852730938
507,0.0,0.0,4.576271186440678,-4.576271186440678,0.5826160616153503,0.5811053243690509,0.576956908253802,0.00019911504424778757,0.13473220852730938
508,3.0,1.3620596707818928,4.067796610169491,-2.7057369393875987,0.5826876529874421,0.5826120202357075,0.5770125663931072,0.00029257298817302117,0.13473220852730938
509,6.0,2.7257829218106995,4.576271186440678,-1.8504882646299787,0.5827300127709415,0.5815675780687813,0.57704562455995,0.000392130510296915,0.13473220852730938
510,9.0,4.092833333333333,3.0508474576271185,1.0419858757062146,0.5827589929014257,0.5833411844419915,0.577064383432957,0.00047107787871796756,0.13473220852730938
511,12.0,5.464874485596708,4.576271186440678,0.8886032991560295,0.5827426558238155,0.5816205187910009,0.5770354829234354,0.0005706354008418613,0.13473220852730938
512,15.0,3.9500514403292204,0.0,3.9500514403292204,0.5827287244313828,0.587282286716651,0.5770105080715369,0.0005706354008418613,0.13473220852730938
513,15.0,1.0565329218106998,0.0,1.0565329218106998,0.5826667203257322,0.5851313798289763,0.5769325941237471,0.0005706354008418613,0.13473220852730938
514,15.0,3.1784465020576116,3.0508474576271185,0.12759904443049308,0.5826501549425681,0.5837060849812226,0.5769048120642548,0.000649582769262914,0.13473220852730938
515,17.2,6.090258487120863,3.0508474576271185,3.0394110294937446,0.5826481550538104,0.5806376533276169,0.5768899968477952,0.0007285301376839667,0.13473220852730938
516,19.4,6.885286141137021,4.576271186440678,2.3090149546963428,0.5826004623358157,0.578182630635871,0.5768319079535156,0.0008280876598078605,0.13473220852730938
517,21.6,7.686099111111111,3.0508474576271185,4.6352516534839925,0.5825642409956299,0.5826789056478856,0.5767834665491003,0.0009070350282289132,0.13473220852730938
518,23.8,8.493353463801247,0.0,8.493353463801247,0.5824914603170082,0.5861742416664314,0.576700916943985,0.0009070350282289132,0.13473220852730938
519,26.0,9.307705265965554,3.0508474576271185,6.256857808338435,0.5823578940833145,0.5802537721282831,0.5765596445037996,0.0009859823966499657,0.13473220852730938
520,28.2,10.129810584362138,0.0,10.129810584362138,0.5822595861056347,0.584057813612105,0.5764496019377349,0.0009859823966499657,0.13473220852730938
521,30.4,10.960325485749125,0.0,10.960325485749125,0.5821001769037527,0.5817194586017375,0.5762744040478212,0.0009859823966499657,0.13473220852730938
522,32.6,12.219144720012185,0.0,12.219144720012185,0.5819276380972052,0.5818340301506245,0.5760877577945142,0.0009859823966499657,0.13473220852730938
523,35.0,8.225893537570485,0.0,8.225893537570485,0.5817351822249132,0.5838555675191077,0.5758846703313887,0.0009859823966499657,0.13473220852730938
524,35.0,2.8246589696692577,0.0,2.8246589696692577,0.5816058276300226,0.5787506072367016,0.5757423926173914,0.0009859823966499657,0.13473220852730938
525,35.0,7.044373475842101,0.0,7.044373475842101,0.5815615045617814,0.5838474601993093,0.5756828569370676,0.0009859823966499657,0.13473220852730938
526,36.875,11.918552950681892,0.0,11.918552950681892,0.5814507806356753,0.5831465357343861,0.5755627595740214,0.0009859823966499657,0.13473220852730938
527,38.75,12.58100548726613,0.0,12.58100548726613,0.5812630743253783,0.5825163740274261,0.5753625698465402,0.0009859823966499657,0.13473220852730938
528,40.625,13.251851739288913,0.0,13.251851739288913,0.581064878788995,0.5800551273949278,0.5751547918244732,0.0009859823966499657,0.13473220852730938
529,42.5,13.931497854271463,0.0,13.931497854271463,0.5808560548775363,0.5833611427194985,0.5749349277854339,0.0009859823966499657,0.13473220852730938
530,44.375,14.620349979734947,0.0,14.620349979734947,0.5806364567377316,0.5807217706989963,0.5747027085340886,0.0009859823966499657,0.13473220852730938
531,46.25,15.318814263200627,0.0,15.318814263200627,0.5804059317920924,0.5740717177357978,0.5744589288698088,0.0009859823966499657,0.13473220852730938
532,48.125,16.02729685218974,0.0,16.02729685218974,0.5801643207182922,0.5743585976006267,0.5742030156690631,0.0009859823966499657,0.13473220852730938
533,50.0,10.718040313976536,0.0,10.718040313976536,0.5799114574278283,0.5756987686508757,0.5739400480478809,0.0009859823966499657,0.13473220852730938
534,50.0,4.689876733729615,0.0,4.689876733729615,0.5797427176574516,0.5811889147806291,0.5737637935038256,0.0009859823966499657,0.13473220852730938
535,50.0,4.689876733729615,0.0,4.689876733729615,0.5796690600155181,0.5809629237638232,0.5736803239207847,0.0009859823966499657,0.13473220852730938
536,50.0,4.689876733729615,0.0,4.689876733729615,0.5795954019125823,0.5811396435623446,0.5735956850416791,0.0009859823966499657,0.13473220852730938
537,50.0,4.689876733729615,0.0,4.689876733729615,0.5795217433486355,0.5771190267333489,0.5735107019724793,0.0009859823966499657,0.13473220852730938
538,50.0,4.689876733729615,0.0,4.689876733729615,0.579448084323669,0.5776108655969329,0.5734231644285699,0.0009859823966499657,0.13473220852730938
539,50.0,4.689876733729615,0.0,4.689876733729615,0.5793744248376741,0.5778670497039984,0.5733427176700713,0.0009859823966499657,0.13473220852730938
540,50.0,4.689876733729615,0.0,4.689876733729615,0.5793007648906422,0.5808179788398407,0.5732537778347321,0.0009859823966499657,0.13473220852730938
541,50.0,4.689876733729615,0.0,4.689876733729615,0.5792271044825645,0.5789518545817602,0.5731699747936945,0.0009859823966499657,0.13473220852730938
542,50.0,4.689876733729615,0.0,4.689876733729615,0.5791534436134326,0.5838641927847004,0.5730860962441492,0.0009859823966499657,0.13473220852730938
543,50.0,4.689876733729615,0.0,4.689876733729615,0.5790797822832375,0.5815885801603048,0.5730002628710312,0.0009859823966499657,0.13473220852730938
544,50.0,4.689876733729615,0.0,4.689876733729615,0.5790061204919708,0.5803858300964487,0.57291262807017,0.0009859823966499657,0.13473220852730938
545,50.0,0.0,0.0,0.0,0.5789324582396236,0.578963695446755,0.5728285742682279,0.0009859823966499657,0.13473220852730938
546,48.125,0.0,0.0,0.0,0.5789324582396236,0.5788537051270508,0.572817662049504,0.0009859823966499657,0.13473220852730938
547,46.25,0.0,0.0,0.0,0.5789324582396236,0.579022426425004,0.5728045297452161,0.0009859823966499657,0.13473220852730938
548,44.375,0.0,0.0,0.0,0.5789324582396236,0.5787719597711822,0.5727913835227794,0.0009859823966499657,0.13473220852730938
549,42.5,0.0,0.0,0.0,0.5789324582396236,0.5743083726153463,0.5727800539805841,0.0009859823966499657,0.13473220852730938
550,40.625,0.0,0.0,0.0,0.5789324582396236,0.5782693256821402,0.5727663975148211,0.0009859823966499657,0.13473220852730938
551,38.75,0.0,0.0,0.0,0.5789324582396236,0.5720958418673301,0.5727525141534048,0.0009859823966499657,0.13473220852730938
552,36.875,0.0,0.0,0.0,0.5789324582396236,0.5764621539114739,0.572735602001447,0.0009859823966499657,0.13473220852730938
553,35.0,0.0,0.0,0.0,0.5789324582396236,0.5757742708801482,0.5727214126047339,0.0009859823966499657,0.13473220852730938
554,35.0,2.8246589696692577,0.0,2.8246589696692577,0.5789324582396236,0.575527905911369,0.5727085993438865,0.0009859823966499657,0.13473220852730938
555,35.0,2.8246589696692577,0.0,2.8246589696692577,0.5788881251174827,0.5822246989626427,0.572654887802192,0.0009859823966499657,0.13473220852730938
556,35.0,2.8246589696692577,0.0,2.8246589696692577,0.578843791828577,0.5804154029287381,0.5725999730755107,0.0009859823966499657,0.13473220852730938
557,35.0,2.8246589696692577,0.0,2.8246589696692577,0.5787994583729048,0.5804525879630439,0.5725421116539199,0.0009859823966499657,0.13473220852730938
558,35.0,2.8246589696692577,0.0,2.8246589696692577,0.5787551247504641,0.5801354908240194,0.5724862490900761,0.0009859823966499657,0.13473220852730938
559,35.0,2.8246589696692577,0.0,2.8246589696692577,0.578710790961253,0.5790370862612713,0.5724241280353505,0.0009859823966499657,0.13473220852730938
560,35.0,2.8246589696692577,0.0,2.8246589696692577,0.5786664570052698,0.58119861352049,0.572368124359793,0.0009859823966499657,0.13473220852730938
561,35.0,2.8246589696692577,0.0,2.8246589696692577,0.5786221228825124,0.5821577313344775,0.5723096082205551,0.0009859823966499657,0.13473220852730938
562,35.0,2.8246589696692577,0.0,2.8246589696692577,0.5785777885929789,0.5770996405338551,0.5722523885692938,0.0009859823966499657,0.13473220852730938
563,35.0,2.8246589696692577,0.0,2.8246589696692577,0.5785334541366676,0.575473184547116,0.5721924056920594,0.0009859823966499657,0.13473220852730938
564,35.0,2.8246589696692577,0.0,2.8246589696692577,0.5784891195135765,0.5758301628368021,0.5721361193037872,0.0009859823966499657,0.13473220852730938
565,35.0,2.8246589696692577,0.0,2.8246589696692577,0.5784447847237038,0.5783891590263204,0.5720808515648772,0.0009859823966499657,0.13473220852730938
566,35.0,2.8246589696692577,0.0,2.8246589696692577,0.5784004497670475,0.5793746335950458,0.572024512838178,0.0009859823966499657,0.13473220852730938
567,35.0,2.8246589696692577,0.0,2.8246589696692577,0.5783561146436058,0.5797246916749362,0.5719645840723222,0.0009859823966499657,0.13473220852730938
568,35.0,0.0,0.0,0.0,0.5783117793533767,0.5809734638431051,0.5719098158838579,0.0009859823966499657,0.13473220852730938
569,31.43,0.0,0.0,0.0,0.5783117793533767,0.5763349440808628,0.5718954006880553,0.0009859823966499657,0.13473220852730938
570,27.86,0.0,0.0,0.0,0.5783117793533767,0.5792910000818645,0.5718826301323058,0.0009859823966499657,0.13473220852730938
571,24.29,0.0,0.0,0.0,0.5783117793533767,0.5817623169658851,0.5718723455864818,0.0009859823966499657,0.13473220852730938
572,20.72,0.0,0.0,0.0,0.5783117793533767,0.5796786166717994,0.5718616512964458,0.0009859823966499657,0.13473220852730938
573,17.15,0.0,0.0,0.0,0.5783117793533767,0.5787730689663647,0.5718510209404022,0.0009859823966499657,0.13473220852730938
574,13.58,0.0,0.0,0.0,0.5783117793533767,0.575160436294801,0.5718429550378658,0.0009859823966499657,0.13473220852730938
575,10.0,0.0,0.0,0.0,0.5783117793533767,0.5753807080406185,0.5718274147460235,0.0009859823966499657,0.13473220852730938
576,6.7,0.0,0.0,0.0,0.5783117793533767,0.5724641171942589,0.5718190575025498,0.0009859823966499657,0.13473220852730938
577,3.4,0.0,0.0,0.0,0.5783117793533767,0.5734474200304756,0.5718097212851823,0.0009859823966499657,0.13473220852730938
578,0.0,0.0,0.0,0.0,0.5783117793533767,0.5790897244220531,0.5717940490208485,0.0009859823966499657,0.13473220852730938
579,0.0,0.0,0.0,0.0,0.5783117793533767,0.5837046832822009,0.571784849438474,0.0009859823966499657,0.13473220852730938
580,0.0,0.0,0.0,0.0,0.5783117793533767,0.5792571159515703,0.5717710112010101,0.0009859823966499657,0.13473220852730938
581,0.0,0.0,0.0,0.0,0.5783117793533767,0.5838468699816519,0.5717668428835515,0.0009859823966499657,0.13473220852730938
582,0.0,0.0,0.0,0.0,0.5783117793533767,0.5762834934343276,0.5717595916959591,0.0009859823966499657,0.13473220852730938
583,0.0,0.0,0.0,0.0,0.5783117793533767,0.5832508484750311,0.5717456401114258,0.0009859823966499657,0.13473220852730938
584,0.0,0.0,0.0,0.0,0.5783117793533767,0.5811469947301099,0.571730683798041,0.0009859823966499657,0.13473220852730938
585,0.0,0.0,0.0,0.0,0.5783117793533767,0.5811495093779276,0.5717179205915364,0.0009859823966499657,0.13473220852730938
586,0.0,0.0,0.0,0.0,0.5783117793533767,0.5798414013361958,0.5717047013454536,0.0009859823966499657,0.13473220852730938
587,0.0,0.0,0.0,0.0,0.5783117793533767,0.5786451283577914,0.5716933007868314,0.0009859823966499657,0.13473220852730938
588,0.0,0.0,0.0,0.0,0.5783117793533767,0.5777716321121028,0.5716842840218005,0.0009859823966499657,0.13473220852730938
589,0.0,0.0,0.0,0.0,0.5783117793533767,0.5779153216893838,0.5716778755685066,0.0009859823966499657,0.13473220852730938
590,0.0,0.0,0.0,0.0,0.5783117793533767,0.5756606636240413,0.5716695105438042,0.0009859823966499657,0.13473220852730938
591,0.0,0.0,0.0,0.0,0.5783117793533767,0.5806597556620932,0.5716578997267177,0.0009859823966499657,0.13473220852730938
592,0.0,0.0,0.0,0.0,0.5783117793533767,0.5754524779548015,0.5716442377361455,0.0009859823966499657,0.13473220852730938
593,0.0,0.0,0.0,0.0,0.5783117793533767,0.5795634075891022,0.5716358755920804,0.0009859823966499657,0.13473220852730938
594,0.0,0.0,0.0,0.0,0.5783117793533767,0.5781882173399513,0.571627493612618,0.0009859823966499657,0.13473220852730938
595,0.0,0.0,0.0,0.0,0.5783117793533767,0.5760542963656663,0.5716148545790096,0.0009859823966499657,0.13473220852730938
596,0.0,0.0,0.0,0.0,0.5783117793533767,0.5745485709212349,0.5716034507581592,0.0009859823966499657,0.13473220852730938
597,3.75,2.0644593541023664,0.0,2.0644593541023664,0.5783117793533767,0.5778590828362125,0.5715940101127257,0.0009859823966499657,0.13473220852730938
598,7.5,4.132167888374485,0.0,4.132167888374485,0.57827938572079,0.5791648562029953,0.5715549303516209,0.0009859823966499657,0.13473220852730938
599,11.25,6.206374782986111,0.0,6.206374782986111,0.5782144936872752,0.5797970811343544,0.5714789817564364,0.0009859823966499657,0.13473220852730938
600,15.0,4.673431069958849,0.0,4.673431069958849,0.5781169464972988,0.5817968789556729,0.5713697014716431,0.0009859823966499657,0.13473220852730938
601,15.0,1.0565329218106998,0.0,1.0565329218106998,0.5780435374880417,0.5782631823870101,0.5712848335054341,0.0009859823966499657,0.13473220852730938
602,15.0,1.0565329218106998,0.0,1.0565329218106998,0.5780269656154303,0.5793462761351311,0.5712568108064254,0.0009859823966499657,0.13473220852730938
603,15.0,1.0565329218106998,0.0,1.0565329218106998,0.5780103937195482,0.5785251510738864,0.5712289920770147,0.0009859823966499657,0.13473220852730938
604,15.0,1.0565329218106998,0.0,1.0565329218106998,0.5779938218003954,0.5766477343155041,0.5712032590236613,0.0009859823966499657,0.13473220852730938
605,15.0,1.0565329218106998,0.0,1.0565329218106998,0.5779772498579717,0.5815653930706478,0.5711794720958815,0.0009859823966499657,0.13473220852730938
606,15.0,1.0565329218106998,0.0,1.0565329218106998,0.577960677892277,0.5775110498573073,0.5711552441947295,0.0009859823966499657,0.13473220852730938
607,15.0,1.0565329218106998,0.0,1.0565329218106998,0.5779441059033112,0.5798583090119944,0.5711295566703903,0.0009859823966499657,0.13473220852730938
608,15.0,0.0,0.0,0.0,0.5779275338910743,0.5813902202015511,0.5711026928517042,0.0009859823966499657,0.13473220852730938
609,12.5,0.0,0.0,0.0,0.5779275338910743,0.579649527632989,0.5710934525478827,0.0009859823966499657,0.13473220852730938
610,10.0,0.0,0.0,0.0,0.5779275338910743,0.5833714854695027,0.5710846618452529,0.0009859823966499657,0.13473220852730938
611,6.7,0.0,0.0,0.0,0.5779275338910743,0.5803423189487257,0.571076849618639,0.0009859823966499657,0.13473220852730938
612,3.4,0.0,0.0,0.0,0.5779275338910743,0.5796278114807372,0.571063978016192,0.0009859823966499657,0.13473220852730938
613,0.0,0.0,0.0,0.0,0.5779275338910743,0.5781609385677136,0.5710533815930222,0.0009859823966499657,0.13473220852730938
614,0.0,0.0,0.0,0.0,0.5779275338910743,0.5776610511040663,0.5710421487833778,0.0009859823966499657,0.13473220852730938
615,0.0,0.0,0.0,0.0,0.5779275338910743,0.582895333829214,0.5710283602302756,0.0009859823966499657,0.13473220852730938
616,0.0,0.0,0.0,0.0,0.5779275338910743,0.5763507979309583,0.5710187977074561,0.0009859823966499657,0.13473220852730938
617,0.0,0.0,0.0,0.0,0.5779275338910743,0.583329395131766,0.5710079318242571,0.0009859823966499657,0.13473220852730938
618,0.0,0.0,0.0,0.0,0.5779275338910743,0.5833690541267764,0.5709990531425015,0.0009859823966499657,0.13473220852730938
619,0.0,0.0,0.0,0.0,0.5779275338910743,0.5783643244928525,0.5709832817513514,0.0009859823966499657,0.13473220852730938
620,0.0,0.0,0.0,0.0,0.5779275338910743,0.581785005105685,0.5709705901316869,0.0009859823966499657,0.13473220852730938
621,0.0,0.0,0.0,0.0,0.5779275338910743,0.5786694645861661,0.5709605321531896,0.0009859823966499657,0.13473220852730938
622,0.0,0.0,0.0,0.0,0.5779275338910743,0.5758365293869551,0.570951036822395,0.0009859823966499657,0.13473220852730938
623,0.0,0.0,0.0,0.0,0.5779275338910743,0.5744690140540769,0.5709417292600202,0.0009859823966499657,0.13473220852730938
624,0.0,0.0,0.0,0.0,0.5779275338910743,0.5750774949615376,0.5709305234726083,0.0009859823966499657,0.13473220852730938
625,0.0,0.0,0.0,0.0,0.5779275338910743,0.5734707871836012,0.5709187629561867,0.0009859823966499657,0.13473220852730938
626,0.0,0.0,0.0,0.0,0.5779275338910743,0.5784313602321185,0.5709067327333195,0.0009859823966499657,0.13473220852730938
627,0.0,0.0,0.0,0.0,0.5779275338910743,0.5789394334430704,0.570901159776771,0.0009859823966499657,0.13473220852730938
628,0.0,0.0,0.0,0.0,0.5779275338910743,0.5754739574059411,0.5708866384740141,0.0009859823966499657,0.13473220852730938
629,0.0,0.0,0.0,0.0,0.5779275338910743,0.5781108637389031,0.5708708813284951,0.0009859823966499657,0.13473220852730938
630,0.0,0.0,0.0,0.0,0.5779275338910743,0.5778546495619363,0.5708617285836499,0.0009859823966499657,0.13473220852730938
631,0.0,0.0,0.0,0.0,0.5779275338910743,0.5780745190026705,0.5708490665644484,0.0009859823966499657,0.13473220852730938
632,0.0,0.0,0.0,0.0,0.5779275338910743,0.5758640042162247,0.5708364589089139,0.0009859823966499657,0.13473220852730938
633,0.0,0.0,0.0,0.0,0.5779275338910743,0.5740428841845951,0.5708248773510693,0.0009859823966499657,0.13473220852730938
634,0.0,0.0,0.0,0.0,0.5779275338910743,0.5746375506584478,0.5708140752012397,0.0009859823966499657,0.13473220852730938
635,3.0,1.3620596707818928,0.0,1.3620596707818928,0.5779275338910743,0.5797192084928536,0.5708050072288581,0.0009859823966499657,0.13473220852730938
636,6.0,2.7257829218106995,0.0,2.7257829218106995,0.5779061669736256,0.5798719041693926,0.5707694977832966,0.0009859823966499657,0.13473220852730938
637,9.0,4.092833333333333,0.0,4.092833333333333,0.5778633836791014,0.5777834999889838,0.5707186375797854,0.0009859823966499657,0.13473220852730938
638,12.0,5.464874485596708,0.0,5.464874485596708,0.5777991081004316,0.5781377187932394,0.5706398811741711,0.0009859823966499657,0.13473220852730938
639,15.0,3.9500514403292204,0.0,3.9500514403292204,0.5777132377647102,0.5787724948398357,0.570536457145283,0.0009859823966499657,0.13473220852730938
640,15.0,1.0565329218106998,0.0,1.0565329218106998,0.5776512072461929,0.5773155806201602,0.5704627820458866,0.0009859823966499657,0.13473220852730938
641,15.0,4.335853909465018,0.0,4.335853909465018,0.5776346348226431,0.5771883433529917,0.570434727564268,0.0009859823966499657,0.13473220852730938
642,18.4,9.362738352690135,0.0,9.362738352690135,0.5775665347994038,0.5796571914409206,0.5703535494613713,0.0009859823966499657,0.13473220852730938
643,21.8,11.123407370217956,0.0,11.123407370217956,0.5774191832684266,0.5751289469816375,0.57019727012334,0.0009859823966499657,0.13473220852730938
644,25.2,12.899603629629633,0.0,12.899603629629633,0.5772439956620429,0.5778053455090002,0.5700160719763261,0.0009859823966499657,0.13473220852730938
645,28.6,14.693748810852005,0.0,14.693748810852005,0.5770406850206448,0.5724298916485069,0.5698047151310562,0.0009859823966499657,0.13473220852730938
646,32.0,9.51237982014937,0.0,9.51237982014937,0.5768089244961634,0.5812188059507302,0.5695607641104512,0.0009859823966499657,0.13473220852730938
647,32.0,2.516495046486816,0.0,2.516495046486816,0.5766591991939801,0.5800602743036529,0.5693999445608,0.0009859823966499657,0.13473220852730938
648,32.0,2.516495046486816,0.0,2.516495046486816,0.5766196999600254,0.5774845284669528,0.5693491069119604,0.0009859823966499657,0.13473220852730938
649,32.0,2.516495046486816,0.0,2.516495046486816,0.576580200593697,0.5762105513859576,0.5692959434442904,0.0009859823966499657,0.13473220852730938
650,32.0,2.516495046486816,0.0,2.516495046486816,0.5765407010949936,0.5771838314896525,0.5692445900780478,0.0009859823966499657,0.13473220852730938
651,32.0,2.516495046486816,0.0,2.516495046486816,0.5765012014639138,0.5789961866967295,0.5691958351426727,0.0009859823966499657,0.13473220852730938
652,32.0,2.516495046486816,0.0,2.516495046486816,0.5764617017004564,0.5755400521049079,0.5691457102674283,0.0009859823966499657,0.13473220852730938
653,32.0,2.516495046486816,0.0,2.516495046486816,0.57642220180462,0.5741011628332777,0.5690936089553599,0.0009859823966499657,0.13473220852730938
654,32.0,2.516495046486816,0.0,2.516495046486816,0.5763827017764034,0.5756569563193048,0.5690429195350394,0.0009859823966499657,0.13473220852730938
655,32.0,2.516495046486816,0.0,2.516495046486816,0.5763432016158051,0.5772237874475838,0.5689892918867582,0.0009859823966499657,0.13473220852730938
656,32.0,2.516495046486816,0.0,2.516495046486816,0.5763037013228238,0.5784740610249529,0.5689387500019956,0.0009859823966499657,0.13473220852730938
657,32.0,2.516495046486816,0.0,2.516495046486816,0.5762642008974582,0.5782435798284521,0.5688842767778827,0.0009859823966499657,0.13473220852730938
658,32.0,2.516495046486816,0.0,2.516495046486816,0.576224700339707,0.5738692062210536,0.568833636351743,0.0009859823966499657,0.13473220852730938
659,32.0,2.516495046486816,0.0,2.516495046486816,0.5761851996495687,0.5747723598588353,0.5687859831995578,0.0009859823966499657,0.13473220852730938
660,32.0,2.516495046486816,0.0,2.516495046486816,0.5761456988270421,0.5752987843399621,0.5687370643553705,0.0009859823966499657,0.13473220852730938
661,32.0,2.516495046486816,0.0,2.516495046486816,0.5761061978721259,0.577075431470835,0.5686862949284407,0.0009859823966499657,0.13473220852730938
662,32.0,2.516495046486816,0.0,2.516495046486816,0.5760666967848187,0.577507272439288,0.5686358785599614,0.0009859823966499657,0.13473220852730938
663,32.0,2.516495046486816,0.0,2.516495046486816,0.5760271955651193,0.5719847337543434,0.5685850871335542,0.0009859823966499657,0.13473220852730938
664,32.0,2.516495046486816,0.0,2.516495046486816,0.5759876942130262,0.5744138171540273,0.5685370839353328,0.0009859823966499657,0.13473220852730938
665,32.0,2.516495046486816,0.0,2.516495046486816,0.5759481927285381,0.576851005933565,0.5684898316029081,0.0009859823966499657,0.13473220852730938
666,32.0,2.516495046486816,0.0,2.516495046486816,0.5759086911116538,0.5790018027944005,0.5684349667892672,0.0009859823966499657,0.13473220852730938
667,32.0,2.516495046486816,0.0,2.516495046486816,0.5758691893623717,0.5802732865913844,0.5683849468257378,0.0009859823966499657,0.13473220852730938
668,32.0,2.516495046486816,0.0,2.516495046486816,0.5758296874806907,0.576464480127715,0.5683339208677869,0.0009859823966499657,0.13473220852730938
669,32.0,2.516495046486816,0.0,2.516495046486816,0.5757901854666094,0.5753217832930669,0.5682850116388821,0.0009859823966499657,0.13473220852730938
670,32.0,0.0,0.0,0.0,0.5757506833201266,0.5760173910501312,0.5682354766502286,0.0009859823966499657,0.13473220852730938
671,29.25,0.0,0.0,0.0,0.5757506833201266,0.5758377313733346,0.5682239195002812,0.0009859823966499657,0.13473220852730938
672,26.5,0.0,0.0,0.0,0.5757506833201266,0.578497305310854,0.5682115946720319,0.0009859823966499657,0.13473220852730938
673,23.75,0.0,0.0,0.0,0.5757506833201266,0.5732122581875203,0.5681978459105446,0.0009859823966499657,0.13473220852730938
674,21.0,0.0,0.0,0.0,0.5757506833201266,0.5770896304239156,0.5681938290248082,0.0009859823966499657,0.13473220852730938
675,18.25,0.0,0.0,0.0,0.5757506833201266,0.5756545597957857,0.5681865147989704,0.0009859823966499657,0.13473220852730938
676,15.5,0.0,0.0,0.0,0.5757506833201266,0.5715966733714094,0.5681786540018205,0.0009859823966499657,0.13473220852730938
677,12.75,0.0,0.0,0.0,0.5757506833201266,0.5761792398617009,0.5681660388275755,0.0009859823966499657,0.13473220852730938
678,10.0,0.0,0.0,0.0,0.5757506833201266,0.5699561401787456,0.5681565291342442,0.0009859823966499657,0.13473220852730938
679,6.7,0.0,0.0,0.0,0.5757506833201266,0.5748251096150329,0.5681469353688227,0.0009859823966499657,0.13473220852730938
680,3.4,0.0,0.0,0.0,0.5757506833201266,0.5758773543942683,0.5681399323454026,0.0009859823966499657,0.13473220852730938
681,0.0,0.0,0.0,0.0,0.5757506833201266,0.5771118844177362,0.5681288637616503,0.0009859823966499657,0.13473220852730938
682,0.0,0.0,0.0,0.0,0.5757506833201266,0.5739487768597478,0.5681174204828491,0.0009859823966499657,0.13473220852730938
683,0.0,0.0,0.0,0.0,0.5757506833201266,0.574818028995745,0.5681029855620111,0.0009859823966499657,0.13473220852730938
684,0.0,0.0,0.0,0.0,0.5757506833201266,0.5733199872130325,0.5680919502968431,0.0009859823966499657,0.13473220852730938
685,0.0,0.0,0.0,0.0,0.5757506833201266,0.5729610220574507,0.5680820705253187,0.0009859823966499657,0.13473220852730938
686,0.0,0.0,0.0,0.0,0.5757506833201266,0.5787866948327152,0.5680714398199296,0.0009859823966499657,0.13473220852730938
687,0.0,0.0,4.576271186440678,-4.576271186440678,0.5757506833201266,0.5730108390070442,0.5680641395453266,0.0010855399187738595,0.13473220852730938
688,0.0,0.0,4.576271186440678,-4.576271186440678,0.5758223161619893,0.5744297186733902,0.5681205746918352,0.0011850974408977532,0.13473220852730938
689,0.0,0.0,0.0,0.0,0.575893948570912,0.5777832178958172,0.5681829545250319,0.0011850974408977532,0.13473220852730938
690,0.0,0.0,0.0,0.0,0.575893948570912,0.5806602857695232,0.5681735256793089,0.0011850974408977532,0.13473220852730938
691,0.0,0.0,4.576271186440678,-4.576271186440678,0.575893948570912,0.5762699101266996,0.5681605314407774,0.0012846549630216471,0.13473220852730938
692,0.0,0.0,4.576271186440678,-4.576271186440678,0.5759655805469025,0.5746437097189072,0.5682150597828421,0.0013842124851455408,0.13473220852730938
693,0.0,0.0,4.576271186440678,-4.576271186440678,0.5760372120899686,0.5762535696609422,0.5682735188387638,0.0014837700072694345,0.13473220852730938
694,0.0,0.0,0.0,0.0,0.5761088432001181,0.5796943655535746,0.5683304228897761,0.0014837700072694345,0.13473220852730938
695,0.0,0.0,4.576271186440678,-4.576271186440678,0.5761088432001181,0.5755075088577961,0.5683192228782509,0.0015833275293933285,0.13473220852730938
696,0.0,0.0,4.576271186440678,-4.576271186440678,0.576180473877359,0.5743886755067708,0.5683784647439836,0.0016828850515172222,0.13473220852730938
697,0.0,0.0,4.576271186440678,-4.576271186440678,0.576252104121699,0.5759476151947902,0.5684333911348582,0.0017824425736411161,0.13473220852730938
698,0.0,0.0,4.576271186440678,-4.576271186440678,0.5763237339331461,0.5765982391774096,0.5684949246172811,0.0018820000957650098,0.13473220852730938
699,0.0,0.0,4.576271186440678,-4.576271186440678,0.5763953633117079,0.5742078456609092,0.5685591849022028,0.0019815576178889038,0.13473220852730938
700,0.0,0.0,4.576271186440678,-4.576271186440678,0.5764669922573924,0.5742243317473804,0.5686163682536985,0.0020811151400127975,0.13473220852730938
701,0.0,0.0,4.576271186440678,-4.576271186440678,0.5765386207702075,0.5770104165770473,0.5686797937414655,0.002180672662136691,0.13473220852730938
702,0.0,0.0,4.576271186440678,-4.576271186440678,0.5766102488501608,0.5783490020389142,0.5687370170876559,0.002280230184260585,0.13473220852730938
703,3.0,1.3620596707818928,4.576271186440678,-3.2142115156587856,0.5766818764972603,0.5754432051275697,0.568794766824517,0.0023797877063844786,0.13473220852730938
704,6.0,2.7257829218106995,4.576271186440678,-1.8504882646299787,0.5767322121015988,0.5797404120238431,0.5688379407918186,0.0024793452285083724,0.13473220852730938
705,9.0,4.092833333333333,4.576271186440678,-0.4834378531073451,0.576761206928144,0.5771085689256356,0.5688567208401385,0.0025789027506322665,0.13473220852730938
706,12.0,5.464874485596708,4.576271186440678,0.8886032991560295,0.5767687858933956,0.5781401365989822,0.5688494992661072,0.0026784602727561602,0.13473220852730938
707,15.0,3.9500514403292204,3.0508474576271185,0.8992039827021019,0.5767548474490946,0.5821425914288415,0.5688231833557725,0.002757407641177213,0.13473220852730938
708,15.0,1.0565329218106998,3.0508474576271185,-1.9943145358164187,0.5767407426484252,0.5805605841308398,0.5687997549946321,0.0028363550095982654,0.13473220852730938
709,15.0,3.1784465020576116,4.576271186440678,-1.3978246843830666,0.576771989243438,0.5785602125190471,0.5688197321087424,0.002935912531722159,0.13473220852730938
710,17.2,6.090258487120863,4.576271186440678,1.513987300680185,0.5767938952683032,0.5784967845412035,0.5688262812768675,0.0030354700538460532,0.13473220852730938
711,19.4,6.885286141137021,3.0508474576271185,3.8344386835099025,0.5767701413079601,0.5797699205842715,0.5687899209385272,0.003114417422267106,0.13473220852730938
712,21.6,7.686099111111111,4.576271186440678,3.109827924670433,0.5767099243026195,0.5757701949727059,0.5687196065796575,0.0032139749443909995,0.13473220852730938
713,23.8,8.493353463801247,4.576271186440678,3.917082277360569,0.5766611006724596,0.5718997572587667,0.5686625740861477,0.0033135324665148932,0.13473220852730938
714,26.0,9.307705265965554,4.576271186440678,4.731434079524876,0.5765995832068459,0.5726189336957005,0.5685842338229509,0.003413089988638787,0.13473220852730938
715,28.2,10.129810584362138,3.0508474576271185,7.07896312673502,0.5765252517902103,0.5746904856103194,0.568499405888603,0.00349203735705984,0.13473220852730938
716,30.4,10.960325485749125,3.0508474576271185,7.909478028122007,0.5764139349169429,0.5777764016869511,0.5683761239967307,0.0035709847254808925,0.13473220852730938
717,32.6,12.219144720012185,3.0508474576271185,9.168297262385067,0.5762895154709086,0.5754646929857273,0.5682382032354508,0.003649932093901945,0.13473220852730938
718,35.0,8.225893537570485,3.0508474576271185,5.175046079943367,0.5761452196510272,0.5766283056639863,0.5680832605314411,0.0037288794623229976,0.13473220852730938
719,35.0,2.8246589696692577,0.0,2.8246589696692577,0.5760639014405954,0.579944264909187,0.567991522018582,0.0037288794623229976,0.13473220852730938
720,35.0,7.044373475842101,0.0,7.044373475842101,0.576019557525422,0.5789447217270048,0.5679347031729874,0.0037288794623229976,0.13473220852730938
721,36.875,11.918552950681892,0.0,11.918552950681892,0.5759087813442525,0.5795827080042097,0.5678109745438494,0.0037288794623229976,0.13473220852730938
722,38.75,12.58100548726613,0.0,12.58100548726613,0.5757209860962316,0.5740332606585438,0.5676115653470544,0.0037288794623229976,0.13473220852730938
723,40.625,13.251851739288913,0.0,13.251851739288913,0.5755226965986058,0.5736354654096734,0.567401054494007,0.0037288794623229976,0.13473220852730938
724,42.5,13.931497854271463,0.0,13.931497854271463,0.5753137736297588,0.5762028665671396,0.5671824887937205,0.0037288794623229976,0.13473220852730938
725,44.375,14.620349979734947,0.0,14.620349979734947,0.5750940712603093,0.5755679521894755,0.5669482356379614,0.0037288794623229976,0.13473220852730938
726,46.25,15.318814263200627,0.0,15.318814263200627,0.5748634368331452,0.5790598561641683,0.5667056322302068,0.0037288794623229976,0.13473220852730938
727,48.125,16.02729685218974,0.0,16.02729685218974,0.5746217109427719,0.5820513589894297,0.5664521264698905,0.0037288794623229976,0.13473220852730938
728,50.0,10.718040313976536,0.0,10.718040313976536,0.5743687274139435,0.5728430906801254,0.5661864609698243,0.0037288794623229976,0.13473220852730938
729,50.0,4.689876733729615,0.0,4.689876733729615,0.5741999077491282,0.5747045232247961,0.5660044375782837,0.0037288794623229976,0.13473220852730938
730,50.0,4.689876733729615,0.0,4.689876733729615,0.5741262154001545,0.5758702022158674,0.5659160514716597,0.0037288794623229976,0.13473220852730938
731,50.0,4.689876733729615,0.0,4.689876733729615,0.5740525225895257,0.5718469501500748,0.5658316321498752,0.0037288794623229976,0.13473220852730938
732,50.0,4.689876733729615,0.0,4.689876733729615,0.573978829317233,0.5713885931109982,0.5657474083866305,0.0037288794623229976,0.13473220852730938
733,50.0,4.689876733729615,0.0,4.689876733729615,0.5739051355832677,0.5744859074085547,0.5656642161066925,0.0037288794623229976,0.13473220852730938
734,50.0,4.689876733729615,0.0,4.689876733729615,0.5738314413876212,0.5749620107134807,0.5655747721763117,0.0037288794623229976,0.13473220852730938
735,50.0,4.689876733729615,0.0,4.689876733729615,0.5737577467302848,0.5751775732174766,0.5654932883052587,0.0037288794623229976,0.13473220852730938
736,50.0,4.689876733729615,0.0,4.689876733729615,0.5736840516112498,0.5727810558927536,0.5654051580987608,0.0037288794623229976,0.13473220852730938
737,50.0,4.689876733729615,0.0,4.689876733729615,0.5736103560305075,0.5734077313329989,0.5653207236768149,0.0037288794623229976,0.13473220852730938
738,50.0,4.689876733729615,0.0,4.689876733729615,0.5735366599880493,0.5750035323782772,0.5652380967963374,0.0037288794623229976,0.13473220852730938
739,50.0,4.689876733729615,0.0,4.689876733729615,0.5734629634838664,0.5749300669324277,0.5651536251481228,0.0037288794623229976,0.13473220852730938
740,50.0,0.0,0.0,0.0,0.5733892665179501,0.5728970571128729,0.5650712823271449,0.0037288794623229976,0.13473220852730938
741,48.125,0.0,0.0,0.0,0.5733892665179501,0.5723779449268195,0.5650581646011509,0.0037288794623229976,0.13473220852730938
742,46.25,0.0,0.0,0.0,0.5733892665179501,0.5721528387222795,0.5650422563682308,0.0037288794623229976,0.13473220852730938
743,44.375,0.0,0.0,0.0,0.5733892665179501,0.5751304805295138,0.5650305211328814,0.0037288794623229976,0.13473220852730938
744,42.5,0.0,0.0,0.0,0.5733892665179501,0.5699063036335078,0.565023349926584,0.0037288794623229976,0.13473220852730938
745,40.625,0.0,0.0,0.0,0.5733892665179501,0.5751816498542668,0.56501647674968,0.0037288794623229976,0.13473220852730938
746,38.75,0.0,0.0,0.0,0.5733892665179501,0.5797997650698458,0.565006898577863,0.0037288794623229976,0.13473220852730938
747,36.875,0.0,0.0,0.0,0.5733892665179501,0.5758203597992422,0.5649973548211926,0.0037288794623229976,0.13473220852730938
748,35.0,0.0,0.0,0.0,0.5733892665179501,0.5787356623989153,0.5649819600713244,0.0037288794623229976,0.13473220852730938
749,35.0,2.8246589696692577,0.0,2.8246589696692577,0.5733892665179501,0.5778256955320482,0.5649651225613893,0.0037288794623229976,0.13473220852730938
750,35.0,2.8246589696692577,0.0,2.8246589696692577,0.5733449125346406,0.5761185695880905,0.5649068128488415,0.0037288794623229976,0.13473220852730938
751,35.0,2.8246589696692577,0.0,2.8246589696692577,0.5733005583843307,0.5729367273721216,0.56484918547332,0.0037288794623229976,0.13473220852730938
752,35.0,2.8246589696692577,0.0,2.8246589696692577,0.5732562040670185,0.5731619537710426,0.5647959928195728,0.0037288794623229976,0.13473220852730938
753,35.0,2.8246589696692577,0.0,2.8246589696692577,0.5732118495827021,0.572172768729945,0.5647409999592079,0.0037288794623229976,0.13473220852730938
754,35.0,2.8246589696692577,0.0,2.8246589696692577,0.5731674949313796,0.5750526212662375,0.5646835997871981,0.0037288794623229976,0.13473220852730938
755,35.0,2.8246589696692577,0.0,2.8246589696692577,0.5731231401130492,0.5771209854174336,0.5646278882830724,0.0037288794623229976,0.13473220852730938
756,35.0,2.8246589696692577,0.0,2.8246589696692577,0.5730787851277089,0.5739185625721,0.5645755935452714,0.0037288794623229976,0.13473220852730938
757,35.0,2.8246589696692577,0.0,2.8246589696692577,0.5730344299753569,0.5690565512319882,0.5645221184549211,0.0037288794623229976,0.13473220852730938
758,35.0,2.8246589696692577,0.0,2.8246589696692577,0.5729900746559913,0.5714901459580827,0.5644668816930161,0.0037288794623229976,0.13473220852730938
759,35.0,2.8246589696692577,0.0,2.8246589696692577,0.5729457191696101,0.573943331666203,0.5644072110684593,0.0037288794623229976,0.13473220852730938
760,35.0,2.8246589696692577,0.0,2.8246589696692577,0.5729013635162116,0.5774828743254401,0.5643545892673505,0.0037288794623229976,0.13473220852730938
761,35.0,2.8246589696692577,0.0,2.8246589696692577,0.5728570076957937,0.5756521764615088,0.5642957305755562,0.0037288794623229976,0.13473220852730938
762,35.0,2.8246589696692577,0.0,2.8246589696692577,0.5728126517083547,0.571522718528769,0.5642408925995028,0.0037288794623229976,0.13473220852730938
763,35.0,0.0,0.0,0.0,0.5727682955538926,0.5748808253768489,0.5641864592416409,0.0037288794623229976,0.13473220852730938
764,31.43,0.0,0.0,0.0,0.5727682955538926,0.5769558095169187,0.5641701131685689,0.0037288794623229976,0.13473220852730938
765,27.86,0.0,0.0,0.0,0.5727682955538926,0.5715188079633675,0.5641603599725183,0.0037288794623229976,0.13473220852730938
766,24.29,0.0,0.0,0.0,0.5727682955538926,0.568327861529705,0.5641488575107214,0.0037288794623229976,0.13473220852730938
767,20.72,0.0,0.0,0.0,0.5727682955538926,0.5710332676750416,0.5641368487115154,0.0037288794623229976,0.13473220852730938
768,17.15,0.0,0.0,0.0,0.5727682955538926,0.5685733577722151,0.5641270321462428,0.0037288794623229976,0.13473220852730938
769,13.58,0.0,0.0,0.0,0.5727682955538926,0.5702293810363595,0.5641144943681691,0.0037288794623229976,0.13473220852730938
770,10.0,0.0,7.627118644067796,-7.627118644067796,0.5727682955538926,0.5653997131819394,0.564106633026046,0.003864095808476844,0.13473220852730938
771,6.7,0.0,0.0,0.0,0.5728875695982384,0.5745429487111643,0.5642148723895725,0.003864095808476844,0.13473220852730938
772,3.4,0.0,0.0,0.0,0.5728875695982384,0.5723567490337301,0.5641991466695321,0.003864095808476844,0.13473220852730938
773,0.0,0.0,0.0,0.0,0.5728875695982384,0.5737901545697431,0.5641897083696997,0.003864095808476844,0.13473220852730938
774,0.0,0.0,0.0,0.0,0.5728875695982384,0.5738584763974945,0.5641813705514752,0.003864095808476844,0.13473220852730938
775,0.0,0.0,0.0,0.0,0.5728875695982384,0.5759943051254929,0.5641681314395908,0.003864095808476844,0.13473220852730938
776,0.0,0.0,0.0,0.0,0.5728875695982384,0.5733934180745034,0.5641572985342477,0.003864095808476844,0.13473220852730938
777,0.0,0.0,0.0,0.0,0.5728875695982384,0.5711524255494659,0.5641486262636554,0.003864095808476844,0.13473220852730938
778,0.0,0.0,0.0,0.0,0.5728875695982384,0.5731799032666279,0.5641381442605773,0.003864095808476844,0.13473220852730938
779,0.0,0.0,0.0,0.0,0.5728875695982384,0.5711380583103509,0.5641244954143934,0.003864095808476844,0.13473220852730938
780,0.0,0.0,0.0,0.0,0.5728875695982384,0.5717135840208429,0.5641092379461462,0.003864095808476844,0.13473220852730938
781,0.0,0.0,4.576271186440678,-4.576271186440678,0.5728875695982384,0.5708066601780131,0.5640981861886305,0.003963653330600738,0.13473220852730938
782,0.0,0.0,0.0,0.0,0.572959219748685,0.5742775026608942,0.564165459228689,0.003963653330600738,0.13473220852730938
783,0.0,0.0,5.084745762711864,-5.084745762711864,0.572959219748685,0.572725411167158,0.5641523013289749,0.004068990409252423,0.13473220852730938
784,0.0,0.0,0.0,0.0,0.5730388145057906,0.5740872954898354,0.5642205988896437,0.004068990409252423,0.13473220852730938
785,0.0,0.0,6.101694915254237,-6.101694915254237,0.5730388145057906,0.5721557498244585,0.5642138281836906,0.004187411461884002,0.13473220852730938
786,0.0,0.0,7.627118644067796,-7.627118644067796,0.5731342891247381,0.5699187123036605,0.5642959854007501,0.004322627808037848,0.13473220852730938
787,0.0,0.0,8.135593220338983,-8.135593220338983,0.5732535594939349,0.569056054714527,0.5644033292201354,0.004463472878460383,0.13473220852730938
788,0.0,0.0,8.135593220338983,-8.135593220338983,0.5733807544053083,0.5718906438575598,0.5645181173815575,0.004604317948882918,0.13473220852730938
789,0.0,0.0,7.627118644067796,-7.627118644067796,0.5735079479551987,0.5756148277458784,0.5646386862976032,0.004739534295036764,0.13473220852730938
790,0.0,0.0,8.135593220338983,-8.135593220338983,0.5736272145725082,0.572350640764388,0.5647488823359593,0.004880379365459299,0.13473220852730938
791,0.0,0.0,8.135593220338983,-8.135593220338983,0.5737544054843934,0.5758898971311811,0.5648644050000744,0.005021224435881834,0.13473220852730938
792,0.0,0.0,8.135593220338983,-8.135593220338983,0.5738815950349235,0.5746030375842146,0.5649833051667684,0.005162069506304369,0.13473220852730938
793,0.0,0.0,8.135593220338983,-8.135593220338983,0.5740087832241424,0.5757293110020205,0.5650981910879308,0.005302914576726904,0.13473220852730938
794,0.0,0.0,8.64406779661017,-8.64406779661017,0.5741359700520935,0.5737456221400873,0.5652137766893395,0.005450998200420283,0.13473220852730938
795,0.0,0.0,8.64406779661017,-8.64406779661017,0.5742710775037944,0.5742501173796473,0.5653400718916533,0.005599081824113662,0.13473220852730938
796,0.0,0.0,12.203389830508474,-12.203389830508474,0.5744061834200817,0.5676228261117597,0.5654670448607516,0.005793887018918857,0.13473220852730938
797,0.0,0.0,8.64406779661017,-8.64406779661017,0.5745966520120673,0.5744004972990571,0.5656451896755035,0.005941970642612236,0.13473220852730938
798,0.0,0.0,9.661016949152541,-9.661016949152541,0.5747317542285422,0.5722666718895162,0.565775744482077,0.006104086683567868,0.13473220852730938
799,0.0,0.0,8.135593220338983,-8.135593220338983,0.5748826885979271,0.578707181164764,0.5659138478674036,0.006244931753990403,0.13473220852730938
800,0.0,0.0,8.64406779661017,-8.64406779661017,0.5750098660734431,0.5744544102875977,0.5660298564715094,0.006393015377683783,0.13473220852730938
801,3.0,1.3620596707818928,8.64406779661017,-7.282008125828277,0.5751449635944648,0.5780191335563113,0.5661543509270897,0.006541099001377162,0.13473220852730938
802,6.0,2.7257829218106995,9.152542372881356,-6.426759451070657,0.5752588334838761,0.5742520032090739,0.5662589040503319,0.0066962714151702655,0.13473220852730938
803,9.0,4.092833333333333,9.661016949152541,-5.568183615819208,0.5753593627242686,0.5727909242458086,0.5663496631338415,0.006858387456125896,0.13473220852730938
804,12.0,5.464874485596708,8.64406779661017,-3.179193311013462,0.5754464907200786,0.5782928458247943,0.5664253392676627,0.0070064710798192755,0.13473220852730938
805,15.0,3.9500514403292204,8.64406779661017,-4.694016356280949,0.5754962838151405,0.5757745382185344,0.5664631238091882,0.007154554703512656,0.13473220852730938
806,15.0,1.0565329218106998,10.169491525423728,-9.112958603613029,0.5755697578836728,0.5720282149130049,0.5665262973534674,0.007323473622431575,0.13473220852730938
807,15.0,3.1784465020576116,9.661016949152541,-6.48257044709493,0.5757121506363949,0.5743206213765097,0.566655125912364,0.007485589663387205,0.13473220852730938
808,17.2,6.090258487120863,8.64406779661017,-2.5538093094893064,0.5758135467786191,0.5826069701281089,0.5667459122765703,0.007633673287080585,0.13473220852730938
809,19.4,6.885286141137021,8.64406779661017,-1.7587816554731486,0.5758535536892648,0.5762350868632098,0.5667739782069151,0.007781756910773964,0.13473220852730938
810,21.6,7.686099111111111,8.64406779661017,-0.9579686854990586,0.5758811146405709,0.5786054870822536,0.5667916123737662,0.007929840534467344,0.13473220852730938
811,23.8,8.493353463801247,9.661016949152541,-1.1676634853512944,0.5758961312159703,0.5734477747082246,0.5667952031980251,0.008091956575422974,0.13473220852730938
812,26.0,9.307705265965554,9.661016949152541,-0.3533116831869876,0.5759144332982148,0.5736010111199867,0.5667998407554513,0.008254072616378606,0.13473220852730938
813,28.2,10.129810584362138,8.64406779661017,1.4857427877519687,0.5759199729299099,0.5776551785972265,0.5667890656711013,0.008402156240071986,0.13473220852730938
814,30.4,10.960325485749125,8.64406779661017,2.316257689138956,0.5758966606522549,0.5793840273662973,0.5667558848431564,0.008550239863765364,0.13473220852730938
815,32.6,12.219144720012185,8.64406779661017,3.5750769234020154,0.575860304926186,0.5789266551720498,0.5667082295184472,0.008698323487458744,0.13473220852730938
816,35.0,8.225893537570485,8.64406779661017,-0.4181742590396844,0.5758041624922241,0.5748654444435409,0.5666396294933262,0.008846407111152123,0.13473220852730938
817,35.0,2.8246589696692577,8.64406779661017,-5.819408826940911,0.5758107190067251,0.5778643286198764,0.5666368625351392,0.008994490734845503,0.13473220852730938
818,35.0,7.044373475842101,8.64406779661017,-1.5996943207680685,0.5759017655259243,0.5755574451572053,0.5667177278747054,0.009142574358538881,0.13473220852730938
819,36.875,11.918552950681892,8.64406779661017,3.274485154071723,0.575926834985818,0.5767677395039593,0.5667343393417639,0.009290657982232262,0.13473220852730938
820,38.75,12.58100548726613,8.64406779661017,3.936937690655961,0.5758754194697249,0.5737277455138337,0.5666660834786729,0.00943874160592564,0.13473220852730938
821,40.625,13.251851739288913,8.64406779661017,4.6077839426787435,0.575813585558549,0.5784083761736505,0.5665930711801174,0.00958682522961902,0.13473220852730938
822,42.5,13.931497854271463,8.64406779661017,5.287430057661293,0.5757411954505326,0.5776364822323954,0.5665097911870767,0.009734908853312399,0.13473220852730938
823,44.375,14.620349979734947,8.64406779661017,5.976282183124777,0.5756581046940016,0.5772870053817267,0.5664185404125682,0.009882992477005779,0.13473220852730938
824,46.25,15.318814263200627,8.135593220338983,7.1832210428616445,0.5755641621682519,0.5783910395840165,0.566314006620888,0.010023837547428315,0.13473220852730938
825,48.125,16.02729685218974,8.135593220338983,7.891703631850756,0.5754511918586347,0.5823341077654238,0.566186626905572,0.01016468261785085,0.13473220852730938
826,50.0,10.718040313976536,8.135593220338983,2.582447093637553,0.5753270427136977,0.578313641588883,0.5660497565573761,0.010305527688273386,0.13473220852730938
827,50.0,4.689876733729615,8.135593220338983,-3.445716486609368,0.5752865026374014,0.5754402948028077,0.5659975654135754,0.010446372758695923,0.13473220852730938
828,50.0,9.641008420972407,8.135593220338983,1.5054152006334238,0.5753404650877728,0.5746723028734766,0.5660394765199371,0.010587217829118457,0.13473220852730938
829,51.54,15.124340034489695,8.135593220338983,6.988746814150712,0.5753168427910321,0.5781332320122979,0.566004275164929,0.010728062899540994,0.13473220852730938
830,53.08,15.664071189650342,8.135593220338983,7.528477969311359,0.5752069372453239,0.5787707449432072,0.5658860544596799,0.01086890796996353,0.13473220852730938
831,54.62,16.211558604595165,8.135593220338983,8.075965384256182,0.5750885170547391,0.5760136299357737,0.565752864505019,0.011009753040386067,0.13473220852730938
832,56.16,16.76702731022225,8.135593220338983,8.631434089883268,0.5749614558326307,0.5739471843264469,0.5656205862131857,0.011150598110808601,0.13473220852730938
833,57.7,17.33070233742954,8.135593220338983,9.195109117090556,0.5748256234469998,0.574543564541326,0.5654700399538144,0.011291443181231138,0.13473220852730938
834,59.24,17.902808717115057,8.135593220338983,9.767215496776075,0.5746808860100635,0.5735345646651699,0.5653169672453011,0.011432288251653674,0.13473220852730938
835,60.78,18.483571480176938,8.135593220338983,10.347978259837955,0.5745271058674876,0.5755190705869154,0.5651497409359849,0.011573133322076209,0.13473220852730938
836,62.32,19.073215657513167,8.135593220338983,10.937622437174184,0.5743641415872748,0.5739450392301754,0.5649763292449365,0.011713978392498745,0.13473220852730938
837,63.86,19.671966280021824,8.135593220338983,11.536373059682841,0.5741918479482953,0.5720657035374628,0.5647940127119265,0.011854823462921282,0.13473220852730938
838,65.4,20.280048378600856,8.135593220338983,12.144455158261874,0.5740100759284494,0.5727254005629576,0.5645966424262766,0.011995668533343818,0.13473220852730938
839,66.94,20.897686984148283,8.135593220338983,12.7620937638093,0.5738186726924507,0.5770217023995506,0.5643907470832755,0.012136513603766353,0.13473220852730938
840,68.48,21.43704128394083,8.135593220338983,13.301448063601846,0.5736174815792167,0.573769295926513,0.5641756717731022,0.012277358674188889,0.13473220852730938
841,70.0,15.132585543362268,8.135593220338983,6.996992323023285,0.5734077382816479,0.5735401220953632,0.5639536958919492,0.012418203744611426,0.13473220852730938
842,70.0,8.291021757354061,8.135593220338983,0.1554285370150783,0.5732976848095498,0.5741539010581047,0.5638350415916865,0.01255904881503396,0.13473220852730938
843,70.0,8.291021757354061,8.135593220338983,0.1554285370150783,0.5732952467859042,0.5762795754140793,0.5638247675674607,0.012699893885456497,0.13473220852730938
844,70.0,8.291021757354061,8.135593220338983,0.1554285370150783,0.5732928087617549,0.5746881381381277,0.563812509035804,0.012840738955879033,0.13473220852730938
845,70.0,8.291021757354061,8.135593220338983,0.1554285370150783,0.5732903707371022,0.573134095647713,0.5637981729892859,0.01298158402630157,0.13473220852730938
846,70.0,8.291021757354061,8.135593220338983,0.1554285370150783,0.573287932711946,0.5721503892889863,0.5637829941480145,0.013122429096724104,0.13473220852730938
847,70.0,8.291021757354061,8.135593220338983,0.1554285370150783,0.5732854946862863,0.5698474539771788,0.563767024740973,0.01326327416714664,0.13473220852730938
848,70.0,8.291021757354061,8.135593220338983,0.1554285370150783,0.5732830566601231,0.5766366642190839,0.563753124549311,0.013404119237569177,0.13473220852730938
849,70.0,8.291021757354061,8.135593220338983,0.1554285370150783,0.5732806186334565,0.5727821426989084,0.5637423541096571,0.013544964307991712,0.13473220852730938
850,70.0,8.291021757354061,8.135593220338983,0.1554285370150783,0.5732781806062862,0.5735301946172999,0.5637273774495711,0.013685809378414248,0.13473220852730938
851,70.0,8.291021757354061,8.135593220338983,0.1554285370150783,0.5732757425786125,0.5744715566132742,0.5637128543382883,0.013826654448836784,0.13473220852730938
852,70.0,8.291021757354061,8.135593220338983,0.1554285370150783,0.5732733045504352,0.576184288031938,0.5636975420838095,0.01396749951925932,0.13473220852730938
853,70.0,8.291021757354061,8.135593220338983,0.1554285370150783,0.5732708665217545,0.573630545127571,0.5636828545588596,0.014108344589681856,0.13473220852730938
854,70.0,8.291021757354061,8.135593220338983,0.1554285370150783,0.5732684284925703,0.5777242036094734,0.5636674371582832,0.014249189660104392,0.13473220852730938
855,70.0,8.291021757354061,8.135593220338983,0.1554285370150783,0.5732659904628825,0.5724338976245406,0.5636542564445576,0.014390034730526928,0.13473220852730938
856,70.0,8.291021757354061,8.135593220338983,0.1554285370150783,0.5732635524326912,0.5727242846046879,0.5636376320791738,0.014530879800949463,0.13473220852730938
857,70.0,8.291021757354061,8.135593220338983,0.1554285370150783,0.5732611144019965,0.5750301081009893,0.5636301181305513,0.014671724871372,0.13473220852730938
858,70.0,8.291021757354061,8.135593220338983,0.1554285370150783,0.5732586763707982,0.573605481897679,0.5636180560109807,0.014812569941794536,0.13473220852730938
859,70.0,8.291021757354061,8.135593220338983,0.1554285370150783,0.5732562383390964,0.5737986811558211,0.5636035847005829,0.014953415012217072,0.13473220852730938
860,70.0,8.291021757354061,8.135593220338983,0.1554285370150783,0.5732538003068911,0.5724256016804775,0.5635880648577745,0.015094260082639607,0.13473220852730938
861,70.0,8.291021757354061,8.135593220338983,0.1554285370150783,0.5732513622741823,0.5723955441365816,0.5635730904200708,0.015235105153062143,0.13473220852730938
862,70.0,8.291021757354061,8.135593220338983,0.1554285370150783,0.57324892424097,0.5743852879580865,0.5635574890244115,0.01537595022348468,0.13473220852730938
863,70.0,8.291021757354061,8.135593220338983,0.1554285370150783,0.5732464862072542,0.5760859339168073,0.5635465383204236,0.015516795293907214,0.13473220852730938
864,70.0,8.291021757354061,8.135593220338983,0.1554285370150783,0.5732440481730348,0.5759820258385722,0.5635344779624406,0.01565764036432975,0.13473220852730938
865,70.0,8.291021757354061,5.084745762711864,3.206275994642197,0.5732416101383119,0.5783029905066606,0.5635199085740694,0.015762977442981437,0.13473220852730938
866,70.0,8.291021757354061,8.135593220338983,0.1554285370150783,0.5731912555271967,0.5740121400076522,0.5634590635906831,0.01590382251340397,0.13473220852730938
867,70.0,8.291021757354061,8.135593220338983,0.1554285370150783,0.5731888174815709,0.5727512489321492,0.5634455683772959,0.016044667583826507,0.13473220852730938
868,70.0,8.291021757354061,8.135593220338983,0.1554285370150783,0.5731863794354416,0.5693498111278996,0.5634297971592167,0.016185512654249043,0.13473220852730938
869,70.0,8.291021757354061,8.135593220338983,0.1554285370150783,0.5731839413888087,0.5695366927382903,0.5634191748970815,0.01632635772467158,0.13473220852730938
870,70.0,8.291021757354061,5.084745762711864,3.206275994642197,0.5731815033416723,0.5759465419391574,0.563402985995523,0.016431694803323266,0.13473220852730938
871,70.0,8.291021757354061,5.084745762711864,3.206275994642197,0.5731311484735448,0.5736440177544879,0.5633418101530026,0.016537031881974952,0.13473220852730938
872,70.0,8.291021757354061,4.576271186440678,3.714750570913383,0.5730807933901015,0.5759301376311731,0.5632801493691062,0.016636589404098845,0.13473220852730938
873,70.0,8.291021757354061,4.576271186440678,3.714750570913383,0.5730224405081302,0.574499275433102,0.563213261356952,0.01673614692622274,0.13473220852730938
874,70.0,8.291021757354061,4.576271186440678,3.714750570913383,0.5729640873368921,0.5746093770031692,0.5631410881922978,0.016835704448346638,0.13473220852730938
875,70.0,8.291021757354061,4.576271186440678,3.714750570913383,0.5729057338763829,0.5757480375693443,0.5630710970050757,0.01693526197047053,0.13473220852730938
876,70.0,8.291021757354061,4.576271186440678,3.714750570913383,0.5728473801265982,0.5753287647348785,0.5630091411227717,0.017034819492594427,0.13473220852730938
877,70.0,8.291021757354061,5.084745762711864,3.206275994642197,0.5727890260875339,0.569418048257647,0.5629414928494938,0.017140156571246113,0.13473220852730938
878,70.0,8.291021757354061,4.576271186440678,3.714750570913383,0.5727386695411376,0.5748530186120265,0.5628786051847655,0.01723971409337001,0.13473220852730938
879,70.0,8.291021757354061,4.576271186440678,3.714750570913383,0.5726803149631496,0.5755599483591267,0.5628095212970959,0.017339271615493902,0.13473220852730938
880,70.0,8.291021757354061,4.576271186440678,3.714750570913383,0.5726219600958696,0.5765682941916516,0.5627355767679882,0.0174388291376178,0.13473220852730938
881,70.0,8.291021757354061,4.576271186440678,3.714750570913383,0.5725636049392933,0.5755346676538792,0.5626615550432748,0.017538386659741695,0.13473220852730938
882,70.0,8.291021757354061,4.576271186440678,3.714750570913383,0.5725052494934163,0.5698103192826538,0.5625918789484008,0.017637944181865588,0.13473220852730938
883,70.0,8.291021757354061,4.576271186440678,3.714750570913383,0.5724468937582344,0.5697092129310214,0.5625230956090193,0.017737501703989484,0.13473220852730938
884,70.0,8.291021757354061,4.576271186440678,3.714750570913383,0.5723885377337432,0.5711616767678376,0.5624475980769794,0.01783705922611338,0.13473220852730938
885,70.0,8.291021757354061,4.576271186440678,3.714750570913383,0.5723301814199384,0.5732428873515055,0.5623777884164891,0.017936616748237273,0.13473220852730938
886,70.0,8.291021757354061,4.576271186440678,3.714750570913383,0.5722718248168158,0.57647161307026,0.5623081995843487,0.01803617427036117,0.13473220852730938
887,70.0,8.291021757354061,4.576271186440678,3.714750570913383,0.572213467924371,0.5740138008700432,0.5622404611623532,0.018135731792485062,0.13473220852730938
888,70.0,8.291021757354061,4.576271186440678,3.714750570913383,0.5721551107425997,0.569738292870029,0.5621730552877643,0.01823528931460896,0.13473220852730938
889,70.0,8.291021757354061,4.576271186440678,3.714750570913383,0.5720967532714977,0.5712905917056704,0.5621052860641369,0.018334846836732855,0.13473220852730938
890,70.0,8.291021757354061,4.576271186440678,3.714750570913383,0.5720383955110605,0.5702386421302386,0.5620370096987678,0.018434404358856748,0.13473220852730938
891,70.0,0.0,4.576271186440678,-4.576271186440678,0.5719800374612839,0.571262874923926,0.5619714469752791,0.018533961880980644,0.13473220852730938
892,67.5,0.0,4.576271186440678,-4.576271186440678,0.5720516930998415,0.5735136146362078,0.5620361712815424,0.01863351940310454,0.13473220852730938
893,65.0,0.0,4.576271186440678,-4.576271186440678,0.5721233483050461,0.569195843447797,0.5620964863763221,0.018733076925228433,0.13473220852730938
894,62.5,0.0,4.576271186440678,-4.576271186440678,0.5721950030769055,0.5695035116930222,0.5621578889511735,0.01883263444735233,0.13473220852730938
895,60.0,0.0,4.576271186440678,-4.576271186440678,0.5722666574154277,0.5744347690151976,0.5622175455827222,0.018932191969476226,0.13473220852730938
896,57.5,0.0,4.576271186440678,-4.576271186440678,0.5723383113206204,0.5732308564770414,0.5622832971892194,0.01903174949160012,0.13473220852730938
897,55.0,0.0,4.576271186440678,-4.576271186440678,0.5724099647924915,0.5741730320946179,0.5623442843633004,0.019131307013724015,0.13473220852730938
898,52.5,0.0,4.576271186440678,-4.576271186440678,0.5724816178310488,0.571262279923514,0.5624042340778904,0.01923086453584791,0.13473220852730938
899,50.0,0.0,4.576271186440678,-4.576271186440678,0.5725532704363002,0.5702975778898366,0.5624656618329631,0.019330422057971804,0.13473220852730938
900,50.0,4.689876733729615,4.576271186440678,0.11360554728893657,0.5726249226082536,0.5719121061753526,0.562523213985087,0.0194299795800957,0.13473220852730938
901,50.0,4.689876733729615,4.576271186440678,0.11360554728893657,0.5726231405405394,0.5722567548486122,0.5625050397210235,0.019529537102219597,0.13473220852730938
902,50.0,4.689876733729615,5.084745762711864,-0.3948690289822494,0.5726213584725562,0.5690426479539265,0.5624941143385039,0.019634874180871283,0.13473220852730938
903,50.0,4.689876733729615,5.084745762711864,-0.3948690289822494,0.572627551312592,0.5678750415322992,0.5624942047887516,0.01974021125952297,0.13473220852730938
904,50.0,4.689876733729615,4.576271186440678,0.11360554728893657,0.5726337441493803,0.572297678281051,0.5624885444959538,0.019839768781646862,0.13473220852730938
905,50.0,4.689876733729615,4.576271186440678,0.11360554728893657,0.5726319620829978,0.5745726725631517,0.5624800435148547,0.01993932630377076,0.13473220852730938
906,50.0,4.689876733729615,4.576271186440678,0.11360554728893657,0.5726301800163464,0.5735731822084349,0.5624684921733468,0.020038883825894655,0.13473220852730938
907,50.0,4.689876733729615,4.576271186440678,0.11360554728893657,0.5726283979494259,0.5749718909030813,0.5624511206046812,0.020138441348018548,0.13473220852730938
908,50.0,4.689876733729615,4.576271186440678,0.11360554728893657,0.5726266158822364,0.5713218351550171,0.5624389733448469,0.020237998870142444,0.13473220852730938
909,50.0,4.689876733729615,4.576271186440678,0.11360554728893657,0.5726248338147779,0.5705701265281684,0.562432057431281,0.02033755639226634,0.13473220852730938
910,50.0,4.689876733729615,4.576271186440678,0.11360554728893657,0.5726230517470504,0.5697182687907949,0.562419750725328,0.020437113914390233,0.13473220852730938
911,50.0,4.689876733729615,4.576271186440678,0.11360554728893657,0.5726212696790538,0.5718831969522883,0.5624072221489067,0.02053667143651413,0.13473220852730938
912,50.0,4.689876733729615,4.576271186440678,0.11360554728893657,0.5726194876107882,0.5708991240500342,0.5623949535694794,0.020636228958638026,0.13473220852730938
913,50.0,4.689876733729615,4.576271186440678,0.11360554728893657,0.5726177055422536,0.5730861199249654,0.5623815919046338,0.02073578648076192,0.13473220852730938
914,50.0,4.689876733729615,4.576271186440678,0.11360554728893657,0.5726159234734499,0.5759886193583392,0.5623717276110453,0.020835344002885815,0.13473220852730938
915,50.0,4.689876733729615,4.576271186440678,0.11360554728893657,0.5726141414043773,0.573713626521667,0.5623591082867845,0.02093490152500971,0.13473220852730938
916,50.0,4.689876733729615,4.576271186440678,0.11360554728893657,0.5726123593350356,0.5734879578891408,0.5623442478440449,0.021034459047133604,0.13473220852730938
917,50.0,4.689876733729615,4.576271186440678,0.11360554728893657,0.572610577265425,0.5735389883804836,0.5623287070615622,0.0211340165692575,0.13473220852730938
918,50.0,4.689876733729615,4.576271186440678,0.11360554728893657,0.5726087951955453,0.573725262620555,0.562317515095501,0.021233574091381397,0.13473220852730938
919,50.0,4.689876733729615,4.576271186440678,0.11360554728893657,0.5726070131253965,0.5732044501751075,0.5623077989314837,0.02133313161350529,0.13473220852730938
920,50.0,4.689876733729615,4.576271186440678,0.11360554728893657,0.5726052310549787,0.572314515187593,0.5622949980554844,0.021432689135629186,0.13473220852730938
921,50.0,4.689876733729615,5.084745762711864,-0.3948690289822494,0.5726034489842919,0.5682060087527169,0.5622824619223294,0.021538026214280873,0.13473220852730938
922,50.0,4.689876733729615,4.576271186440678,0.11360554728893657,0.5726096418337192,0.5714345549296584,0.5622790678965004,0.02163758373640477,0.13473220852730938
923,50.0,4.689876733729615,4.576271186440678,0.11360554728893657,0.5726078597636983,0.5698862114852521,0.562265730669835,0.021737141258528662,0.13473220852730938
924,50.0,4.689876733729615,4.576271186440678,0.11360554728893657,0.5726060776934083,0.569767435628281,0.5622493216333204,0.021836698780652558,0.13473220852730938
925,50.0,4.689876733729615,4.576271186440678,0.11360554728893657,0.5726042956228493,0.5726873029307662,0.5622337355149822,0.021936256302776454,0.13473220852730938
926,50.0,4.689876733729615,4.576271186440678,0.11360554728893657,0.5726025135520213,0.5766872416316287,0.5622226374089038,0.022035813824900347,0.13473220852730938
927,50.0,4.689876733729615,4.576271186440678,0.11360554728893657,0.5726007314809243,0.5759837677852242,0.5622130598845616,0.022135371347024244,0.13473220852730938
928,50.0,4.689876733729615,4.576271186440678,0.11360554728893657,0.5725989494095582,0.5721238107195324,0.5621973873067565,0.02223492886914814,0.13473220852730938
929,50.0,4.689876733729615,4.576271186440678,0.11360554728893657,0.5725971673379232,0.5718726717839123,0.5621806261648434,0.022334486391272033,0.13473220852730938
930,50.0,4.689876733729615,4.576271186440678,0.11360554728893657,0.5725953852660192,0.5729608706334124,0.5621669310550802,0.02243404391339593,0.13473220852730938
931,50.0,4.689876733729615,4.576271186440678,0.11360554728893657,0.572593603193846,0.5745605951266664,0.5621544109516334,0.022533601435519825,0.13473220852730938
932,50.0,4.689876733729615,6.610169491525424,-1.920292757795809,0.5725918211214038,0.5692070939300499,0.5621393136327453,0.022657963680417784,0.13473220852730938
933,50.0,4.689876733729615,9.152542372881356,-4.462665639151742,0.5726219193977728,0.5677319705102479,0.5621546776306618,0.022813136094210887,0.13473220852730938
934,50.0,4.689876733729615,5.084745762711864,-0.3948690289822494,0.5726917955528177,0.5736816343860778,0.5622105744906947,0.022918473172862573,0.13473220852730938
935,50.0,4.689876733729615,5.084745762711864,-0.3948690289822494,0.5726979883559173,0.5720622852385341,0.5622086866449894,0.02302381025151426,0.13473220852730938
936,50.0,4.689876733729615,5.084745762711864,-0.3948690289822494,0.5727041811557696,0.5720063337999387,0.5622068397355874,0.023129147330165946,0.13473220852730938
937,50.0,4.689876733729615,5.084745762711864,-0.3948690289822494,0.5727103739523745,0.5742670694534386,0.5622027770718706,0.023234484408817632,0.13473220852730938
938,50.0,4.689876733729615,5.084745762711864,-0.3948690289822494,0.572716566745732,0.5763883893892486,0.5621942190076,0.02333982148746932,0.13473220852730938
939,50.0,4.689876733729615,5.084745762711864,-0.3948690289822494,0.5727227595358422,0.5733894302420787,0.5621908622644507,0.023445158566121005,0.13473220852730938
940,50.0,4.689876733729615,7.627118644067796,-2.937241910338181,0.5727289523227049,0.5710887903063481,0.562190620157403,0.02358037491227485,0.13473220852730938
941,50.0,4.689876733729615,5.084745762711864,-0.3948690289822494,0.5727749709155844,0.5759193439011472,0.562222847495746,0.023685711990926537,0.13473220852730938
942,50.0,4.689876733729615,8.135593220338983,-3.445716486609368,0.5727811636750688,0.5724063481503138,0.5622213578909856,0.023826557061349073,0.13473220852730938
943,50.0,4.689876733729615,8.135593220338983,-3.445716486609368,0.572835137545323,0.5733177667642756,0.5622642939994535,0.02396740213177161,0.13473220852730938
944,50.0,4.689876733729615,8.135593220338983,-3.445716486609368,0.5728891111695016,0.5739706589559,0.5623094054111875,0.024108247202194146,0.13473220852730938
945,50.0,4.689876733729615,8.135593220338983,-3.445716486609368,0.572943084547608,0.5732093765707474,0.5623535838985912,0.024249092272616683,0.13473220852730938
946,50.0,4.689876733729615,8.135593220338983,-3.445716486609368,0.5729970576796455,0.5730543277650729,0.5623949284632732,0.02438993734303922,0.13473220852730938
947,50.0,4.689876733729615,8.135593220338983,-3.445716486609368,0.5730510305656176,0.5727781729761185,0.5624390024211634,0.024530782413461755,0.13473220852730938
948,50.0,4.689876733729615,8.135593220338983,-3.445716486609368,0.5731050032055275,0.5721326558157105,0.5624821094026267,0.02467162748388429,0.13473220852730938
949,50.0,4.689876733729615,8.135593220338983,-3.445716486609368,0.5731589755993787,0.5764698236944862,0.5625256895633186,0.024812472554306825,0.13473220852730938
950,50.0,4.689876733729615,8.135593220338983,-3.445716486609368,0.5732129477471745,0.5735352759643368,0.5625669924904256,0.02495331762472936,0.13473220852730938
951,50.0,4.689876733729615,8.135593220338983,-3.445716486609368,0.5732669196489182,0.5725634676822023,0.5626079172966013,0.025094162695151898,0.13473220852730938
952,50.0,4.689876733729615,8.135593220338983,-3.445716486609368,0.5733208913046132,0.5739039858894597,0.5626475191616364,0.025235007765574434,0.13473220852730938
953,50.0,4.689876733729615,8.135593220338983,-3.445716486609368,0.5733748627142629,0.5745414359320039,0.5626906775216861,0.02537585283599697,0.13473220852730938
954,50.0,4.689876733729615,8.135593220338983,-3.445716486609368,0.5734288338778706,0.5711787542563491,0.5627379011190496,0.025516697906419507,0.13473220852730938
955,50.0,4.689876733729615,8.135593220338983,-3.445716486609368,0.5734828047954398,0.5730640484605496,0.5627840773838588,0.02565754297684204,0.13473220852730938
956,50.0,4.689876733729615,8.135593220338983,-3.445716486609368,0.5735367754669737,0.5784666014845715,0.5628221244026165,0.025798388047264576,0.13473220852730938
957,50.0,4.689876733729615,8.135593220338983,-3.445716486609368,0.5735907458924757,0.5762424421194223,0.5628632113528368,0.025939233117687113,0.13473220852730938
958,50.0,4.689876733729615,8.135593220338983,-3.445716486609368,0.5736447160719493,0.5731968589191103,0.5629110733593496,0.02608007818810965,0.13473220852730938
959,50.0,4.689876733729615,8.135593220338983,-3.445716486609368,0.5736986860053978,0.5720983277724685,0.5629561204698867,0.026220923258532185,0.13473220852730938
960,50.0,4.689876733729615,8.135593220338983,-3.445716486609368,0.5737526556928244,0.5721302616489722,0.562999446112365,0.026361768328954722,0.13473220852730938
961,50.0,4.689876733729615,8.135593220338983,-3.445716486609368,0.5738066251342326,0.5749692014009272,0.5630478024976909,0.026502613399377258,0.13473220852730938
962,50.0,4.689876733729615,8.135593220338983,-3.445716486609368,0.5738605943296258,0.5747330872187238,0.5630936404237111,0.02664345846979979,0.13473220852730938
963,50.0,4.689876733729615,8.135593220338983,-3.445716486609368,0.5739145632790073,0.5720433202798794,0.5631307369212322,0.026784303540222328,0.13473220852730938
964,50.0,4.689876733729615,8.135593220338983,-3.445716486609368,0.5739685319823804,0.5726887830090941,0.5631806230899462,0.026925148610644864,0.13473220852730938
965,50.0,4.689876733729615,8.135593220338983,-3.445716486609368,0.5740225004397486,0.5780583682043131,0.5632204222149949,0.0270659936810674,0.13473220852730938
966,50.0,4.689876733729615,8.135593220338983,-3.445716486609368,0.5740764686511151,0.5764397367328443,0.5632666947307905,0.027206838751489937,0.13473220852730938
967,50.0,4.689876733729615,8.135593220338983,-3.445716486609368,0.5741304366164833,0.574589740857049,0.5633108441140943,0.027347683821912473,0.13473220852730938
968,50.0,9.641008420972407,9.152542372881356,0.4884660480910501,0.5741844043358567,0.5708482422133776,0.5633463553241704,0.027502856235705576,0.13473220852730938
969,51.54,15.124340034489695,8.135593220338983,6.988746814150712,0.5741767419049006,0.5742008829040516,0.5633268769497103,0.027643701306128112,0.13473220852730938
970,53.08,15.664071189650342,8.135593220338983,7.528477969311359,0.5740668256874102,0.5743694873553927,0.5632028335479838,0.02778454637655065,0.13473220852730938
971,54.62,16.211558604595165,8.135593220338983,8.075965384256182,0.5739483939930536,0.573225138733785,0.5630724350465731,0.02792539144697318,0.13473220852730938
972,56.16,16.76702731022225,8.135593220338983,8.631434089883268,0.5738213204220475,0.5728928611397685,0.5629335027896191,0.028066236517395718,0.13473220852730938
973,57.7,17.33070233742954,8.135593220338983,9.195109117090556,0.5736854748288507,0.5726379002310281,0.5627848194967282,0.028207081587818254,0.13473220852730938
974,59.24,17.902808717115057,8.135593220338983,9.767215496776075,0.5735407233117296,0.5732405080280583,0.5626279093674018,0.02834792665824079,0.13473220852730938
975,60.78,18.483571480176938,8.135593220338983,10.347978259837955,0.5733869282019879,0.573276214446338,0.5624598752291857,0.028488771728663327,0.13473220852730938
976,62.32,19.073215657513167,8.135593220338983,10.937622437174184,0.5732239480528508,0.5761852707850494,0.562290709059127,0.028629616799085864,0.13473220852730938
977,63.86,19.671966280021824,8.135593220338983,11.536373059682841,0.5730516376279926,0.5726013557035764,0.5621098034462156,0.0287704618695084,0.13473220852730938
978,65.4,20.280048378600856,8.135593220338983,12.144455158261874,0.5728698478896953,0.5759938142326381,0.561918557211513,0.028911306939930933,0.13473220852730938
979,66.94,20.897686984148283,8.135593220338983,12.7620937638093,0.5726784259866281,0.5809650851516994,0.5617219566257068,0.02905215201035347,0.13473220852730938
980,68.48,21.43704128394083,8.135593220338983,13.301448063601846,0.5724772152412343,0.5757222891033476,0.5615067012780656,0.029192997080776006,0.13473220852730938
981,70.0,15.132585543362268,8.135593220338983,6.996992323023285,0.5722674514672894,0.5740795370621414,0.5612859788763447,0.029333842151198542,0.13473220852730938
982,70.0,8.291021757354061,8.135593220338983,0.1554285370150783,0.5721573873054836,0.5742734006280161,0.5611633560411268,0.02947468722162108,0.13473220852730938
983,70.0,8.291021757354061,8.135593220338983,0.1554285370150783,0.5721549490463189,0.573021664016861,0.5611482633251121,0.029615532292043615,0.13473220852730938
984,70.0,8.291021757354061,8.135593220338983,0.1554285370150783,0.5721525107866506,0.5720769125798546,0.5611352621166114,0.02975637736246615,0.13473220852730938
985,70.0,8.291021757354061,8.135593220338983,0.1554285370150783,0.5721500725264788,0.5747177867949088,0.5611222541572182,0.029897222432888684,0.13473220852730938
986,70.0,8.291021757354061,12.711864406779661,-4.4208426494256,0.5721476342658032,0.5662261362066792,0.5611070560167585,0.030098187063113766,0.13473220852730938
987,70.0,8.291021757354061,8.135593220338983,0.1554285370150783,0.572216859478054,0.5707521726921674,0.5611633481712968,0.030239032133536303,0.13473220852730938
988,70.0,8.291021757354061,8.135593220338983,0.1554285370150783,0.5722144212311739,0.5708643232093644,0.5611498507820736,0.03037987720395884,0.13473220852730938
989,70.0,8.291021757354061,8.135593220338983,0.1554285370150783,0.5722119829837903,0.5739525691762354,0.5611331788882455,0.030520722274381375,0.13473220852730938
990,70.0,8.291021757354061,8.135593220338983,0.1554285370150783,0.572209544735903,0.5736856871927892,0.5611217764116577,0.03066156734480391,0.13473220852730938
991,70.0,8.291021757354061,8.64406779661017,-0.35304603925610856,0.572207106487512,0.5695140666246222,0.5611109260986406,0.03080965096849729,0.13473220852730938
992,70.0,8.291021757354061,8.135593220338983,0.1554285370150783,0.5722126436925472,0.5733330785058244,0.5611070930737441,0.030950496038919827,0.13473220852730938
993,70.0,8.291021757354061,8.135593220338983,0.1554285370150783,0.5722102054447964,0.5737327149633014,0.5610908961453116,0.031091341109342363,0.13473220852730938
994,70.0,8.291021757354061,8.135593220338983,0.1554285370150783,0.5722077671965419,0.5738637442254245,0.5610753326309825,0.0312321861797649,0.13473220852730938
995,70.0,8.291021757354061,8.135593220338983,0.1554285370150783,0.5722053289477838,0.5737116831238532,0.5610635651644333,0.031373031250187436,0.13473220852730938
996,70.0,8.291021757354061,8.135593220338983,0.1554285370150783,0.572202890698522,0.5743983283642199,0.5610477924442682,0.03151387632060997,0.13473220852730938
997,70.0,8.291021757354061,8.64406779661017,-0.35304603925610856,0.5722004524487566,0.5745066470873096,0.5610309405462487,0.031661959944303354,0.13473220852730938
998,70.0,8.291021757354061,8.64406779661017,-0.35304603925610856,0.5722059896569119,0.5753697959891096,0.5610243903982719,0.03181004356799673,0.13473220852730938
999,70.0,8.291021757354061,8.64406779661017,-0.35304603925610856,0.5722115268624708,0.5711802866618583,0.5610188901628843,0.03195812719169011,0.13473220852730938
1000,70.0,8.291021757354061,9.661016949152541,-1.3699951917984805,0.5722170640654333,0.5701825619269932,0.5610137692185244,0.03212024323264575,0.13473220852730938
1001,70.0,8.291021757354061,8.64406779661017,-0.35304603925610856,0.5722385424724681,0.5712518252968632,0.5610260120096564,0.03226832685633913,0.13473220852730938
1002,70.0,8.291021757354061,9.661016949152541,-1.3699951917984805,0.5722440796627629,0.571223443743104,0.5610226392552874,0.03243044289729476,0.13473220852730938
1003,70.0,8.291021757354061,8.64406779661017,-0.35304603925610856,0.5722655580207007,0.5724164799367489,0.5610382665428556,0.032578526520988145,0.13473220852730938
1004,70.0,8.291021757354061,12.203389830508474,-3.912368073154413,0.572271095198328,0.5704423833451907,0.561032689260829,0.03277333171579334,0.13473220852730938
1005,70.0,8.291021757354061,8.64406779661017,-0.35304603925610856,0.5723323700131534,0.573856656484313,0.5610810217265755,0.03292141533948672,0.13473220852730938
1006,70.0,8.291021757354061,14.745762711864407,-6.454740954510346,0.5723379071594529,0.571065978688595,0.5610799132058315,0.03314587354382109,0.13473220852730938
1007,70.0,8.291021757354061,15.254237288135592,-6.963215530781531,0.5724388978307994,0.5698178948469583,0.5611719292725941,0.03337742649226197,0.13473220852730938
1008,70.0,8.291021757354061,15.254237288135592,-6.963215530781531,0.572547821248859,0.5712029410621995,0.5612674374827594,0.033608979440702846,0.13473220852730938
1009,70.0,8.291021757354061,17.28813559322034,-8.997113835866278,0.5726567436675019,0.5675735428194993,0.5613659835537392,0.03387535361807671,0.13473220852730938
1010,70.0,8.291021757354061,17.28813559322034,-8.997113835866278,0.5727973671721787,0.5682670763925907,0.561493730897221,0.03414172779545057,0.13473220852730938
1011,70.0,8.291021757354061,16.271186440677965,-7.980164683323904,0.5729379890137661,0.5720504876597033,0.5616230751481689,0.03439056138798556,0.13473220852730938
1012,70.0,8.291021757354061,17.28813559322034,-8.997113835866278,0.5730627648663997,0.5697004772520124,0.5617329602824808,0.034656935565359426,0.13473220852730938
1013,70.0,8.291021757354061,16.779661016949152,-8.488639259595091,0.5732033835693581,0.5724712480017401,0.5618708554080941,0.03491450659252146,0.13473220852730938
1014,70.0,8.291021757354061,16.779661016949152,-8.488639259595091,0.5733360802061113,0.5758438252292118,0.5619874395137876,0.0351720776196835,0.13473220852730938
1015,70.0,8.291021757354061,17.28813559322034,-8.997113835866278,0.5734687753614601,0.5730366983079395,0.5621084411707608,0.03543845179705736,0.13473220852730938
1016,70.0,8.291021757354061,17.796610169491526,-9.505588412137465,0.5736093892631533,0.571146473816898,0.5622357019541299,0.03571369558441187,0.13473220852730938
1017,70.0,8.291021757354061,17.796610169491526,-9.505588412137465,0.573757918472937,0.5740351736649725,0.5623717968367764,0.035988939371766386,0.13473220852730938
1018,70.0,8.291021757354061,16.779661016949152,-8.488639259595091,0.5739064458282704,0.5801988592002106,0.5625062680534779,0.03624651039892842,0.13473220852730938
1019,70.0,8.291021757354061,17.796610169491526,-9.505588412137465,0.5740391346165227,0.5747551258991532,0.5626267556862657,0.03652175418628294,0.13473220852730938
1020,70.0,8.291021757354061,18.813559322033896,-10.522537564679835,0.5741876584608795,0.57026088936062,0.5627642394592676,0.036814939606251235,0.13473220852730938
1021,70.0,8.291021757354061,18.305084745762713,-10.014062988408652,0.5743520041535001,0.5720678206770395,0.5629194037994745,0.03709912021881834,0.13473220852730938
1022,70.0,8.291021757354061,17.796610169491526,-9.505588412137465,0.5745084374125856,0.5740296157111509,0.5630661817485543,0.03737436400617285,0.13473220852730938
1023,70.0,8.291021757354061,17.28813559322034,-8.997113835866278,0.5746569553980769,0.5769659472713741,0.5632058731227466,0.03764073818354671,0.13473220852730938
1024,70.0,8.291021757354061,17.796610169491526,-9.505588412137465,0.5747975552508588,0.575401024035238,0.5633353612892371,0.03791598197090122,0.13473220852730938
1025,70.0,8.291021757354061,17.796610169491526,-9.505588412137465,0.5749460696271772,0.5753853128594617,0.5634736753731013,0.03819122575825573,0.13473220852730938
1026,70.0,8.291021757354061,18.305084745762713,-10.014062988408652,0.5750945821495995,0.5731430912540895,0.5636087848447885,0.038475406370822834,0.13473220852730938
1027,70.0,8.291021757354061,18.305084745762713,-10.014062988408652,0.5752510056488872,0.573833607330451,0.5637559253343236,0.03875958698338993,0.13473220852730938
1028,70.0,8.291021757354061,18.305084745762713,-10.014062988408652,0.5754074270924354,0.5729791685616746,0.5639049741971036,0.03904376759595703,0.13473220852730938
1029,70.0,8.291021757354061,17.796610169491526,-9.505588412137465,0.575563846480325,0.5766911635899529,0.5640516053096419,0.03931901138331154,0.13473220852730938
1030,70.0,8.291021757354061,17.796610169491526,-9.505588412137465,0.5757123512915706,0.5764033252353665,0.5641882696727514,0.03959425517066605,0.13473220852730938
1031,70.0,12.161906531016639,17.796610169491526,-5.634703638474887,0.5758608542492775,0.5756574118913725,0.5643232979138966,0.03986949895802056,0.13473220852730938
1032,70.86,16.31791432057202,17.796610169491526,-1.4786958489195072,0.5759490170667821,0.5755847628039075,0.564399264995707,0.04014474274537508,0.13473220852730938
1033,71.72,16.6062664107886,18.305084745762713,-1.6988183349741135,0.575972191332797,0.5745053992106725,0.5644105910329736,0.040428923357942174,0.13473220852730938
1034,72.58,16.89788676533623,18.305084745762713,-1.4071979804264814,0.5759988129976688,0.5752117046538596,0.5644328760788406,0.04071310397050927,0.13473220852730938
1035,73.44,17.192814574222222,17.796610169491526,-0.6037955952693039,0.5760208672762689,0.5778723460762782,0.5644398671681737,0.04098834775786379,0.13473220852730938
1036,74.3,17.4910890274539,17.28813559322034,0.20295343423356016,0.5760303332568626,0.579427811688337,0.5644355403779769,0.041254721935237645,0.13473220852730938
1037,75.16,17.792749315038503,17.796610169491526,-0.0038608544530234212,0.57602715044283,0.5775433877794703,0.5644210001817472,0.04152996572259216,0.13473220852730938
1038,76.02,18.097834626983538,17.796610169491526,0.30122445749201177,0.5760272109856468,0.5757772043926082,0.5644116653131623,0.04180520950994667,0.13473220852730938
1039,76.88,18.40638415329614,17.28813559322034,1.118248560075802,0.5760224868516036,0.5786966840739494,0.564394119592592,0.042071583687320536,0.13473220852730938
1040,77.74,18.718437083983687,17.28813559322034,1.4303014907633482,0.5760049435240642,0.5758232928665731,0.5643658525047073,0.042337957864694395,0.13473220852730938
1041,78.6,19.034032609053497,17.28813559322034,1.7458970158331582,0.5759825018148576,0.5773124407640154,0.5643322982178373,0.04260433204206826,0.13473220852730938
1042,79.46,19.353209918512874,19.322033898305083,0.03117602020779131,0.5759551048475096,0.5711374111911167,0.5642978008472008,0.042906591030296065,0.13473220852730938
1043,80.32,19.67600820236921,18.305084745762713,1.3709234566064978,0.5759546159604094,0.571647931139648,0.564287730118016,0.04319077164286316,0.13473220852730938
1044,81.18,20.002466650629696,17.28813559322034,2.714331057409357,0.5759331063220096,0.5742551337782897,0.5642565208690541,0.04345714582023703,0.13473220852730938
1045,82.04,20.332624453301634,17.28813559322034,3.0444888600812945,0.5758904958348827,0.5787119832169351,0.5642040582941745,0.043723519997610885,0.13473220852730938
1046,82.9,20.666520800392473,17.28813559322034,3.3783852071721334,0.5758426959379074,0.5774444969479633,0.5641442396617419,0.04398989417498475,0.13473220852730938
1047,83.76,21.00419488190947,17.28813559322034,3.716059288689131,0.5757896464140236,0.5737200905717263,0.5640783506735692,0.04425626835235861,0.13473220852730938
1048,84.62,21.345685887859865,17.28813559322034,4.057550294639526,0.5757312863734841,0.574944103694696,0.5640059931002868,0.044522642529732474,0.13473220852730938
1049,85.48,21.69103300825118,17.28813559322034,4.402897415030839,0.5756675542522764,0.5730086641750816,0.5639292874218089,0.04478901670710633,0.13473220852730938
1050,86.34,22.04027543309054,17.28813559322034,4.7521398398702,0.5755983878105149,0.5766798200325399,0.5638533258655085,0.0450553908844802,0.13473220852730938
1051,87.2,22.39345235238531,17.28813559322034,5.105316759164971,0.5755237241308008,0.5738474418587363,0.5637665054926664,0.04532176506185406,0.13473220852730938
1052,88.06,22.750602956142817,17.28813559322034,5.462467362922478,0.575443499616551,0.5775437208386744,0.5636775855980868,0.04558813923922792,0.13473220852730938
1053,88.92,23.11176643437037,17.28813559322034,5.823630841150031,0.5753576499902933,0.5798302942841204,0.5635839287826426,0.04585451341660178,0.13473220852730938
1054,89.78,23.476981977075297,17.28813559322034,6.188846383854958,0.5752661102919298,0.5781900873036965,0.5634837796974309,0.046120887593975646,0.13473220852730938
1055,90.64,23.846288774264828,17.28813559322034,6.558153181044489,0.5751688148769659,0.5775296612918074,0.5633762860004553,0.046387261771349504,0.13473220852730938
1056,91.5,24.2197260159465,17.28813559322034,6.93159042272616,0.5750656974147063,0.5755020818006228,0.5632635688548682,0.04665363594872337,0.13473220852730938
1057,92.36,24.59733289212742,17.28813559322034,7.30919729890708,0.5749566908864147,0.5728727864644168,0.5631433375510894,0.046920010126097235,0.13473220852730938
1058,93.22,24.979148592814962,17.28813559322034,7.691012999594623,0.5748417275834404,0.5730886335302571,0.5630152052916,0.04718638430347109,0.13473220852730938
1059,94.08,25.365212308016464,17.28813559322034,8.077076714796124,0.5747207391053079,0.5719760294622458,0.5628837407021211,0.04745275848084496,0.13473220852730938
1060,94.94,25.755563227739213,17.28813559322034,8.467427634518874,0.57459365635777,0.5733812404584498,0.5627526644369688,0.04771913265821882,0.13473220852730938
1061,95.8,26.15024054199055,17.28813559322034,8.86210494877021,0.5744604095508257,0.5759602131816972,0.5626016048094088,0.04798550683559268,0.13473220852730938
1062,96.66,26.549283440777774,17.28813559322034,9.261147847557435,0.5743209281966983,0.5742826219077628,0.5624510658452252,0.04825188101296654,0.13473220852730938
1063,97.52,26.952731114108218,17.28813559322034,9.664595520887879,0.574175141107778,0.5755109774307073,0.562294105239936,0.048518255190340406,0.13473220852730938
1064,98.38,27.360622751989098,17.28813559322034,10.072487158768759,0.5740229763945235,0.5770927943891253,0.5621341094511684,0.048784629367714265,0.13473220852730938
1065,99.24,27.134880260477424,17.28813559322034,9.846744667257084,0.573864361463326,0.5765751617406719,0.5619623962385392,0.04905100354508813,0.13473220852730938
1066,100.0,21.968345145557183,17.28813559322034,4.680209552336844,0.5737093133940777,0.5747075045126654,0.5617950190700165,0.04931737772246199,0.13473220852730938
1067,100.0,17.081513869836915,17.28813559322034,-0.20662172338342444,0.5736357701639357,0.5753490079584896,0.5617084956697745,0.049583751899835854,0.13473220852730938
1068,100.0,17.081513869836915,18.305084745762713,-1.2235708759257982,0.5736390106341681,0.5728594192347741,0.561701608475315,0.04986793251240295,0.13473220852730938
1069,100.0,17.081513869836915,17.28813559322034,-0.20662172338342444,0.5736581922509553,0.5769395918335636,0.5617093960468376,0.050134306689776816,0.13473220852730938
1070,100.0,17.081513869836915,20.847457627118644,-3.765943757281729,0.5736614327150348,0.5713302709788758,0.561704967363905,0.05046742336186001,0.13473220852730938
1071,100.0,17.081513869836915,19.83050847457627,-2.748994604739355,0.5737204107600791,0.5730610427473813,0.5617523766288347,0.050778825469812744,0.13473220852730938
1072,100.0,17.081513869836915,19.322033898305083,-2.2405200284681683,0.5737634796413946,0.5740812951004893,0.5617838528944159,0.05108108445804055,0.13473220852730938
1073,100.0,17.081513869836915,17.28813559322034,-0.20662172338342444,0.57379858914543,0.5772784753235128,0.561808471293603,0.051347458635414414,0.13473220852730938
1074,100.0,17.081513869836915,20.847457627118644,-3.765943757281729,0.573801829570984,0.5729948243607088,0.5618050475635417,0.05168057530749761,0.13473220852730938
1075,100.0,17.081513869836915,24.915254237288135,-7.83374036745122,0.5738608069168248,0.5698054612087122,0.5618532006170496,0.05211236945624629,0.13473220852730938
1076,100.0,17.081513869836915,19.83050847457627,-2.748994604739355,0.5739832908826928,0.5764231149836277,0.5619650619562632,0.05242377156419902,0.13473220852730938
1077,100.0,17.081513869836915,20.338983050847457,-3.257469181010542,0.5740263588072094,0.5752867084356161,0.5619969607516456,0.05274562544253825,0.13473220852730938
1078,100.0,17.081513869836915,21.864406779661017,-4.782892909824103,0.574077382408325,0.5730258547857199,0.562040373699331,0.05310193966196152,0.13473220852730938
1079,100.0,17.081513869836915,21.864406779661017,-4.782892909824103,0.574152253961932,0.5730410320737284,0.5621051763539946,0.05345825388138479,0.13473220852730938
1080,100.0,17.081513869836915,20.338983050847457,-3.257469181010542,0.5742271250425762,0.5750978959243512,0.5621653762018749,0.05378010775972403,0.13473220852730938
1081,100.0,17.081513869836915,20.338983050847457,-3.257469181010542,0.5742781477783712,0.5750777100947847,0.5622083752097724,0.05410196163806326,0.13473220852730938
1082,100.0,17.081513869836915,19.83050847457627,-2.748994604739355,0.5743291702942581,0.5771488654651337,0.5622469026652469,0.05441336374601599,0.13473220852730938
1083,100.0,17.081513869836915,22.3728813559322,-5.291367486095286,0.5743722369599498,0.5729011515367906,0.5622744678290315,0.05478162621672238,0.13473220852730938
1084,100.0,17.081513869836915,24.915254237288135,-7.83374036745122,0.5744550494495941,0.5710574831261579,0.5623484215895402,0.05521342036547106,0.13473220852730938
1085,100.0,17.081513869836915,20.847457627118644,-3.765943757281729,0.5745775272894217,0.5744904738569147,0.5624604383734209,0.05554653703755426,0.13473220852730938
1086,100.0,17.081513869836915,20.847457627118644,-3.765943757281729,0.5746365007724366,0.5743906557343833,0.5625055581494451,0.05587965370963746,0.13473220852730938
1087,100.0,17.081513869836915,20.338983050847457,-3.257469181010542,0.5746954739617954,0.5749217319221037,0.5625543086930352,0.05620150758797669,0.13473220852730938
1088,100.0,17.081513869836915,18.813559322033896,-1.7320454521969815,0.5747464946790781,0.5795587995113468,0.5625965381406003,0.056494693007945,0.13473220852730938
1089,100.0,17.081513869836915,19.83050847457627,-2.748994604739355,0.5747736394909561,0.5766858421698627,0.5626170375664424,0.05680609511589772,0.13473220852730938
1090,100.0,17.081513869836915,20.338983050847457,-3.257469181010542,0.574816704539114,0.5753976191223679,0.5626433703751026,0.05712794899423696,0.13473220852730938
1091,100.0,17.081513869836915,21.35593220338983,-4.274418333552916,0.5748677247339374,0.57419419539639,0.5626838073450232,0.057472550241365286,0.13473220852730938
1092,100.0,17.081513869836915,19.83050847457627,-2.748994604739355,0.5749346456327907,0.5778138954916496,0.5627401182207703,0.05778395234931801,0.13473220852730938
1093,100.0,17.081513869836915,18.813559322033896,-1.7320454521969815,0.5749777100950374,0.5793574530319298,0.5627782156327708,0.058077137769286316,0.13473220852730938
1094,100.0,17.081513869836915,20.338983050847457,-3.257469181010542,0.575004854376132,0.5757487369076253,0.5627982042392888,0.05839899164762555,0.13473220852730938
1095,100.0,17.081513869836915,19.83050847457627,-2.748994604739355,0.5750558737601199,0.5765973297678606,0.5628393048577776,0.05871039375557828,0.13473220852730938
1096,100.0,23.51155502210022,19.83050847457627,3.6810465475239518,0.5750989377812205,0.5766081476668056,0.5628756970020777,0.05902179586353101,0.13473220852730938
1097,101.0,30.44948338667881,23.89830508474576,6.551178301933049,0.5750411250279917,0.5724314564292179,0.5628011500554508,0.05942738785524658,0.13473220852730938
1098,102.0,30.96359362139921,22.881355932203387,8.082237689195821,0.5749381164043852,0.5726720302670989,0.5626865033591565,0.059807841017235075,0.13473220852730938
1099,103.0,31.48398849260787,19.83050847457627,11.653480018031601,0.5748109545474671,0.5742269081065017,0.5625470473711102,0.06011924312518781,0.13473220852730938
1100,104.0,32.01072961438801,16.779661016949152,15.23106859743886,0.574627338369294,0.5756829184491158,0.5623541019899067,0.06037681415234984,0.13473220852730938
1101,105.0,32.54387860082299,17.796610169491526,14.747268431331467,0.5743870007711248,0.5744415265753003,0.5620976412025436,0.06065205793970436,0.13473220852730938
1102,106.0,33.08349706599608,21.864406779661017,11.21909028633506,0.5741543381464372,0.5713690854900091,0.5618518681391278,0.061008372159127626,0.13473220852730938
1103,107.0,33.62964662399029,15.762711864406779,17.86693475958351,0.5739775874597609,0.5743024894487233,0.5616666631090538,0.061248533299505685,0.13473220852730938
1104,108.0,34.18238888888893,14.745762711864407,19.43662617702452,0.573695339381618,0.5747995294911447,0.561369181375276,0.06147299150384006,0.13473220852730938
1105,109.0,34.741785474775135,14.745762711864407,19.996022762910727,0.5733880905494189,0.5739406317994882,0.5610516910376061,0.06169744970817442,0.13473220852730938
1106,110.0,35.307897995732304,11.694915254237287,23.612982741495017,0.573071918388245,0.5748424885007652,0.5607278811201377,0.061885974298338364,0.13473220852730938
1107,111.0,35.88078806584365,15.254237288135592,20.62655077770806,0.5726979924842862,0.5724720197770511,0.5603403931798947,0.06211752724677924,0.13473220852730938
1108,112.0,36.46051729919224,12.711864406779661,23.74865289241258,0.5723717471677033,0.5731296957201419,0.5600043424248333,0.06231849187700432,0.13473220852730938
1109,113.0,37.04714730986125,13.220338983050848,23.826808326810404,0.571995629174155,0.5723372274212015,0.5596183264305518,0.06252549824643107,0.13473220852730938
1110,114.0,37.640739711934096,13.728813559322033,23.91192615261206,0.5716182490387517,0.5714140995056911,0.5592240026235119,0.0627384320003743,0.13473220852730938
1111,115.0,38.24135611949402,14.745762711864407,23.495593407629613,0.5712394951925965,0.569951108579716,0.5588351330555568,0.06296289020470866,0.13473220852730938
1112,116.0,38.84905814662403,12.711864406779661,26.13719373984437,0.5708673872669189,0.5702997130922193,0.5584498468188472,0.06316385483493374,0.13473220852730938
1113,117.0,39.463907407407454,3.559322033898305,35.90458537350915,0.5704529804743164,0.5735782322113729,0.5580261327291289,0.06325048849830008,0.13473220852730938
1114,118.0,40.08596551592749,9.661016949152541,30.42494856677495,0.5698813830044638,0.5698764936562899,0.557439480806486,0.06341260453925571,0.13473220852730938
1115,119.0,40.715294086267384,3.559322033898305,37.15597205236908,0.5693980977935962,0.5720306252084681,0.5569502693177055,0.06349923820262204,0.13473220852730938
1116,120.0,33.635905349794264,0.0,33.635905349794264,0.568806215044888,0.571843950639879,0.5563491772074023,0.06349923820262204,0.13473220852730938
1117,120.0,25.919855967078195,0.0,25.919855967078195,0.5682711632901392,0.5716314271058967,0.555808486852147,0.06349923820262204,0.13473220852730938
1118,120.0,25.919855967078195,0.0,25.919855967078195,0.5678601468315384,0.5708657373134209,0.5553897236489054,0.06349923820262204,0.13473220852730938
1119,120.0,25.919855967078195,10.169491525423728,15.750364441654467,0.5674491157523681,0.5664891850105854,0.5549675418112133,0.06366815712154096,0.13473220852730938
1120,120.0,25.919855967078195,5.084745762711864,20.83511020436633,0.5672003784124667,0.5686363348628153,0.5547088240166257,0.06377349420019264,0.13473220852730938
1121,120.0,25.919855967078195,3.559322033898305,22.36053393317989,0.5668706501083962,0.5688806304955266,0.5543676904501854,0.06386012786355898,0.13473220852730938
1122,120.0,25.919855967078195,12.711864406779661,13.207991560298534,0.5665165498124181,0.5638075205078006,0.5539969889303614,0.06406109249378406,0.13473220852730938
1123,120.0,25.919855967078195,7.627118644067796,18.2927373230104,0.5663081613915865,0.5658346699256153,0.5537729971412659,0.0641963088399379,0.13473220852730938
1124,120.0,25.919855967078195,12.203389830508474,13.716466136569721,0.5660189460278642,0.563023467422134,0.553475167288789,0.0643911140347431,0.13473220852730938
1125,120.0,25.919855967078195,2.542372881355932,23.377483085722265,0.5658024813141408,0.5671154639040611,0.5532481167983733,0.06446133875384422,0.13473220852730938
1126,120.0,6.6297325102879165,0.0,6.6297325102879165,0.5654320880105247,0.5695511617847598,0.5528669666867583,0.06446133875384422,0.13473220852730938
1127,117.5,0.0,0.0,0.0,0.5653277555846128,0.5666622808666475,0.5527555541933187,0.06446133875384422,0.13473220852730938
1128,115.0,0.0,2.0338983050847457,-2.0338983050847457,0.5653277555846128,0.5665758887585286,0.5527479219528865,0.06452157971769963,0.13473220852730938
1129,112.5,0.0,6.610169491525424,-6.610169491525424,0.5653596526451942,0.5647629052333446,0.5527662443262732,0.06464594196259758,0.13473220852730938
1130,110.0,0.0,4.576271186440678,-4.576271186440678,0.5654631296334264,0.5656586396028758,0.5528658441307738,0.06474549948472148,0.13473220852730938
1131,107.5,0.0,12.711864406779661,-12.711864406779661,0.5655348247062867,0.5664678032449102,0.5529252149298793,0.06494646411494656,0.13473220852730938
1132,105.0,0.0,17.28813559322034,-17.28813559322034,0.5657333375406722,0.5634357441848507,0.5531091839248431,0.06521283829232043,0.13473220852730938
1133,102.5,0.0,10.677966101694915,-10.677966101694915,0.566002826592252,0.5678201440177594,0.55336567237613,0.06538842357660136,0.13473220852730938
1134,100.0,0.0,11.694915254237287,-11.694915254237287,0.5661697043426762,0.5673547351312318,0.5535263795365097,0.0655769481667653,0.13473220852730938
1135,97.5,0.0,13.728813559322033,-13.728813559322033,0.5663523994770863,0.5664094767270987,0.5536993640593393,0.06578988192070852,0.13473220852730938
1136,95.0,0.0,15.254237288135592,-15.254237288135592,0.566566693011922,0.565319423526481,0.553901580715054,0.06602143486914941,0.13473220852730938
1137,92.5,0.0,14.745762711864407,-14.745762711864407,0.5668046502536047,0.566325123924425,0.5541303038125123,0.06624589307348377,0.13473220852730938
1138,90.0,0.0,17.28813559322034,-17.28813559322034,0.5670347168520088,0.5642403863157026,0.5543522794274133,0.06651226725085763,0.13473220852730938
1139,87.5,0.0,18.813559322033896,-18.813559322033896,0.5673041765852529,0.5636107352828645,0.554608740901538,0.06680545267082594,0.13473220852730938
1140,85.0,0.0,13.220338983050848,-13.220338983050848,0.5675972309399598,0.5672908741359687,0.5548888332770757,0.06701245904025269,0.13473220852730938
1141,82.5,0.0,15.254237288135592,-15.254237288135592,0.5678036073391832,0.5660141862468032,0.555088892472768,0.06724401198869358,0.13473220852730938
1142,80.0,0.0,16.271186440677965,-16.271186440677965,0.5680415399379415,0.5650680712433882,0.5553123969898512,0.06749284558122856,0.13473220852730938
1143,76.25,0.0,11.1864406779661,-11.1864406779661,0.5682952286243418,0.5682416250299641,0.5555562645769802,0.06767496478652657,0.13473220852730938
1144,72.5,0.0,12.711864406779661,-12.711864406779661,0.5684699842707258,0.5677537794911648,0.555717733027505,0.06787592941675166,0.13473220852730938
1145,68.75,0.0,0.0,0.0,0.5686684482273402,0.5715576727402525,0.5559067456235491,0.06787592941675166,0.13473220852730938
1146,65.0,0.0,0.0,0.0,0.5686684482273402,0.5718090360032028,0.5558908042355941,0.06787592941675166,0.13473220852730938
1147,61.25,0.0,12.711864406779661,-12.711864406779661,0.5686684482273402,0.5678019760635843,0.5558794561296425,0.06807689404697674,0.13473220852730938
1148,57.5,0.0,8.135593220338983,-8.135593220338983,0.5688669088798961,0.569651083837441,0.5560691124611056,0.06821773911739927,0.13473220852730938
1149,53.75,0.0,0.0,0.0,0.568994150763376,0.5723547594205105,0.5561840810161941,0.06821773911739927,0.13473220852730938
1150,50.0,0.0,15.254237288135592,-15.254237288135592,0.568994150763376,0.5666071063892169,0.5561711630992704,0.06844929206584015,0.13473220852730938
1151,45.0,0.0,16.271186440677965,-16.271186440677965,0.5692320596478442,0.566032520143009,0.5563950387959116,0.06869812565837514,0.13473220852730938
1152,40.0,0.0,11.694915254237287,-11.694915254237287,0.5694857230705752,0.568876558146128,0.556638657694398,0.06888665024853909,0.13473220852730938
1153,35.0,0.0,0.0,0.0,0.5696683673487829,0.5764594336255978,0.5568046473406896,0.06888665024853909,0.13473220852730938
1154,30.0,0.0,0.0,0.0,0.5696683673487829,0.5713767951319685,0.5567918508877475,0.06888665024853909,0.13473220852730938
1155,25.0,0.0,0.0,0.0,0.5696683673487829,0.5722308083083194,0.5567792550387239,0.06888665024853909,0.13473220852730938
1156,20.0,0.0,0.0,0.0,0.5696683673487829,0.5745752973073373,0.5567690346710171,0.06888665024853909,0.13473220852730938
1157,15.0,0.0,0.0,0.0,0.5696683673487829,0.5723431711383554,0.5567572844744638,0.06888665024853909,0.13473220852730938
1158,10.0,0.0,0.0,0.0,0.5696683673487829,0.5714680373166459,0.5567443235737637,0.06888665024853909,0.13473220852730938
1159,5.0,0.0,13.220338983050848,-13.220338983050848,0.5696683673487829,0.568817250134456,0.5567308820723735,0.06909365661796583,0.13473220852730938
1160,0.0,0.0,16.779661016949152,-16.779661016949152,0.5698747079099716,0.5669467957500475,0.5569276623606565,0.06935122764512787,0.13473220852730938
1161,0.0,0.0,0.0,0.0,0.5701362322454379,0.5708155000536547,0.55717685474826,0.06935122764512787,0.13473220852730938
1162,0.0,0.0,0.0,0.0,0.5701362322454379,0.5741753315167347,0.557164472045854,0.06935122764512787,0.13473220852730938
1163,0.0,0.0,0.0,0.0,0.5701362322454379,0.5729299616300783,0.5571533764792396,0.06935122764512787,0.13473220852730938
1164,0.0,0.0,8.135593220338983,-8.135593220338983,0.5701362322454379,0.5701251852687385,0.5571452978705622,0.0694920727155504,0.13473220852730938
1165,0.0,0.0,0.0,0.0,0.570263460533491,0.5721106147311574,0.5572594829981776,0.0694920727155504,0.13473220852730938
1166,0.0,0.0,0.0,0.0,0.570263460533491,0.5706762188975467,0.5572491884619212,0.0694920727155504,0.13473220852730938
1167,0.0,0.0,11.694915254237287,-11.694915254237287,0.570263460533491,0.5695742704311585,0.557242293666773,0.06968059730571433,0.13473220852730938
1168,0.0,0.0,0.0,0.0,0.5704460928879889,0.5714157808980389,0.5574113416235945,0.06968059730571433,0.13473220852730938
1169,0.0,0.0,0.0,0.0,0.5704460928879889,0.5708603538718541,0.5573988397743684,0.06968059730571433,0.13473220852730938
1170,0.0,0.0,14.745762711864407,-14.745762711864407,0.5704460928879889,0.569062375137371,0.5573877090433722,0.06990505551004869,0.13473220852730938
1171,0.0,0.0,0.0,0.0,0.5706760893316059,0.571042712277663,0.557604653185822,0.06990505551004869,0.13473220852730938
1172,0.0,0.0,13.220338983050848,-13.220338983050848,0.5706760893316059,0.5695841281001035,0.5575921753556886,0.07011206187947545,0.13473220852730938
1173,0.0,0.0,0.0,0.0,0.5708824124600935,0.5729058505279513,0.5577933688811759,0.07011206187947545,0.13473220852730938
1174,0.0,0.0,12.711864406779661,-12.711864406779661,0.5708824124600935,0.5695411324210173,0.5577835878741093,0.07031302650970053,0.13473220852730938
1175,0.0,0.0,15.254237288135592,-15.254237288135592,0.5710808362616532,0.5696230383944052,0.557968974234247,0.07054457945814141,0.13473220852730938
1176,0.0,0.0,0.0,0.0,0.5713187035930194,0.5721047144934824,0.5581927861867686,0.07054457945814141,0.13473220852730938
1177,0.0,0.0,14.745762711864407,-14.745762711864407,0.5713187035930194,0.5684371913200019,0.5581797762719819,0.07076903766247578,0.13473220852730938
1178,0.0,0.0,14.745762711864407,-14.745762711864407,0.571548683231535,0.5710794667519261,0.5583952782883158,0.07099349586681016,0.13473220852730938
1179,0.0,0.0,14.23728813559322,-14.23728813559322,0.5717786584414131,0.5717983786058015,0.558615168156914,0.07121224586681014,0.13473220852730938
1180,0.0,0.0,12.203389830508474,-12.203389830508474,0.5720007434430099,0.5727872568707042,0.5588310760341578,0.07140705106161535,0.13473220852730938
