time,speed_kmh,P_load_kW,P_fc_kW,P_bat_kW,SOC_true,SOC_est,SOC_open,m_H2_cumul_kg,H2_eq_kg
0,0.0,0.0,0.0,0.0,0.6,0.6,0.6,0.0,0.28270105892538666
1,0.0,0.0,0.0,0.0,0.6,0.5995392683347298,0.5999875091273528,0.0,0.28270105892538666
2,0.0,0.0,0.0,0.0,0.6,0.6034907843825176,0.5999745988814136,0.0,0.28270105892538666
3,0.0,0.0,0.0,0.0,0.6,0.6005451307594951,0.5999641381963433,0.0,0.28270105892538666
4,0.0,0.0,0.0,0.0,0.6,0.6019220056442377,0.5999486403829669,0.0,0.28270105892538666
5,0.0,0.0,0.0,0.0,0.6,0.6018410669947051,0.5999388333673723,0.0,0.28270105892538666
6,0.0,0.0,0.0,0.0,0.6,0.5995095568213877,0.5999290095276301,0.0,0.28270105892538666
7,0.0,0.0,0.0,0.0,0.6,0.595466438790025,0.5999172262990979,0.0,0.28270105892538666
8,0.0,0.0,0.0,0.0,0.6,0.5972890882665746,0.5999109066264104,0.0,0.28270105892538666
9,0.0,0.0,0.0,0.0,0.6,0.5998652769814133,0.5999026089350781,0.0,0.28270105892538666
10,0.0,0.0,0.0,0.0,0.6,0.5967248902525927,0.5998940201130656,0.0,0.28270105892538666
11,0.0,0.0,0.0,0.0,0.6,0.5984509300966423,0.5998788377553741,0.0,0.28270105892538666
12,0.2,0.0,0.0,0.0,0.6,0.5962516715346169,0.5998675390659166,0.0,0.28270105892538666
13,1.7,0.6842785895252247,0.0,0.6842785895252247,0.6,0.599074234388853,0.5998579401290403,0.0,0.28270105892538666
14,5.4,3.216714222222222,0.0,3.216714222222222,0.5999892885060718,0.600562866351279,0.5998393147283827,0.0,0.28270105892538666
15,9.9,5.586021884259259,0.0,5.586021884259259,0.5999388842354252,0.5994833846063377,0.5997794677874303,0.0,0.28270105892538666
16,13.1,6.8118709142851674,0.0,6.8118709142851674,0.5998512709952343,0.6040018717148427,0.5996824148433845,0.0,0.28270105892538666
17,16.9,10.54630087926764,0.0,10.54630087926764,0.5997443779265079,0.598697822587324,0.599564448155838,0.0,0.28270105892538666
18,21.7,14.280646761297824,0.0,14.280646761297824,0.5995786340653199,0.5965674471559115,0.5993853083365608,0.0,0.28270105892538666
19,26.0,11.648240245389418,0.0,11.648240245389418,0.59935386089744,0.5940772971715419,0.599148843880917,0.0,0.28270105892538666
20,27.5,5.800349663256361,0.0,5.800349663256361,0.5991707119173287,0.5980881980384707,0.5989582731953861,0.0,0.28270105892538666
21,28.1,3.5876350518023172,0.0,3.5876350518023172,0.5990797233575264,0.5991902085600743,0.598854122228417,0.0,0.28270105892538666
22,28.3,3.4344777719288233,0.0,3.4344777719288233,0.5990234943051634,0.5984047006938155,0.5987871033101719,0.0,0.28270105892538666
23,28.8,3.6887863703703765,0.0,3.6887863703703765,0.5989696687174421,0.5971638069131969,0.5987262736168683,0.0,0.28270105892538666
24,29.1,5.977772246399176,0.0,5.977772246399176,0.5989118514490757,0.6007994317220569,0.5986586247895324,0.0,0.28270105892538666
25,30.8,7.943558687090375,0.0,7.943558687090375,0.5988180709978574,0.5954387535762266,0.5985527787319542,0.0,0.28270105892538666
26,31.9,9.275442074397965,0.0,9.275442074397965,0.5986933518495082,0.5968337911566765,0.5984160482392455,0.0,0.28270105892538666
27,34.1,13.0356745545458,0.0,13.0356745545458,0.5985476419115662,0.5994600683510282,0.5982611075290821,0.0,0.28270105892538666
28,36.6,14.763818452674883,0.0,14.763818452674883,0.5983425491863046,0.6008952228762255,0.5980420398051469,0.0,0.28270105892538666
29,39.1,15.094019535303307,0.0,15.094019535303307,0.5981101011281059,0.5983608073846981,0.5978008117956239,0.0,0.28270105892538666
30,41.3,12.566026937261851,0.0,12.566026937261851,0.5978724178033903,0.6003416162946063,0.5975510971835988,0.0,0.28270105892538666
31,42.5,9.149154747275565,0.0,9.149154747275565,0.5976747401523776,0.5981576590212668,0.5973436394610246,0.0,0.28270105892538666
32,43.3,7.681370098746365,0.0,7.681370098746365,0.5975310089075997,0.595042787886142,0.5971918702578412,0.0,0.28270105892538666
33,43.9,6.964559351489861,0.0,6.964559351489861,0.5974104057598745,0.5998099141378159,0.5970578989828315,0.0,0.28270105892538666
34,44.4,5.636543152263386,0.0,5.636543152263386,0.597301087326671,0.6004209944704607,0.5969376694666323,0.0,0.28270105892538666
35,44.5,3.3642058922992124,0.0,3.3642058922992124,0.5972126601077942,0.5967732666802258,0.5968371265921303,0.0,0.28270105892538666
36,44.2,0.0,0.0,0.0,0.5971599292147621,0.6005720979831106,0.5967722807113052,0.0,0.28270105892538666
37,42.7,0.0,0.0,0.0,0.5971599292147621,0.6018059662656463,0.5967612691169694,0.0,0.28270105892538666
38,39.9,0.0,0.0,0.0,0.5971599292147621,0.6004967304072504,0.5967574350755919,0.0,0.28270105892538666
39,37.0,0.0,0.0,0.0,0.5971599292147621,0.597519781875776,0.596746082167069,0.0,0.28270105892538666
40,34.6,0.0,0.0,0.0,0.5971599292147621,0.5927234655072998,0.596734716164912,0.0,0.28270105892538666
41,32.3,0.0,0.0,0.0,0.5971599292147621,0.596580972694811,0.5967242152534894,0.0,0.28270105892538666
42,29.0,0.0,0.0,0.0,0.5971599292147621,0.5957880882688488,0.5967089988811429,0.0,0.28270105892538666
43,25.1,0.0,0.0,0.0,0.5971599292147621,0.5955789953011278,0.5967001335855954,0.0,0.28270105892538666
44,22.2,0.0,0.0,0.0,0.5971599292147621,0.5974113512863117,0.596686479690824,0.0,0.28270105892538666
45,20.9,0.0,0.0,0.0,0.5971599292147621,0.598409727102816,0.5966768401358344,0.0,0.28270105892538666
46,20.4,0.0,0.0,0.0,0.5971599292147621,0.5997640403740316,0.596665459364864,0.0,0.28270105892538666
47,19.5,0.0,0.0,0.0,0.5971599292147621,0.5972249708255182,0.5966562984012359,0.0,0.28270105892538666
48,18.4,0.0,0.0,0.0,0.5971599292147621,0.5938299406085982,0.596646276479439,0.0,0.28270105892538666
49,17.8,0.5838112964487144,0.0,0.5838112964487144,0.5971599292147621,0.5967081044923105,0.5966343428120028,0.0,0.28270105892538666
50,17.8,0.8127207614692861,0.0,0.8127207614692861,0.5971507885757346,0.5964752265776664,0.5966140768578179,0.0,0.28270105892538666
51,17.4,0.0,0.0,0.0,0.5971380627711947,0.5959704367933601,0.5965941715275616,0.0,0.28270105892538666
52,15.7,0.0,0.0,0.0,0.5971380627711947,0.5949334870634212,0.5965840124012186,0.0,0.28270105892538666
53,13.1,0.0,0.0,0.0,0.5971380627711947,0.5973669084607482,0.5965733493059733,0.0,0.28270105892538666
54,12.1,0.0,0.0,0.0,0.5971380627711947,0.5976040394856541,0.596556998789581,0.0,0.28270105892538666
55,12.0,0.7580843621399178,0.0,0.7580843621399178,0.5971380627711947,0.5971103341481951,0.5965451722607179,0.0,0.28270105892538666
56,12.0,0.8352448559670781,0.0,0.8352448559670781,0.5971261927232737,0.5970631790509159,0.5965275210217282,0.0,0.28270105892538666
57,12.0,1.0667263374485612,0.0,1.0667263374485612,0.5971131140860313,0.6027325391807833,0.5965031639672359,0.0,0.28270105892538666
58,12.3,1.3315838060699599,0.0,1.3315838060699599,0.597096409253238,0.599557940184569,0.5964758823593448,0.0,0.28270105892538666
59,12.6,2.8233613333333314,0.0,2.8233613333333314,0.5970755545527204,0.5951860561444525,0.5964440129692985,0.0,0.28270105892538666
60,14.7,3.586140592078189,0.0,3.586140592078189,0.5970313099308915,0.5981839203312012,0.5963854827285403,0.0,0.28270105892538666
61,15.3,2.2596473194444466,0.0,2.2596473194444466,0.5969750945749349,0.5952913544145984,0.5963159589505086,0.0,0.28270105892538666
62,15.9,2.044604528292181,0.0,2.044604528292181,0.5969396915063644,0.5932245917065658,0.5962655481199632,0.0,0.28270105892538666
63,16.2,2.3972839999999986,0.0,2.3972839999999986,0.5969076602702778,0.6007694893817367,0.5962207756141716,0.0,0.28270105892538666
64,17.1,2.975543995370371,0.0,2.975543995370371,0.5968700985039868,0.5968101188809273,0.5961748542265616,0.0,0.28270105892538666
65,17.8,2.4150870166133207,0.0,2.4150870166133207,0.5968234654039904,0.5956815458387934,0.5961168332061066,0.0,0.28270105892538666
66,18.1,1.9922575617093403,0.0,1.9922575617093403,0.5967856241536932,0.5966078638624243,0.5960721882431179,0.0,0.28270105892538666
67,18.4,3.9203515214144202,0.0,3.9203515214144202,0.5967544132399932,0.5978006454922358,0.5960328170619561,0.0,0.28270105892538666
68,20.3,7.734274284655538,0.0,7.734274284655538,0.5966929492521852,0.6006057162729981,0.5959627959192432,0.0,0.28270105892538666
69,23.2,10.957702094802615,0.0,10.957702094802615,0.5965715042402608,0.5971434882694479,0.5958324154997976,0.0,0.28270105892538666
70,26.5,13.242556972546113,0.0,13.242556972546113,0.5963992197883293,0.5938776035870521,0.5956467601667067,0.0,0.28270105892538666
71,29.8,13.990408799878068,0.0,13.990408799878068,0.5961908165187673,0.5985283046982405,0.5954266139528819,0.0,0.28270105892538666
72,32.6,12.219144720012185,0.0,12.219144720012185,0.5959705736341093,0.5972755305143389,0.5951997251883199,0.0,0.28270105892538666
73,34.4,9.176135798201491,0.0,9.176135798201491,0.5957783484830546,0.5981042358537038,0.5949956670295034,0.0,0.28270105892538666
74,35.5,7.443190846002894,0.0,7.443190846002894,0.5956341685301898,0.593440625569211,0.5948438119397244,0.0,0.28270105892538666
75,36.4,7.422026048163381,0.0,7.422026048163381,0.5955172972696653,0.5955843252805129,0.5947143797304064,0.0,0.28270105892538666
76,37.4,8.135238651425091,0.0,8.135238651425091,0.5954007581636952,0.5962904260487342,0.594586033699852,0.0,0.28270105892538666
77,38.5,7.912405566510447,0.0,7.912405566510447,0.595272982558454,0.59616818639632,0.5944490359410596,0.0,0.28270105892538666
78,39.3,5.827631969650196,0.0,5.827631969650196,0.5951487166172192,0.5938773872655195,0.5943128447985101,0.0,0.28270105892538666
79,39.5,2.561855664628115,0.0,2.561855664628115,0.5950572678612918,0.5957996021276373,0.5942051022244961,0.0,0.28270105892538666
80,39.0,0.7583065843621488,0.0,0.7583065843621488,0.5950171185864694,0.5967768335593376,0.5941571510149438,0.0,0.28270105892538666
81,38.5,0.0,0.0,0.0,0.5950052429276271,0.5973632258784901,0.5941368716940744,0.0,0.28270105892538666
82,37.3,0.0,0.0,0.0,0.5950052429276271,0.5938638087745369,0.5941225422619104,0.0,0.28270105892538666
83,37.0,1.6133122237463846,0.0,1.6133122237463846,0.5950052429276271,0.5955867518599957,0.5941087551059958,0.0,0.28270105892538666
84,36.7,0.4119861045762856,0.0,0.4119861045762856,0.5949799686121944,0.5995138409728036,0.5940700861790075,0.0,0.28270105892538666
85,35.9,0.0,0.0,0.0,0.5949735174634703,0.5946737718816633,0.5940532055528278,0.0,0.28270105892538666
86,35.3,0.0,0.0,0.0,0.5949735174634703,0.5930108589987999,0.5940445653151323,0.0,0.28270105892538666
87,34.6,0.33521171894528445,0.0,0.33521171894528445,0.5949735174634703,0.5951343594754345,0.5940336683754363,0.0,0.28270105892538666
88,34.2,0.0,0.0,0.0,0.5949682686556715,0.5969105034955345,0.5940165398709727,0.0,0.28270105892538666
89,31.9,0.0,0.0,0.0,0.5949682686556715,0.5988987879804168,0.5940053926434953,0.0,0.28270105892538666
90,27.3,0.0,0.0,0.0,0.5949682686556715,0.6024200378324236,0.5939950166902542,0.0,0.28270105892538666
91,22.0,0.0,0.0,0.0,0.5949682686556715,0.595342607685617,0.5939821676142882,0.0,0.28270105892538666
92,17.0,0.0,0.0,0.0,0.5949682686556715,0.5961866845751274,0.5939740312045606,0.0,0.28270105892538666
93,14.2,0.0,0.0,0.0,0.5949682686556715,0.5969804032708367,0.5939635408234087,0.0,0.28270105892538666
94,12.0,0.0,0.0,0.0,0.5949682686556715,0.5954293263903447,0.5939511151633405,0.0,0.28270105892538666
95,9.1,0.0,0.0,0.0,0.5949682686556715,0.5916455659433099,0.5939423562570019,0.0,0.28270105892538666
96,5.8,0.0,0.0,0.0,0.5949682686556715,0.5958810094578867,0.593932485465202,0.0,0.28270105892538666
97,3.6,0.0,0.0,0.0,0.5949682686556715,0.592401893467991,0.5939207796492462,0.0,0.28270105892538666
98,2.2,0.0,0.0,0.0,0.5949682686556715,0.5950404226001257,0.5939091874800076,0.0,0.28270105892538666
99,0.0,0.0,0.0,0.0,0.5949682686556715,0.5953397882467109,0.5939005315284416,0.0,0.28270105892538666
100,0.0,0.0,0.0,0.0,0.5949682686556715,0.5924672074869848,0.5938892587264459,0.0,0.28270105892538666
101,0.0,0.0,0.0,0.0,0.5949682686556715,0.5954620782151918,0.593877153761556,0.0,0.28270105892538666
102,0.0,0.0,0.0,0.0,0.5949682686556715,0.5975290119568718,0.5938630341747695,0.0,0.28270105892538666
103,0.0,0.0,0.0,0.0,0.5949682686556715,0.5936247626461126,0.5938557499230138,0.0,0.28270105892538666
104,0.0,0.0,0.0,0.0,0.5949682686556715,0.5957177585058122,0.5938432081583827,0.0,0.28270105892538666
105,0.0,0.0,0.0,0.0,0.5949682686556715,0.6040112857987097,0.5938306663592541,0.0,0.28270105892538666
106,0.0,0.0,0.0,0.0,0.5949682686556715,0.6003997115190622,0.5938179694411688,0.0,0.28270105892538666
107,0.0,0.0,0.0,0.0,0.5949682686556715,0.5981584787452003,0.5938042083251591,0.0,0.28270105892538666
108,0.0,0.0,0.0,0.0,0.5949682686556715,0.5977021988963919,0.5937939729619498,0.0,0.28270105892538666
109,0.0,0.0,0.0,0.0,0.5949682686556715,0.5952818883881862,0.5937850085875458,0.0,0.28270105892538666
110,0.0,0.0,0.0,0.0,0.5949682686556715,0.5952508942205639,0.593775245708512,0.0,0.28270105892538666
111,0.0,0.0,0.0,0.0,0.5949682686556715,0.5907807794270467,0.5937577049902713,0.0,0.28270105892538666
112,0.0,0.0,0.0,0.0,0.5949682686556715,0.5899614006447971,0.5937446876008535,0.0,0.28270105892538666
113,0.0,0.0,0.0,0.0,0.5949682686556715,0.59588431810306,0.5937348874115919,0.0,0.28270105892538666
114,0.0,0.0,0.0,0.0,0.5949682686556715,0.5927872875789346,0.5937235977448722,0.0,0.28270105892538666
115,0.0,0.0,0.0,0.0,0.5949682686556715,0.5958352158394655,0.593714473588509,0.0,0.28270105892538666
116,0.0,0.0,0.0,0.0,0.5949682686556715,0.5957325876887151,0.5937053912735971,0.0,0.28270105892538666
117,0.0,0.0,0.0,0.0,0.5949682686556715,0.5937143319526891,0.5936941535740419,0.0,0.28270105892538666
118,0.0,0.0,0.0,0.0,0.5949682686556715,0.5960192111529096,0.5936770870626826,0.0,0.28270105892538666
119,0.0,0.0,0.0,0.0,0.5949682686556715,0.5957228413191954,0.5936716013476455,0.0,0.28270105892538666
120,0.0,0.0,0.0,0.0,0.5949682686556715,0.5971518185473359,0.5936623285322699,0.0,0.28270105892538666
121,0.0,0.0,0.0,0.0,0.5949682686556715,0.5953883820052658,0.5936534188676544,0.0,0.28270105892538666
122,0.0,0.0,0.0,0.0,0.5949682686556715,0.5970762970362525,0.5936409050141017,0.0,0.28270105892538666
123,0.0,0.0,0.0,0.0,0.5949682686556715,0.5948624025147332,0.5936331280596768,0.0,0.28270105892538666
124,0.0,0.0,0.0,0.0,0.5949682686556715,0.5934377158188879,0.5936233362410968,0.0,0.28270105892538666
125,0.0,0.0,0.0,0.0,0.5949682686556715,0.5954091119137898,0.5936073210904294,0.0,0.28270105892538666
126,0.0,0.0,0.0,0.0,0.5949682686556715,0.5972035180598819,0.593599712434747,0.0,0.28270105892538666
127,0.0,0.0,0.0,0.0,0.5949682686556715,0.5980258730562998,0.5935827064453109,0.0,0.28270105892538666
128,0.0,0.0,0.0,0.0,0.5949682686556715,0.5948182547002465,0.5935758158063273,0.0,0.28270105892538666
129,0.0,0.0,0.0,0.0,0.5949682686556715,0.5932980575313412,0.5935611854975796,0.0,0.28270105892538666
130,0.0,0.0,0.0,0.0,0.5949682686556715,0.59621187610827,0.5935488415547236,0.0,0.28270105892538666
131,0.0,0.0,0.0,0.0,0.5949682686556715,0.5952197647116207,0.5935403052504781,0.0,0.28270105892538666
132,0.0,0.0,0.0,0.0,0.5949682686556715,0.59270362817355,0.593538197659756,0.0,0.28270105892538666
133,0.0,0.0,0.0,0.0,0.5949682686556715,0.5914003737030514,0.5935277881268433,0.0,0.28270105892538666
134,0.0,0.0,0.0,0.0,0.5949682686556715,0.590572613821724,0.5935121425398879,0.0,0.28270105892538666
135,0.0,0.0,0.0,0.0,0.5949682686556715,0.5938845690770687,0.5935022537745732,0.0,0.28270105892538666
136,0.0,0.0,0.0,0.0,0.5949682686556715,0.591339384194219,0.593487139126548,0.0,0.28270105892538666
137,0.0,0.0,0.0,0.0,0.5949682686556715,0.5938482123691846,0.5934727970050143,0.0,0.28270105892538666
138,0.2,0.0,0.0,0.0,0.5949682686556715,0.5956709901934006,0.5934644123068228,0.0,0.28270105892538666
139,1.9,0.8503155483348575,0.0,0.8503155483348575,0.5949682686556715,0.5938123861495912,0.5934527482521128,0.0,0.28270105892538666
140,6.1,4.261771971860234,0.0,4.261771971860234,0.5949549515243215,0.5937164918284394,0.5934281261149712,0.0,0.28270105892538666
141,11.7,8.562352078703704,0.0,8.562352078703704,0.594888115382545,0.5960560685393247,0.5933498635361245,0.0,0.28270105892538666
142,16.4,8.755138637707665,0.0,8.755138637707665,0.5947536024397712,0.5923765483603798,0.5931998338799724,0.0,0.28270105892538666
143,18.9,5.610363597222221,0.0,5.610363597222221,0.5946160486415107,0.5894943329223341,0.5930452438778935,0.0,0.28270105892538666
144,19.9,3.8678120401044085,0.0,3.8678120401044085,0.5945280129836638,0.594323125716662,0.5929465187341993,0.0,0.28270105892538666
145,20.8,5.388010775186707,0.0,5.388010775186707,0.5944673625405466,0.5930167409885334,0.592873976647005,0.0,0.28270105892538666
146,22.8,8.418789127572014,0.0,8.418789127572014,0.594382822404194,0.5928546718719788,0.5927789035169035,0.0,0.28270105892538666
147,25.4,9.901483205608898,0.0,9.901483205608898,0.594250566736956,0.5958018700636424,0.5926371738628792,0.0,0.28270105892538666
148,27.7,8.87358074963801,0.0,8.87358074963801,0.5940949241815441,0.5931000311597492,0.5924694284866729,0.0,0.28270105892538666
149,29.2,6.187819776558462,0.0,6.187819776558462,0.5939554950679798,0.5944374706161842,0.5923163893734547,0.0,0.28270105892538666
150,29.8,2.6851104459686015,0.0,2.6851104459686015,0.593858370314097,0.5955121345793034,0.5922058955581306,0.0,0.28270105892538666
151,29.4,0.0,0.0,0.0,0.5938162830554431,0.5930802356461834,0.5921549999522848,0.0,0.28270105892538666
152,27.2,0.0,0.0,0.0,0.5938162830554431,0.5949771283880853,0.5921418130256039,0.0,0.28270105892538666
153,22.6,0.0,0.0,0.0,0.5938162830554431,0.5944454997282927,0.592130759974476,0.0,0.28270105892538666
154,17.3,0.0,0.0,0.0,0.5938162830554431,0.5926561634027288,0.5921160997942099,0.0,0.28270105892538666
155,13.3,0.0,0.0,0.0,0.5938162830554431,0.5929857623649931,0.592103468968151,0.0,0.28270105892538666
156,12.0,0.2951213991769542,0.0,0.2951213991769542,0.5938162830554431,0.596065370423292,0.5920929625270489,0.0,0.28270105892538666
157,12.6,2.5803057777777783,0.0,2.5803057777777783,0.5938116616107115,0.5963771294948095,0.5920749371480146,0.0,0.28270105892538666
158,14.1,5.159873506687243,0.0,5.159873506687243,0.5937712186217989,0.5946475774028348,0.592019756717971,0.0,0.28270105892538666
159,17.2,7.859805812223749,0.0,7.859805812223749,0.5936902606506752,0.5933071585938979,0.5919257933219271,0.0,0.28270105892538666
160,20.1,9.465820348251025,0.0,9.465820348251025,0.5935668067790584,0.5932298485929551,0.5917903278771088,0.0,0.28270105892538666
161,23.4,9.85070088888888,0.0,9.85070088888888,0.5934180298343767,0.594771987166569,0.59163017038808,0.0,0.28270105892538666
162,25.5,8.794035943930046,0.0,8.794035943930046,0.5932631777057918,0.5985771795238216,0.5914664799836151,0.0,0.28270105892538666
163,27.6,9.19491709465021,0.0,9.19491709465021,0.5931249930920257,0.5921080320922316,0.5913199787514642,0.0,0.28270105892538666
164,29.5,8.91233496465859,0.0,8.91233496465859,0.5929804842952696,0.594566597828667,0.5911611418689485,0.0,0.28270105892538666
165,31.1,7.6269130850670575,0.0,7.6269130850670575,0.592840430773684,0.5948674236253289,0.5910082435700933,0.0,0.28270105892538666
166,32.1,6.860962796810703,0.0,6.860962796810703,0.5927206374685037,0.5913834041527581,0.5908773731726153,0.0,0.28270105892538666
167,33.2,9.255336426459392,0.0,9.255336426459392,0.5926129066524733,0.5907148079515406,0.5907583206772568,0.0,0.28270105892538666
168,35.2,11.899372849260779,0.0,11.899372849260779,0.5924674384204066,0.5916308364576424,0.5905990326681527,0.0,0.28270105892538666
169,37.2,9.760417868312748,0.0,9.760417868312748,0.592280211885816,0.5914082796739859,0.5904029880702198,0.0,0.28270105892538666
170,38.0,3.64091445663769,0.0,3.64091445663769,0.5921267696871522,0.5906652267603361,0.5902372877286275,0.0,0.28270105892538666
171,37.4,0.0,0.0,0.0,0.59206967072445,0.5922047049416791,0.5901713616003574,0.0,0.28270105892538666
172,35.1,0.0,0.0,0.0,0.59206967072445,0.5909489038261845,0.5901595700265488,0.0,0.28270105892538666
173,31.0,0.0,0.0,0.0,0.59206967072445,0.5922455605662806,0.5901497673551755,0.0,0.28270105892538666
174,27.1,0.0,0.0,0.0,0.59206967072445,0.5889035901343196,0.5901426787005686,0.0,0.28270105892538666
175,25.3,0.0,0.0,0.0,0.59206967072445,0.5905849232351897,0.5901335632678498,0.0,0.28270105892538666
176,25.1,2.840688191377073,0.0,2.840688191377073,0.59206967072445,0.5949742501103861,0.590121588524612,0.0,0.28270105892538666
177,25.9,6.439378909103033,0.0,6.439378909103033,0.5920251353806951,0.5925972860990174,0.5900635596819037,0.0,0.28270105892538666
178,27.8,8.0134240231672,0.0,8.0134240231672,0.5919240353639014,0.589876587757018,0.5899514013767986,0.0,0.28270105892538666
179,29.2,5.6245481716201855,0.0,5.6245481716201855,0.5917981419383581,0.5905782393682938,0.589814448265522,0.0,0.28270105892538666
180,29.6,2.8538077104100026,0.0,2.8538077104100026,0.5917098620746434,0.5894917986929402,0.5897141608502507,0.0,0.28270105892538666
181,29.5,1.514572618979567,0.0,1.514572618979567,0.5916651194490685,0.5945013008092707,0.5896568644843586,0.0,0.28270105892538666
182,29.2,0.0,0.0,0.0,0.5916413862205286,0.5934632092091421,0.5896223222562311,0.0,0.28270105892538666
183,28.3,0.0,0.0,0.0,0.5916413862205286,0.5912914477630135,0.5896092940784764,0.0,0.28270105892538666
184,26.1,0.0,0.0,0.0,0.5916413862205286,0.5915566725983258,0.5895975604882492,0.0,0.28270105892538666
185,23.6,0.0,0.0,0.0,0.5916413862205286,0.5898432474275881,0.5895861780546421,0.0,0.28270105892538666
186,21.0,0.0,0.0,0.0,0.5916413862205286,0.5922125044637946,0.5895749988597135,0.0,0.28270105892538666
187,18.9,0.0,0.0,0.0,0.5916413862205286,0.5940098669331897,0.5895598567941364,0.0,0.28270105892538666
188,17.1,0.0,0.0,0.0,0.5916413862205286,0.5906243635893128,0.5895427646206433,0.0,0.28270105892538666
189,15.7,0.0,0.0,0.0,0.5916413862205286,0.5917372643448571,0.5895292303966524,0.0,0.28270105892538666
190,14.5,0.0,0.0,0.0,0.5916413862205286,0.5898173942652664,0.5895120364996157,0.0,0.28270105892538666
191,13.7,0.0,0.0,0.0,0.5916413862205286,0.589695261861156,0.5895032579491774,0.0,0.28270105892538666
192,12.9,0.0,0.0,0.0,0.5916413862205286,0.5898264682751262,0.5894980465484115,0.0,0.28270105892538666
193,12.5,0.3089905668914781,0.0,0.3089905668914781,0.5916413862205286,0.5914129027589645,0.589489044139138,0.0,0.28270105892538666
194,12.2,0.45753945800944856,0.0,0.45753945800944856,0.591636546675154,0.5958554273394354,0.5894721441604973,0.0,0.28270105892538666
195,12.0,0.6809238683127578,0.0,0.6809238683127578,0.5916293800660034,0.591634659673726,0.5894512263740185,0.0,0.28270105892538666
196,12.0,0.8352448559670781,0.0,0.8352448559670781,0.5916187135507617,0.5927500710941891,0.589431944343975,0.0,0.28270105892538666
197,12.0,0.8352448559670781,0.0,0.8352448559670781,0.5916056288180894,0.5961561520408508,0.5894114158146555,0.0,0.28270105892538666
198,12.0,1.2210473251028815,0.0,1.2210473251028815,0.5915925440709288,0.591952162349658,0.5893839437338262,0.0,0.28270105892538666
199,12.5,1.675374311747448,0.0,1.675374311747448,0.5915734124769779,0.594793904856689,0.5893584597357895,0.0,0.28270105892538666
200,13.0,2.162044048163389,0.0,2.162044048163389,0.5915471576147463,0.5954036199619874,0.5893214119286836,0.0,0.28270105892538666
201,14.0,2.782339696692578,0.0,2.782339696692578,0.5915132694879881,0.5913739590593364,0.5892808416565332,0.0,0.28270105892538666
202,15.0,3.467798353909464,0.0,3.467798353909464,0.5914696478696295,0.5915598136447743,0.589226094361231,0.0,0.28270105892538666
203,16.5,5.414019354423866,0.0,5.414019354423866,0.5914152645411885,0.5929023257953557,0.589161850103544,0.0,0.28270105892538666
204,19.0,7.106836915104403,0.0,7.106836915104403,0.5913302934150703,0.5915271259002466,0.5890687334786184,0.0,0.28270105892538666
205,21.2,8.08530435512879,0.0,8.08530435512879,0.5912186776962242,0.592530038629599,0.5889456724941287,0.0,0.28270105892538666
206,23.8,10.482808196311534,0.0,10.482808196311534,0.5910916437187583,0.589014073140194,0.588805550697557,0.0,0.28270105892538666
207,26.9,12.064600180060213,0.0,12.064600180060213,0.5909267803311645,0.593307905106708,0.5886338376271042,0.0,0.28270105892538666
208,29.6,11.98961017954581,0.0,11.98961017954581,0.5907369164679789,0.5898988608247903,0.5884319395583296,0.0,0.28270105892538666
209,32.0,14.039128791342783,0.0,14.039128791342783,0.5905482353878376,0.5906743894571965,0.5882278386115897,0.0,0.28270105892538666
210,35.2,15.294434577655837,0.0,15.294434577655837,0.590327114516336,0.5906683376141472,0.5879923308034657,0.0,0.28270105892538666
211,37.5,12.741279256687237,0.0,12.741279256687237,0.5900860952654942,0.594367982901863,0.5877344761417214,0.0,0.28270105892538666
212,39.2,10.850795672001224,0.0,10.850795672001224,0.5898855131813764,0.5935858953050498,0.5875234745135717,0.0,0.28270105892538666
213,40.5,9.691234374999993,0.0,9.691234374999993,0.5897148196062082,0.5941195347834086,0.5873398771163213,0.0,0.28270105892538666
214,41.6,10.52801212741961,0.0,10.52801212741961,0.5895624359533294,0.592615900165423,0.5871790626952774,0.0,0.28270105892538666
215,43.1,13.180937769566379,0.0,13.180937769566379,0.5893968370328625,0.5864419337673095,0.5869994125956804,0.0,0.28270105892538666
216,45.0,15.575462962962957,0.0,15.575462962962957,0.5891892844807037,0.5837378146331553,0.5867840357616124,0.0,0.28270105892538666
217,47.1,16.395864622942383,0.0,16.395864622942383,0.5889437847577461,0.5890391013249694,0.5865281732798616,0.0,0.28270105892538666
218,49.0,15.573784788904119,0.0,15.573784788904119,0.5886852625358676,0.5890572288162726,0.5862543667328384,0.0,0.28270105892538666
219,50.6,13.887601345526583,0.0,13.887601345526583,0.5884397788334801,0.5855635739780904,0.5859932479872687,0.0,0.28270105892538666
220,51.8,11.950782816034149,0.0,11.950782816034149,0.5882210185150842,0.5873393477324095,0.5857681081756488,0.0,0.28270105892538666
221,52.7,9.498414249676134,0.0,9.498414249676134,0.5880329109960282,0.5878066591184553,0.5855678226970124,0.0,0.28270105892538666
222,53.1,7.886408995370361,0.0,7.886408995370361,0.5878835493882186,0.5877095067216062,0.5854130928728141,0.0,0.28270105892538666
223,53.5,7.62523585629094,0.0,7.62523585629094,0.5877596151066099,0.5893193083777547,0.5852816710064845,0.0,0.28270105892538666
224,53.8,7.685778292333487,0.0,7.685778292333487,0.5876397964337838,0.5860580937953249,0.585149722894086,0.0,0.28270105892538666
225,54.2,8.812490596555412,0.0,8.812490596555412,0.5875190222656513,0.5846798539800222,0.585019265022946,0.0,0.28270105892538666
226,54.8,9.299215422344153,0.0,9.299215422344153,0.5873804788734103,0.5887655469134487,0.5848697846281973,0.0,0.28270105892538666
227,55.3,9.059742602175724,0.0,9.059742602175724,0.5872342532275332,0.5889194958874067,0.5847151859991156,0.0,0.28270105892538666
228,55.8,8.814691555555553,0.0,8.814691555555553,0.5870918051142189,0.5859020410394804,0.5845630997125191,0.0,0.28270105892538666
229,56.2,8.180997595488519,0.0,8.180997595488519,0.5869532219535792,0.5843037574094384,0.5844137027473238,0.0,0.28270105892538666
230,56.5,6.791095638526909,0.0,6.791095638526909,0.5868246328457598,0.5833385901362037,0.5842755404431303,0.0,0.28270105892538666
231,56.5,4.61131168790961,0.0,4.61131168790961,0.5867179485894068,0.5857724742246344,0.5841522875058526,0.0,0.28270105892538666
232,56.2,0.0,0.0,0.0,0.5866455700366462,0.5868850097215763,0.5840707415239474,0.0,0.28270105892538666
233,54.9,0.0,0.0,0.0,0.5866455700366462,0.5862119435988195,0.5840599424351965,0.0,0.28270105892538666
234,52.9,0.0,0.0,0.0,0.5866455700366462,0.5882379723589057,0.5840471253054742,0.0,0.28270105892538666
235,51.0,0.0,0.0,0.0,0.5866455700366462,0.5858253611955433,0.584037487808662,0.0,0.28270105892538666
236,49.8,0.0,0.0,0.0,0.5866455700366462,0.5811200866025136,0.584027140730043,0.0,0.28270105892538666
237,49.2,0.1457308724279786,0.0,0.1457308724279786,0.5866455700366462,0.5880354058426935,0.5840202384829936,0.0,0.28270105892538666
238,48.4,0.0,0.0,0.0,0.5866432867193171,0.5865065657055863,0.5840022746997937,0.0,0.28270105892538666
239,46.9,0.0,0.0,0.0,0.5866432867193171,0.5873082568557002,0.583989562041563,0.0,0.28270105892538666
240,44.3,0.0,0.0,0.0,0.5866432867193171,0.5894064417838146,0.5839698984837618,0.0,0.28270105892538666
241,41.5,0.0,0.0,0.0,0.5866432867193171,0.5853217024344788,0.5839591426992937,0.0,0.28270105892538666
242,39.5,0.0,0.0,0.0,0.5866432867193171,0.5866917572875129,0.5839524939390722,0.0,0.28270105892538666
243,37.0,0.0,0.0,0.0,0.5866432867193171,0.5834027847398443,0.5839434838022536,0.0,0.28270105892538666
244,34.6,0.0,0.0,0.0,0.5866432867193171,0.5831496544127595,0.583934168726932,0.0,0.28270105892538666
245,32.3,0.0,0.0,0.0,0.5866432867193171,0.5875582489873137,0.5839183711112791,0.0,0.28270105892538666
246,29.0,0.0,0.0,0.0,0.5866432867193171,0.5903118086316024,0.5839072821463939,0.0,0.28270105892538666
247,25.1,0.0,0.0,0.0,0.5866432867193171,0.585821258094567,0.583895956123317,0.0,0.28270105892538666
248,22.2,0.0,0.0,0.0,0.5866432867193171,0.5876130304385894,0.5838806141119912,0.0,0.28270105892538666
249,20.9,0.0,0.0,0.0,0.5866432867193171,0.5865097364640304,0.5838723842401977,0.0,0.28270105892538666
250,20.4,0.0,0.0,0.0,0.5866432867193171,0.5834359963825029,0.5838637054020127,0.0,0.28270105892538666
251,19.5,0.0,0.0,0.0,0.5866432867193171,0.5899994485553719,0.5838500215754918,0.0,0.28270105892538666
252,18.4,0.0,0.0,0.0,0.5866432867193171,0.588981968390176,0.5838427953743079,0.0,0.28270105892538666
253,17.8,0.5838112964487144,0.0,0.5838112964487144,0.5866432867193171,0.5862602619488915,0.5838334916036666,0.0,0.28270105892538666
254,17.8,0.8127207614692861,0.0,0.8127207614692861,0.5866341379437695,0.5845411645370724,0.5838148772556864,0.0,0.28270105892538666
255,17.4,0.0,0.0,0.0,0.586621400809301,0.5840692158555758,0.583790894227807,0.0,0.28270105892538666
256,15.7,0.0,0.0,0.0,0.586621400809301,0.5857017492440192,0.5837790318477354,0.0,0.28270105892538666
257,14.5,0.7394120822854757,0.0,0.7394120822854757,0.586621400809301,0.5842537594689824,0.583768584481199,0.0,0.28270105892538666
258,15.4,4.453399696997406,0.0,4.453399696997406,0.58660981290983,0.5875993551334779,0.5837474876132018,0.0,0.28270105892538666
259,17.9,7.263416080265964,0.0,7.263416080265964,0.5865399166944552,0.5846587270140762,0.5836650888500835,0.0,0.28270105892538666
260,20.6,8.513463759792714,0.0,8.513463759792714,0.5864257881738585,0.5876286177102314,0.5835395732953051,0.0,0.28270105892538666
261,23.2,9.316755592745004,0.0,9.316755592745004,0.5862919494732559,0.5880020074508746,0.5833992607204834,0.0,0.28270105892538666
262,25.7,11.013987999676116,0.0,11.013987999676116,0.586145433390292,0.5880848085615004,0.5832434741479611,0.0,0.28270105892538666
263,28.7,14.746814304545795,0.0,14.746814304545795,0.5859721059391091,0.5825688920690419,0.5830611557499907,0.0,0.28270105892538666
264,32.5,18.030827462943922,0.0,18.030827462943922,0.5857396812913959,0.5849389352465244,0.5828221409423827,0.0,0.28270105892538666
265,36.1,18.030518868293722,0.0,18.030518868293722,0.5854551127902831,0.5833270367339638,0.5825257398787651,0.0,0.28270105892538666
266,39.0,15.052288065843605,0.0,15.052288065843605,0.5851705422431556,0.580893715469845,0.5822282843525854,0.0,0.28270105892538666
267,40.8,13.70842530041151,0.0,13.70842530041151,0.5849332573877081,0.5809805582500691,0.5819800719410231,0.0,0.28270105892538666
268,42.9,13.663893556069958,0.0,13.663893556069958,0.5847172703494681,0.5837303644535553,0.581754784447527,0.0,0.28270105892538666
269,44.4,12.488395004115231,0.0,12.488395004115231,0.5845019848426886,0.5834576835088837,0.5815307778667622,0.0,0.28270105892538666
270,45.9,8.842199847222224,0.0,8.842199847222224,0.5843053100737186,0.5827886983634841,0.5813201967288777,0.0,0.28270105892538666
271,46.0,3.245949055022093,0.0,3.245949055022093,0.5841662598833746,0.5811976565206997,0.5811677140604445,0.0,0.28270105892538666
272,45.6,2.0277266008230432,0.0,2.0277266008230432,0.584115328646239,0.5865116643489127,0.5811042000339259,0.0,0.28270105892538666
273,45.3,0.0,0.0,0.0,0.5840835275078928,0.5830335199715077,0.5810681534636357,0.0,0.28270105892538666
274,43.7,0.0,0.0,0.0,0.5840835275078928,0.5832855900831962,0.5810554393743935,0.0,0.28270105892538666
275,40.8,0.0,0.0,0.0,0.5840835275078928,0.5824478805077559,0.581043297302523,0.0,0.28270105892538666
276,38.0,0.0,0.0,0.0,0.5840835275078928,0.5832105466674574,0.5810319456642244,0.0,0.28270105892538666
277,34.4,0.0,0.0,0.0,0.5840835275078928,0.5843869238366592,0.5810175907140531,0.0,0.28270105892538666
278,30.9,0.0,0.0,0.0,0.5840835275078928,0.5832329511734731,0.5810055418177695,0.0,0.28270105892538666
279,25.5,0.0,0.0,0.0,0.5840835275078928,0.5828241847629263,0.580995785168392,0.0,0.28270105892538666
280,21.4,0.0,0.0,0.0,0.5840835275078928,0.5827215912380533,0.5809835783568854,0.0,0.28270105892538666
281,20.2,3.4090688712086576,0.0,3.4090688712086576,0.5840835275078928,0.5883990540534584,0.5809716623156163,0.0,0.28270105892538666
282,22.9,11.107251287360924,0.0,11.107251287360924,0.5840300329448974,0.5846712992397524,0.580904636850667,0.0,0.28270105892538666
283,26.6,14.491253005334558,0.0,14.491253005334558,0.5838551996656651,0.5832385690320698,0.5807153557549841,0.0,0.28270105892538666
284,30.2,16.9042639024539,0.0,16.9042639024539,0.5836267851557054,0.5812826339033795,0.5804814915909555,0.0,0.28270105892538666
285,34.1,18.517284636850313,0.0,18.517284636850313,0.5833600701736724,0.5820015251146652,0.5802088621420365,0.0,0.28270105892538666
286,37.4,18.956997910684336,0.0,18.956997910684336,0.5830677066850487,0.5866726530825995,0.5799053363801373,0.0,0.28270105892538666
287,40.7,20.7373921577694,0.0,20.7373921577694,0.5827683396146938,0.5836003086680561,0.5795939500670775,0.0,0.28270105892538666
288,44.0,22.54509518366101,0.0,22.54509518366101,0.5824406105707113,0.5778652234769767,0.5792528060075917,0.0,0.28270105892538666
289,47.3,20.124347962639103,0.0,20.124347962639103,0.5820840397293876,0.5826520499539707,0.5788844695702732,0.0,0.28270105892538666
290,49.2,12.48369383539095,0.0,12.48369383539095,0.5817660598952401,0.5847762363738521,0.5785594858090306,0.0,0.28270105892538666
291,49.8,4.6609097448559655,0.0,4.6609097448559655,0.58156941355206,0.5816955104179318,0.5783507880869408,0.0,0.28270105892538666
292,49.2,0.0,0.0,0.0,0.5814962230648437,0.5867753620398799,0.5782647287612075,0.0,0.28270105892538666
293,48.1,0.0,0.0,0.0,0.5814962230648437,0.583717198372822,0.5782531124660546,0.0,0.28270105892538666
294,47.3,0.3551864400053187,0.0,0.3551864400053187,0.5814962230648437,0.5802465008055357,0.5782432773574422,0.0,0.28270105892538666
295,46.8,2.4353015555555806,0.0,2.4353015555555806,0.5814906550990067,0.5791400475237934,0.5782242917921148,0.0,0.28270105892538666
296,46.7,4.227311537056089,0.0,4.227311537056089,0.5814524471897489,0.579644886010215,0.5781747739766425,0.0,0.28270105892538666
297,46.8,5.44456081481481,0.0,5.44456081481481,0.5813860763718575,0.5816235216768669,0.578095961548124,0.0,0.28270105892538666
298,47.1,5.795941783436218,0.0,5.795941783436218,0.5813005520108803,0.5802628896612358,0.577996444020635,0.0,0.28270105892538666
299,47.3,4.917300637536177,0.0,4.917300637536177,0.5812094945986384,0.5787044754542776,0.57789502514988,0.0,0.28270105892538666
300,47.3,3.7007368515279895,0.0,3.7007368515279895,0.5811322677062962,0.5812588699559494,0.5778079212943714,0.0,0.28270105892538666
301,47.1,2.1616825241769715,0.0,2.1616825241769715,0.5810741750180208,0.5790405056938903,0.5777366147488276,0.0,0.28270105892538666
302,46.6,0.31847580673676257,0.0,0.31847580673676257,0.5810402624755231,0.5835215271894981,0.5776891755232185,0.0,0.28270105892538666
303,45.8,0.0,0.0,0.0,0.5810352698723524,0.5861061022318295,0.57767192337865,0.0,0.28270105892538666
304,44.8,0.0,0.0,0.0,0.5810352698723524,0.5797772912427404,0.5776629616819808,0.0,0.28270105892538666
305,43.3,0.0,0.0,0.0,0.5810352698723524,0.5840601610626391,0.57765679146045,0.0,0.28270105892538666
306,41.8,0.0,0.0,0.0,0.5810352698723524,0.5818534727214444,0.5776438626669601,0.0,0.28270105892538666
307,40.8,0.0,0.0,0.0,0.5810352698723524,0.5787141930665467,0.5776319738652204,0.0,0.28270105892538666
308,40.3,1.6036383412018131,0.0,1.6036383412018131,0.5810352698723524,0.580596704990485,0.5776140689986103,0.0,0.28270105892538666
309,40.1,1.8469029461781958,0.0,1.8469029461781958,0.5810101174612248,0.5825460718081348,0.5775775016019421,0.0,0.28270105892538666
310,39.7,1.0496489320797138,0.0,1.0496489320797138,0.5809811466718174,0.581991244747095,0.5775360835646689,0.0,0.28270105892538666
311,39.2,0.26437591891479423,0.0,0.26437591891479423,0.5809646869179108,0.5823685232074396,0.5775107084620275,0.0,0.28270105892538666
312,38.5,0.0,0.0,0.0,0.5809605424773071,0.5844760231431465,0.5774902250644891,0.0,0.28270105892538666
313,37.4,0.0,0.0,0.0,0.5809605424773071,0.5808898130545939,0.5774746884349706,0.0,0.28270105892538666
314,36.0,0.0,0.0,0.0,0.5809605424773071,0.5806480270948906,0.577466326226138,0.0,0.28270105892538666
315,34.4,0.0,0.0,0.0,0.5809605424773071,0.5833614850051897,0.5774550603236039,0.0,0.28270105892538666
316,33.0,0.0,0.0,0.0,0.5809605424773071,0.5852103778222649,0.5774486505031309,0.0,0.28270105892538666
317,31.7,0.0,0.0,0.0,0.5809605424773071,0.5813147085504244,0.5774379783028492,0.0,0.28270105892538666
318,30.0,0.0,0.0,0.0,0.5809605424773071,0.5772842143594524,0.5774296785927804,0.0,0.28270105892538666
319,28.0,0.0,0.0,0.0,0.5809605424773071,0.5799701757026157,0.5774162808967138,0.0,0.28270105892538666
320,26.1,0.0,0.0,0.0,0.5809605424773071,0.5776853232336502,0.5774087530103242,0.0,0.28270105892538666
321,25.6,0.0,0.0,0.0,0.5809605424773071,0.5837466681995307,0.577398574634489,0.0,0.28270105892538666
322,24.9,0.7340919202674834,0.0,0.7340919202674834,0.5809605424773071,0.5783938413798128,0.5773881846104649,0.0,0.28270105892538666
323,24.9,0.8941999449588511,0.0,0.8941999449588511,0.5809490324629333,0.5795243179957317,0.5773662461046025,0.0,0.28270105892538666
324,24.3,0.24028662500000048,0.0,0.24028662500000048,0.5809350111659725,0.5803721559938382,0.5773486050483165,0.0,0.28270105892538666
325,23.9,1.1536673114045086,0.0,1.1536673114045086,0.5809312443834307,0.5823462039032045,0.5773343686394699,0.0,0.28270105892538666
326,23.9,1.3073452949436075,0.0,1.3073452949436075,0.5809131526701188,0.5839411720003949,0.5773000298258941,0.0,0.28270105892538666
327,23.6,0.8322347200121963,0.0,0.8322347200121963,0.5808926497042873,0.5793230621362597,0.5772691626619808,0.0,0.28270105892538666
328,23.3,0.0,0.0,0.0,0.5808796002986758,0.5805256340339954,0.5772378539235825,0.0,0.28270105892538666
329,20.5,0.0,0.0,0.0,0.5808796002986758,0.5807098278669521,0.5772267041199939,0.0,0.28270105892538666
330,17.5,0.0,0.0,0.0,0.5808796002986758,0.5804924837845918,0.5772150427734362,0.0,0.28270105892538666
331,16.9,0.33153750478204497,0.0,0.33153750478204497,0.5808796002986758,0.5795043724572542,0.5772055251678997,0.0,0.28270105892538666
332,16.7,0.11169817971727244,0.0,0.11169817971727244,0.5808744028353618,0.5791999960485472,0.5771893075747807,0.0,0.28270105892538666
333,15.9,0.0,0.0,0.0,0.5808726519123819,0.5805888795969363,0.5771784256678637,0.0,0.28270105892538666
334,15.6,0.19895767078189291,0.0,0.19895767078189291,0.5808726519123819,0.5842201581061142,0.577168022826801,0.0,0.28270105892538666
335,15.0,0.0,0.0,0.0,0.580869533045879,0.5844175670910313,0.5771611566542103,0.0,0.28270105892538666
336,14.5,0.36646969545419844,0.0,0.36646969545419844,0.580869533045879,0.5772364184753493,0.5771465841953423,0.0,0.28270105892538666
337,14.3,1.0042162222412743,0.0,1.0042162222412743,0.5808637878710843,0.5788747187688429,0.57713067981942,0.0,0.28270105892538666
338,14.5,2.044710436194939,0.0,2.044710436194939,0.5808480406851069,0.578453325155525,0.5771077312770391,0.0,0.28270105892538666
339,15.4,4.354377063252554,0.0,4.354377063252554,0.5808159640865486,0.5840915302283662,0.5770676285002737,0.0,0.28270105892538666
340,17.8,7.794459444596863,0.0,7.794459444596863,0.5807475911075243,0.5847264873780225,0.5769855453034907,0.0,0.28270105892538666
341,21.1,10.081357611434994,0.0,10.081357611434994,0.5806250318788985,0.5793715275672296,0.5768498703191314,0.0,0.28270105892538666
342,24.1,7.8291489163046775,0.0,7.8291489163046775,0.5804663661325018,0.5812980450373074,0.5766815504623632,0.0,0.28270105892538666
343,25.0,3.7925906873952124,0.0,3.7925906873952124,0.5803432567856114,0.5823170595177911,0.5765507248038308,0.0,0.28270105892538666
344,25.3,2.703261960886295,0.0,2.703261960886295,0.5802837160377665,0.5800835219923796,0.5764807405154253,0.0,0.28270105892538666
345,25.5,3.7110884130658417,0.0,3.7110884130658417,0.5802412951666795,0.5812195523260172,0.5764252336444267,0.0,0.28270105892538666
346,26.4,3.854731176954736,0.0,3.854731176954736,0.5801830353360172,0.5831784166903867,0.5763568653864471,0.0,0.28270105892538666
347,26.6,3.2026727584209733,0.0,3.2026727584209733,0.5801225167032914,0.5825103528033501,0.5762882385962981,0.0,0.28270105892538666
348,27.1,3.9673619289932867,0.0,3.9673619289932867,0.5800722481252923,0.5801442050268681,0.5762252114036935,0.0,0.28270105892538666
349,27.7,3.886440831942538,0.0,3.886440831942538,0.5800099578167777,0.5772100440935981,0.576150904059006,0.0,0.28270105892538666
350,28.1,3.045582582666517,0.0,3.045582582666517,0.579948939677254,0.5786848384662582,0.5760762080666513,0.0,0.28270105892538666
351,28.2,2.151415522633745,0.0,2.151415522633745,0.5799011390549235,0.5819333817182686,0.5760187483415999,0.0,0.28270105892538666
352,28.1,1.7807934880163094,0.0,1.7807934880163094,0.5798673843625335,0.5773041680243836,0.5759758390483503,0.0,0.28270105892538666
353,28.0,1.7728430879439065,0.0,1.7728430879439065,0.5798394486064516,0.5804380237702538,0.5759411161510838,0.0,0.28270105892538666
354,27.9,1.9443080879629573,0.0,1.9443080879629573,0.579811637592649,0.5840296693943761,0.5759057507743713,0.0,0.28270105892538666
355,27.9,2.4825025324074113,0.0,2.4825025324074113,0.579781134607725,0.5850042860322502,0.5758699198155803,0.0,0.28270105892538666
356,28.1,2.684214269909316,0.0,2.684214269909316,0.5797421797718765,0.5811833758262043,0.5758192677089897,0.0,0.28270105892538666
357,28.2,1.9700883621399181,0.0,1.9700883621399181,0.579700056191535,0.5810911578764658,0.5757675466816672,0.0,0.28270105892538666
358,28.0,0.0,0.0,0.0,0.5796691481463011,0.5826469120968067,0.5757256320661623,0.0,0.28270105892538666
359,26.9,0.0,0.0,0.0,0.5796691481463011,0.5809439207561893,0.5757142036560272,0.0,0.28270105892538666
360,25.0,0.0,0.0,0.0,0.5796691481463011,0.5799358347566824,0.575704102578839,0.0,0.28270105892538666
361,23.2,0.0,0.0,0.0,0.5796691481463011,0.5758377076440224,0.5756921364628143,0.0,0.28270105892538666
362,21.9,0.0,0.0,0.0,0.5796691481463011,0.5801642485548748,0.575684770311209,0.0,0.28270105892538666
363,21.1,0.0,0.0,0.0,0.5796691481463011,0.5794001089140078,0.5756731845738808,0.0,0.28270105892538666
364,20.7,0.9688636064814791,0.0,0.9688636064814791,0.5796691481463011,0.5803761707447692,0.5756620222574002,0.0,0.28270105892538666
365,20.7,1.6343728657407404,0.0,1.6343728657407404,0.5796539540036385,0.5781031798237888,0.5756372163360718,0.0,0.28270105892538666
366,20.8,2.1781342319768306,0.0,2.1781342319768306,0.579628316218441,0.5769178531675523,0.5755999234251657,0.0,0.28270105892538666
367,21.2,3.31421382014937,0.0,3.31421382014937,0.579594141167059,0.5748690031973173,0.57555350322724,0.0,0.28270105892538666
368,22.1,4.884794726013568,0.0,4.884794726013568,0.5795421172086431,0.57917129420719,0.5754875093920538,0.0,0.28270105892538666
369,23.5,5.058538754096172,0.0,5.058538754096172,0.5794653909538735,0.5816454866273951,0.5753989608324667,0.0,0.28270105892538666
370,24.3,3.365286624999999,0.0,3.365286624999999,0.5793859296264932,0.5824397571459006,0.5753037620760739,0.0,0.28270105892538666
371,24.5,1.0323998604442894,0.0,1.0323998604442894,0.5793331019547411,0.5773993731047833,0.5752449368327422,0.0,0.28270105892538666
372,23.8,0.0,0.0,0.0,0.5793169105377579,0.5787778324483961,0.5752193699118082,0.0,0.28270105892538666
373,21.3,0.0,0.0,0.0,0.5793169105377579,0.5774839027405105,0.5752068208589736,0.0,0.28270105892538666
374,17.7,0.0,0.0,0.0,0.5793169105377579,0.5770102906182007,0.5751951909512945,0.0,0.28270105892538666
375,14.4,0.0,0.0,0.0,0.5793169105377579,0.5753727775644709,0.5751857785007473,0.0,0.28270105892538666
376,11.9,0.0,0.0,0.0,0.5793169105377579,0.5749848392514548,0.5751772319264309,0.0,0.28270105892538666
377,10.2,0.0,0.0,0.0,0.5793169105377579,0.5803644345785669,0.5751688315743558,0.0,0.28270105892538666
378,8.9,0.0,0.0,0.0,0.5793169105377579,0.5856636407032183,0.5751603576823804,0.0,0.28270105892538666
379,8.0,0.0,0.0,0.0,0.5793169105377579,0.5817277189182664,0.5751478762437668,0.0,0.28270105892538666
380,7.2,0.0,0.0,0.0,0.5793169105377579,0.5816725298916964,0.5751391494598229,0.0,0.28270105892538666
381,6.1,0.0,0.0,0.0,0.5793169105377579,0.5803323111859993,0.5751296373426735,0.0,0.28270105892538666
382,4.9,0.0,0.0,0.0,0.5793169105377579,0.5794101822143705,0.5751114148856228,0.0,0.28270105892538666
383,3.7,0.0,0.0,0.0,0.5793169105377579,0.5777334356339001,0.5750971113486053,0.0,0.28270105892538666
384,2.3,0.0,0.0,0.0,0.5793169105377579,0.5828665263971642,0.5750860974277455,0.0,0.28270105892538666
385,0.9,0.0,0.0,0.0,0.5793169105377579,0.5845733654162658,0.575076727891795,0.0,0.28270105892538666
386,0.0,0.0,0.0,0.0,0.5793169105377579,0.5796761558674588,0.5750636508030854,0.0,0.28270105892538666
387,0.0,0.0,0.0,0.0,0.5793169105377579,0.5816499882054059,0.5750507830038103,0.0,0.28270105892538666
388,0.0,0.0,0.0,0.0,0.5793169105377579,0.5764538225513649,0.5750379446428041,0.0,0.28270105892538666
389,0.0,0.0,0.0,0.0,0.5793169105377579,0.5778493415836853,0.5750288533571815,0.0,0.28270105892538666
390,0.0,0.0,0.0,0.0,0.5793169105377579,0.5802724390961242,0.5750179490055957,0.0,0.28270105892538666
391,0.0,0.0,0.0,0.0,0.5793169105377579,0.5765590563074994,0.575006344280593,0.0,0.28270105892538666
392,0.5,0.10157921572549916,0.0,0.10157921572549916,0.5793169105377579,0.5798440057967342,0.5749941770643403,0.0,0.28270105892538666
393,2.1,0.7237903173868314,0.0,0.7237903173868314,0.5793153180308852,0.5819497611216704,0.57497991847289,0.0,0.28270105892538666
394,4.8,2.2417159176954735,0.0,2.2417159176954735,0.5793039680030585,0.5811845929962698,0.5749551408835228,0.0,0.28270105892538666
395,8.3,4.5740098059175445,0.0,4.5740098059175445,0.579268793491166,0.5760809109373493,0.5749090501652734,0.0,0.28270105892538666
396,12.3,7.421475781378603,0.0,7.421475781378603,0.5791969560561149,0.5787168479423894,0.5748249082351692,0.0,0.28270105892538666
397,16.6,10.357375258039932,0.0,10.357375258039932,0.5790802636567752,0.5760858235031892,0.5746963503390595,0.0,0.28270105892538666
398,20.9,11.731039072378442,0.0,11.731039072378442,0.5789172141681931,0.5804954145379424,0.5745251926742007,0.0,0.28270105892538666
399,24.2,9.107691282426462,0.0,9.107691282426462,0.5787324350158377,0.5809097840535702,0.5743294122861615,0.0,0.28270105892538666
400,25.6,4.220812212772451,0.0,4.220812212772451,0.578589126407751,0.5794353819087964,0.5741749139048078,0.0,0.28270105892538666
401,25.6,0.7640220893156467,0.0,0.7640220893156467,0.5785228416862576,0.5776493579313579,0.5740949117282979,0.0,0.28270105892538666
402,24.9,0.0,0.0,0.0,0.5785108597725028,0.5771840726487567,0.5740715517012738,0.0,0.28270105892538666
403,23.3,0.0,0.0,0.0,0.5785108597725028,0.5773842081739916,0.5740616475241278,0.0,0.28270105892538666
404,21.6,0.0,0.0,0.0,0.5785108597725028,0.5770586056713242,0.5740499193747621,0.0,0.28270105892538666
405,20.2,0.0,0.0,0.0,0.5785108597725028,0.5760043859730757,0.574035320052191,0.0,0.28270105892538666
406,18.7,0.0,0.0,0.0,0.5785108597725028,0.5767151306278863,0.5740247280289804,0.0,0.28270105892538666
407,17.0,0.0,0.0,0.0,0.5785108597725028,0.5783920519788583,0.5740095975348573,0.0,0.28270105892538666
408,15.3,0.0,0.0,0.0,0.5785108597725028,0.5750715059915968,0.5739956201889143,0.0,0.28270105892538666
409,14.2,0.0,0.0,0.0,0.5785108597725028,0.5794623725321272,0.573983767271509,0.0,0.28270105892538666
410,13.9,0.7957610147271763,0.0,0.7957610147271763,0.5785108597725028,0.5812428399055983,0.573972427593761,0.0,0.28270105892538666
411,14.0,1.2519899024538932,0.0,1.2519899024538932,0.5784983799368095,0.5825847326161461,0.5739502735593179,0.0,0.28270105892538666
412,14.2,1.4533110659960369,0.0,1.4533110659960369,0.5784787415193482,0.5789394036402479,0.5739131382026244,0.0,0.28270105892538666
413,14.5,1.6717680493636662,0.0,1.6717680493636662,0.5784559433573017,0.5819371575776271,0.5738804664364706,0.0,0.28270105892538666
414,14.9,2.390338458523855,0.0,2.390338458523855,0.5784297159135001,0.5783396070236811,0.5738387401811531,0.0,0.28270105892538666
415,15.9,3.6804069974279816,0.0,3.6804069974279816,0.578392204374968,0.5777420604632205,0.5737912847171129,0.0,0.28270105892538666
416,17.4,4.372188460905345,0.0,4.372188460905345,0.5783344178446153,0.5760666170882001,0.573726121660402,0.0,0.28270105892538666
417,18.7,3.3851987486092097,0.0,3.3851987486092097,0.57826575022549,0.5758424264439326,0.5736491322100733,0.0,0.28270105892538666
418,19.1,1.4955544499504685,0.0,1.4955544499504685,0.5782126045004161,0.5780207108965199,0.5735849717207977,0.0,0.28270105892538666
419,18.8,0.0,0.0,0.0,0.578189142739738,0.5758568030997131,0.573546091903195,0.0,0.28270105892538666
420,17.6,0.0,0.0,0.0,0.578189142739738,0.5769633491840663,0.5735322465631992,0.0,0.28270105892538666
421,16.6,0.0,0.0,0.0,0.578189142739738,0.5793443754270363,0.5735212728512816,0.0,0.28270105892538666
422,16.2,0.9389506666666639,0.0,0.9389506666666639,0.578189142739738,0.5794238377259416,0.5735132804124526,0.0,0.28270105892538666
423,16.4,2.217072794086267,0.0,2.217072794086267,0.5781744160339981,0.5796947115198016,0.5734869802283566,0.0,0.28270105892538666
424,17.2,4.210114454199059,0.0,4.210114454199059,0.5781396252041384,0.5842525203178165,0.5734402750411528,0.0,0.28270105892538666
425,19.1,8.00468510838668,0.0,8.00468510838668,0.5780735062414348,0.5788200690340976,0.5733648164672943,0.0,0.28270105892538666
426,22.6,13.719633227861602,0.0,13.719633227861602,0.5779476021329997,0.5769949102528001,0.5732295321936548,0.0,0.28270105892538666
427,27.4,17.93434855845146,0.0,17.93434855845146,0.5777313082571576,0.5802972153692479,0.5730038977264996,0.0,0.28270105892538666
428,31.6,14.668141581771067,0.0,14.668141581771067,0.5774480788077567,0.5771376480601115,0.5727056113208544,0.0,0.28270105892538666
429,33.4,6.738499532388347,0.0,6.738499532388347,0.5772167326561042,0.578353466689263,0.572465466156905,0.0,0.28270105892538666
430,33.5,1.3758166557117861,0.0,1.3758166557117861,0.5771107903070024,0.5789848512255145,0.5723499466495928,0.0,0.28270105892538666
431,32.8,0.0,0.0,0.0,0.5770892059682083,0.574221830907532,0.5723166875246297,0.0,0.28270105892538666
432,31.9,0.0,0.0,0.0,0.5770892059682083,0.5802918326875944,0.5723012777879594,0.0,0.28270105892538666
433,31.3,0.8371222866750553,0.0,0.8371222866750553,0.5770892059682083,0.5772047011781793,0.5722918688676552,0.0,0.28270105892538666
434,31.1,1.0277618504991604,0.0,1.0277618504991604,0.5770760756702379,0.5778825456097885,0.5722668333880437,0.0,0.28270105892538666
435,30.6,0.0,0.0,0.0,0.5770599539393919,0.5819176826121338,0.5722377712564404,0.0,0.28270105892538666
436,29.2,0.0,0.0,0.0,0.5770599539393919,0.5767554503903829,0.5722271516654056,0.0,0.28270105892538666
437,26.7,0.0,0.0,0.0,0.5770599539393919,0.57529036179442,0.5722198719965945,0.0,0.28270105892538666
438,23.0,0.0,0.0,0.0,0.5770599539393919,0.5806054895400048,0.5722088529048525,0.0,0.28270105892538666
439,18.2,0.0,0.0,0.0,0.5770599539393919,0.5786815507186354,0.5721991796029053,0.0,0.28270105892538666
440,12.9,0.0,0.0,0.0,0.5770599539393919,0.5802834507137146,0.5721881141109499,0.0,0.28270105892538666
441,7.7,0.0,0.0,0.0,0.5770599539393919,0.5768518192808436,0.5721699837431002,0.0,0.28270105892538666
442,3.8,0.0,0.0,0.0,0.5770599539393919,0.5793797057660327,0.5721602321859961,0.0,0.28270105892538666
443,1.3,0.0,0.0,0.0,0.5770599539393919,0.582007617847403,0.5721472269318583,0.0,0.28270105892538666
444,0.2,0.0,0.0,0.0,0.5770599539393919,0.5777870783360135,0.5721344937980102,0.0,0.28270105892538666
445,0.0,0.0,0.0,0.0,0.5770599539393919,0.5798199218050636,0.572121741979036,0.0,0.28270105892538666
446,0.0,0.0,0.0,0.0,0.5770599539393919,0.5790821974439775,0.5721083517507549,0.0,0.28270105892538666
447,0.0,0.0,0.0,0.0,0.5770599539393919,0.5803645741612384,0.5720942776543949,0.0,0.28270105892538666
448,0.0,0.0,0.0,0.0,0.5770599539393919,0.5795761349581566,0.5720793272127531,0.0,0.28270105892538666
449,0.0,0.0,0.0,0.0,0.5770599539393919,0.5781818933082723,0.5720686803185318,0.0,0.28270105892538666
450,0.0,0.0,0.0,0.0,0.5770599539393919,0.5755391032832456,0.5720542177936248,0.0,0.28270105892538666
451,0.0,0.0,0.0,0.0,0.5770599539393919,0.5756791928352918,0.572042082589989,0.0,0.28270105892538666
452,0.0,0.0,0.0,0.0,0.5770599539393919,0.5795470694756972,0.5720308916321475,0.0,0.28270105892538666
453,0.0,0.0,0.0,0.0,0.5770599539393919,0.5779431111236928,0.5720192496902918,0.0,0.28270105892538666
454,0.0,0.0,0.0,0.0,0.5770599539393919,0.5790416223599976,0.5720119159573501,0.0,0.28270105892538666
455,0.0,0.0,0.0,0.0,0.5770599539393919,0.5826255257558888,0.5719990118346248,0.0,0.28270105892538666
456,0.0,0.0,0.0,0.0,0.5770599539393919,0.5793047681353546,0.5719887556630552,0.0,0.28270105892538666
457,0.0,0.0,0.0,0.0,0.5770599539393919,0.5813686545477601,0.5719769518194893,0.0,0.28270105892538666
458,0.0,0.0,0.0,0.0,0.5770599539393919,0.5790470356652372,0.5719661054181904,0.0,0.28270105892538666
459,0.0,0.0,0.0,0.0,0.5770599539393919,0.5781064011434105,0.5719533057056634,0.0,0.28270105892538666
460,0.0,0.0,0.0,0.0,0.5770599539393919,0.5778292031759041,0.5719434346879261,0.0,0.28270105892538666
461,0.0,0.0,0.0,0.0,0.5770599539393919,0.5749491870218917,0.5719293412663987,0.0,0.28270105892538666
462,0.0,0.0,0.0,0.0,0.5770599539393919,0.5747925955808226,0.5719178607950817,0.0,0.28270105892538666
463,0.0,0.0,0.0,0.0,0.5770599539393919,0.5728600582380144,0.5719034301100013,0.0,0.28270105892538666
464,0.0,0.0,0.0,0.0,0.5770599539393919,0.5766015120975861,0.571893871559577,0.0,0.28270105892538666
465,0.0,0.0,0.0,0.0,0.5770599539393919,0.5767608357282966,0.5718784117706069,0.0,0.28270105892538666
466,0.0,0.0,0.0,0.0,0.5770599539393919,0.5812655307968843,0.5718688428804033,0.0,0.28270105892538666
467,0.0,0.0,0.0,0.0,0.5770599539393919,0.5733487213596037,0.5718617540301266,0.0,0.28270105892538666
468,0.0,0.0,0.0,0.0,0.5770599539393919,0.5747430119344921,0.5718494206566542,0.0,0.28270105892538666
469,0.0,0.0,0.0,0.0,0.5770599539393919,0.5779502702763653,0.5718411463033685,0.0,0.28270105892538666
470,0.0,0.0,0.0,0.0,0.5770599539393919,0.5760455638732932,0.5718293579680525,0.0,0.28270105892538666
471,0.0,0.0,0.0,0.0,0.5770599539393919,0.5787346351905918,0.5718218032580488,0.0,0.28270105892538666
472,0.0,0.0,0.0,0.0,0.5770599539393919,0.577354685454394,0.5718088860325544,0.0,0.28270105892538666
473,0.0,0.0,0.0,0.0,0.5770599539393919,0.5746999319971964,0.571792645374232,0.0,0.28270105892538666
474,0.0,0.0,0.0,0.0,0.5770599539393919,0.5747345941528091,0.5717857718330401,0.0,0.28270105892538666
475,0.0,0.0,0.0,0.0,0.5770599539393919,0.5768832207751409,0.5717747873497522,0.0,0.28270105892538666
476,0.0,0.0,0.0,0.0,0.5770599539393919,0.5778064059854621,0.5717643463388018,0.0,0.28270105892538666
477,0.0,0.0,0.0,0.0,0.5770599539393919,0.5805939240263776,0.5717567117260912,0.0,0.28270105892538666
478,0.0,0.0,0.0,0.0,0.5770599539393919,0.5807211147524544,0.5717458288126979,0.0,0.28270105892538666
479,0.0,0.0,0.0,0.0,0.5770599539393919,0.5792499138452768,0.5717337656867357,0.0,0.28270105892538666
480,0.0,0.0,0.0,0.0,0.5770599539393919,0.5787672793981605,0.5717210718887351,0.0,0.28270105892538666
481,0.0,0.0,0.0,0.0,0.5770599539393919,0.5806317182941733,0.5717081754366243,0.0,0.28270105892538666
482,0.0,0.0,0.0,0.0,0.5770599539393919,0.5797989145684879,0.5716965184333752,0.0,0.28270105892538666
483,0.0,0.0,0.0,0.0,0.5770599539393919,0.5812099364819227,0.5716856565880816,0.0,0.28270105892538666
484,0.0,0.0,0.0,0.0,0.5770599539393919,0.5824785619556961,0.5716764243444762,0.0,0.28270105892538666
485,0.0,0.0,0.0,0.0,0.5770599539393919,0.5754848057682299,0.571665424783228,0.0,0.28270105892538666
486,0.0,0.0,0.0,0.0,0.5770599539393919,0.5750043225154654,0.57165395782652,0.0,0.28270105892538666
487,0.0,0.0,0.0,0.0,0.5770599539393919,0.5749179150987286,0.5716405115944394,0.0,0.28270105892538666
488,0.0,0.0,0.0,0.0,0.5770599539393919,0.5720629209595667,0.5716306398817539,0.0,0.28270105892538666
489,0.0,0.0,0.0,0.0,0.5770599539393919,0.5699447549333861,0.5716207851770851,0.0,0.28270105892538666
490,0.0,0.0,0.0,0.0,0.5770599539393919,0.5765638472415419,0.5716140737960392,0.0,0.28270105892538666
491,0.0,0.0,0.0,0.0,0.5770599539393919,0.5778731529177553,0.5716007799067097,0.0,0.28270105892538666
492,0.0,0.0,0.0,0.0,0.5770599539393919,0.5772034174086053,0.5715923548404406,0.0,0.28270105892538666
493,0.0,0.0,0.0,0.0,0.5770599539393919,0.5744521600553166,0.5715812537363825,0.0,0.28270105892538666
494,0.0,0.0,0.0,0.0,0.5770599539393919,0.578243321915494,0.5715659665188776,0.0,0.28270105892538666
495,0.0,0.0,0.0,0.0,0.5770599539393919,0.5774895619049137,0.5715554691971382,0.0,0.28270105892538666
496,0.0,0.0,0.0,0.0,0.5770599539393919,0.5725213970311793,0.5715437792448939,0.0,0.28270105892538666
497,0.0,0.0,0.0,0.0,0.5770599539393919,0.5740724232321214,0.5715333547376231,0.0,0.28270105892538666
498,0.0,0.0,0.0,0.0,0.5770599539393919,0.5754767609763141,0.5715250259043173,0.0,0.28270105892538666
499,0.0,0.0,0.0,0.0,0.5770599539393919,0.5780236939211122,0.5715089212195205,0.0,0.28270105892538666
500,0.0,0.0,0.0,0.0,0.5770599539393919,0.5786690178066131,0.5714993967167143,0.0,0.28270105892538666
501,0.0,0.0,0.0,0.0,0.5770599539393919,0.5796750288885546,0.5714843985071683,0.0,0.28270105892538666
502,0.0,0.0,0.0,0.0,0.5770599539393919,0.5763975482239069,0.5714731217561407,0.0,0.28270105892538666
503,0.0,0.0,0.0,0.0,0.5770599539393919,0.5777479100695279,0.5714600711358251,0.0,0.28270105892538666
504,0.0,0.0,0.0,0.0,0.5770599539393919,0.5787243316123046,0.5714464733768806,0.0,0.28270105892538666
505,0.0,0.0,0.0,0.0,0.5770599539393919,0.5763537765818948,0.5714324468415602,0.0,0.28270105892538666
506,0.0,0.0,0.0,0.0,0.5770599539393919,0.5772856147877763,0.5714176763024891,0.0,0.28270105892538666
507,0.0,0.0,0.0,0.0,0.5770599539393919,0.5755492171487987,0.5714008005778429,0.0,0.28270105892538666
508,0.0,0.0,0.0,0.0,0.5770599539393919,0.5770334430820909,0.5713848673450563,0.0,0.28270105892538666
509,0.0,0.0,0.0,0.0,0.5770599539393919,0.5759420013720131,0.5713755657283998,0.0,0.28270105892538666
510,0.0,0.0,0.0,0.0,0.5770599539393919,0.5776759910600937,0.5713653444709226,0.0,0.28270105892538666
511,0.0,0.0,0.0,0.0,0.5770599539393919,0.5759372301244862,0.5713527810390113,0.0,0.28270105892538666
512,0.5,0.11443929803002591,0.0,0.11443929803002591,0.5770599539393919,0.5816037731628795,0.5713417375795454,0.0,0.28270105892538666
513,2.5,1.1510542290618808,0.0,1.1510542290618808,0.5770581594666658,0.5794784487408727,0.5713240332646802,0.0,0.28270105892538666
514,6.6,4.399336559670781,0.0,4.399336559670781,0.577040102825327,0.5780831300659433,0.5712947599470132,0.0,0.28270105892538666
515,11.8,8.559944849260784,0.0,8.559944849260784,0.5769710004806706,0.5750024908142636,0.5712128422746547,0.0,0.28270105892538666
516,16.8,10.591340032921813,0.0,10.591340032921813,0.5768363200718614,0.5724913537637398,0.5710677656895605,0.0,0.28270105892538666
517,20.5,8.207639362806734,0.0,8.207639362806734,0.576669539743847,0.5768966557100558,0.5708887652973168,0.0,0.28270105892538666
518,21.9,3.571248283436211,0.0,3.571248283436211,0.5765404174223799,0.5802971509589034,0.5707498740493561,0.0,0.28270105892538666
519,21.9,0.7548902587448588,0.0,0.7548902587448588,0.5764843384375874,0.5743502599148196,0.5706860888580718,0.0,0.28270105892538666
520,21.3,0.0,0.0,0.0,0.5764724977337826,0.5782019943792177,0.5706625135658822,0.0,0.28270105892538666
521,20.3,0.0,0.0,0.0,0.5764724977337826,0.5759608304739564,0.5706467248778503,0.0,0.28270105892538666
522,19.2,0.0,0.0,0.0,0.5764724977337826,0.5762194043430657,0.5706326174310907,0.0,0.28270105892538666
523,17.8,0.0,0.0,0.0,0.5764724977337826,0.5784107752324543,0.5706219858402573,0.0,0.28270105892538666
524,15.5,0.0,0.0,0.0,0.5764724977337826,0.5734713656609187,0.5706090627211505,0.0,0.28270105892538666
525,11.9,0.0,0.0,0.0,0.5764724977337826,0.5786822457687311,0.5705938501090679,0.0,0.28270105892538666
526,7.6,0.0,0.0,0.0,0.5764724977337826,0.5780683621770611,0.5705844766721276,0.0,0.28270105892538666
527,4.0,0.0,0.0,0.0,0.5764724977337826,0.5775656528887584,0.5705719932549436,0.0,0.28270105892538666
528,2.0,0.0,0.0,0.0,0.5764724977337826,0.5752764934614035,0.5705624107692598,0.0,0.28270105892538666
529,1.0,0.0,0.0,0.0,0.5764724977337826,0.578775845793858,0.5705513706416793,0.0,0.28270105892538666
530,0.0,0.0,0.0,0.0,0.5764724977337826,0.5763438185676383,0.5705387495301387,0.0,0.28270105892538666
531,0.0,0.0,0.0,0.0,0.5764724977337826,0.569912947397381,0.5705254948114981,0.0,0.28270105892538666
532,0.0,0.0,0.0,0.0,0.5764724977337826,0.5704302715382997,0.5705111926845525,0.0,0.28270105892538666
533,0.2,0.0,0.0,0.0,0.5764724977337826,0.5720120804713191,0.5705010883538342,0.0,0.28270105892538666
534,1.2,0.31324922633744856,0.0,0.31324922633744856,0.5764724977337826,0.5777251637419962,0.5704935735801556,0.0,0.28270105892538666
535,3.2,1.0413817625361987,0.0,1.0413817625361987,0.576467585175796,0.5776535385790037,0.5704788490810615,0.0,0.28270105892538666
536,5.2,2.0275046050906873,0.0,2.0275046050906873,0.5764512488684902,0.5779222910338646,0.5704515319975859,0.0,0.28270105892538666
537,8.2,4.6769413266270385,0.0,4.6769413266270385,0.5764194305457392,0.573965031298434,0.5704083891695819,0.0,0.28270105892538666
538,13.0,9.768782731290962,0.0,9.768782731290962,0.5763459556958341,0.5744923895223957,0.5703210358007339,0.0,0.28270105892538666
539,18.8,13.558346368846214,0.0,13.558346368846214,0.5761921726367468,0.5747346427455906,0.5701604654691429,0.0,0.28270105892538666
540,23.1,10.166702565329217,0.0,10.166702565329217,0.575978403330201,0.5776073964024763,0.5699314162742898,0.0,0.28270105892538666
541,24.5,4.02558401682289,0.0,4.02558401682289,0.5758183253999573,0.5756374529972547,0.5697611957110861,0.0,0.28270105892538666
542,24.5,1.5050078851356512,0.0,1.5050078851356512,0.5757550966511348,0.5804883091771846,0.5696877492818503,0.0,0.28270105892538666
543,24.3,0.3965366249999999,0.0,0.3965366249999999,0.5757314815798238,0.5782129910176927,0.5696519621676164,0.0,0.28270105892538666
544,23.6,0.0,0.0,0.0,0.5757252622632687,0.5770501321116699,0.5696317698414668,0.0,0.28270105892538666
545,22.3,0.0,0.0,0.0,0.5757252622632687,0.5756887448341054,0.5696213782918719,0.0,0.28270105892538666
546,20.1,0.0,0.0,0.0,0.5757252622632687,0.5756252437253919,0.569610466073148,0.0,0.28270105892538666
547,18.5,0.0,0.0,0.0,0.5757252622632687,0.5758085560963334,0.5695973337688601,0.0,0.28270105892538666
548,17.2,0.0,0.0,0.0,0.5757252622632687,0.575562668987025,0.5695841875464234,0.0,0.28270105892538666
549,16.3,0.0,0.0,0.0,0.5757252622632687,0.571100519162431,0.5695728580042281,0.0,0.28270105892538666
550,15.4,0.0,0.0,0.0,0.5757252622632687,0.5750619233511359,0.5695592015384651,0.0,0.28270105892538666
551,14.7,0.0,0.0,0.0,0.5757252622632687,0.5688885811245632,0.5695453181770488,0.0,0.28270105892538666
552,14.3,0.08472033746761198,0.0,0.08472033746761198,0.5757252622632687,0.5732549376075812,0.569528406025091,0.0,0.28270105892538666
553,13.7,0.07880212176116477,0.0,0.07880212176116477,0.5757239336661746,0.5725666515312011,0.5695128880312837,0.0,0.28270105892538666
554,13.3,0.41710447803307477,0.0,0.41710447803307477,0.5757226978822055,0.5723192775887439,0.5694988389864674,0.0,0.28270105892538666
555,13.1,0.7470560994703543,0.0,0.7470560994703543,0.5757161559190727,0.5790271550130723,0.5694829186037809,0.0,0.28270105892538666
556,13.1,1.0839902558489567,0.0,1.0839902558489567,0.5757044373705507,0.5772456432960674,0.5694606186174832,0.0,0.28270105892538666
557,13.3,1.5288585932594123,0.0,1.5288585932594123,0.5756874312687482,0.5773122675022374,0.5694300845497622,0.0,0.28270105892538666
558,13.8,2.031927522633744,0.0,2.031927522633744,0.5756634415901147,0.5770209687224033,0.5693945659297255,0.0,0.28270105892538666
559,14.5,3.536479983520041,0.0,3.536479983520041,0.5756315516699257,0.5759421405104247,0.5693448887440219,0.0,0.28270105892538666
560,16.5,3.822584169238684,0.0,3.822584169238684,0.5755760151348392,0.5781109285761113,0.5692776824893613,0.0,0.28270105892538666
561,17.0,1.7551301630848968,0.0,1.7551301630848968,0.5755159784916656,0.5790632263683658,0.5692034638297072,0.0,0.28270105892538666
562,17.0,1.2085766651425087,0.0,1.2085766651425087,0.5754884354447932,0.5740024193734693,0.569163035421107,0.0,0.28270105892538666
563,17.0,0.0,0.0,0.0,0.5754694734886673,0.5723893253459503,0.569128425044058,0.0,0.28270105892538666
564,15.4,0.0,0.0,0.0,0.5754694734886673,0.5727738579547307,0.5691164732788768,0.0,0.28270105892538666
565,10.1,0.0,0.0,0.0,0.5754694734886673,0.5753719221645754,0.5691055403298396,0.0,0.28270105892538666
566,4.8,0.0,0.0,0.0,0.5754694734886673,0.5764000785507122,0.5690935365597967,0.0,0.28270105892538666
567,0.0,0.0,0.0,0.0,0.5754694734886673,0.576793952786562,0.5690779429173826,0.0,0.28270105892538666
568,0.0,0.0,0.0,0.0,0.5754694734886673,0.5780868972472918,0.5690675100191472,0.0,0.28270105892538666
569,0.0,0.0,0.0,0.0,0.5754694734886673,0.5734787465729029,0.5690530948233447,0.0,0.28270105892538666
570,0.0,0.0,0.0,0.0,0.5754694734886673,0.5764443341962112,0.5690403242675951,0.0,0.28270105892538666
571,0.0,0.0,0.0,0.0,0.5754694734886673,0.5789186426682018,0.5690300397217711,0.0,0.28270105892538666
572,0.0,0.0,0.0,0.0,0.5754694734886673,0.5768358813115965,0.5690193454317352,0.0,0.28270105892538666
573,0.0,0.0,0.0,0.0,0.5754694734886673,0.5759306283004831,0.5690087150756915,0.0,0.28270105892538666
574,0.0,0.0,0.0,0.0,0.5754694734886673,0.5723180881227556,0.5690006491731551,0.0,0.28270105892538666
575,0.0,0.0,0.0,0.0,0.5754694734886673,0.5725383888973268,0.5689851088813128,0.0,0.28270105892538666
576,0.0,0.0,2.542372881355932,-2.542372881355932,0.5754694734886673,0.5696218071609539,0.5689767516378391,7.022471910112357e-05,0.28270105892538666
577,0.0,0.0,0.0,0.0,0.575509302580031,0.5706176135898033,0.5690072445118353,7.022471910112357e-05,0.28270105892538666
578,0.0,0.0,0.0,0.0,0.575509302580031,0.576278669977477,0.5689915722475015,7.022471910112357e-05,0.28270105892538666
579,0.0,0.0,0.0,0.0,0.575509302580031,0.5808995143266433,0.568982372665127,7.022471910112357e-05,0.28270105892538666
580,0.0,0.0,0.0,0.0,0.575509302580031,0.5764537942116945,0.5689685344276632,7.022471910112357e-05,0.28270105892538666
581,0.0,0.0,0.0,0.0,0.575509302580031,0.5810441280092907,0.5689643661102045,7.022471910112357e-05,0.28270105892538666
582,0.0,0.0,0.0,0.0,0.575509302580031,0.573480933424826,0.5689571149226121,7.022471910112357e-05,0.28270105892538666
583,0.0,0.0,0.0,0.0,0.575509302580031,0.5804483455773283,0.5689431633380788,7.022471910112357e-05,0.28270105892538666
584,0.0,0.0,0.0,0.0,0.575509302580031,0.5783445097581242,0.568928207024694,7.022471910112357e-05,0.28270105892538666
585,0.0,0.0,0.0,0.0,0.575509302580031,0.5783470300313657,0.5689154438181894,7.022471910112357e-05,0.28270105892538666
586,0.0,0.0,0.0,0.0,0.575509302580031,0.5770389237555293,0.5689022245721066,7.022471910112357e-05,0.28270105892538666
587,0.0,0.0,0.0,0.0,0.575509302580031,0.5758426513311973,0.5688908240134845,7.022471910112357e-05,0.28270105892538666
588,0.0,0.0,0.0,0.0,0.575509302580031,0.5749691552595866,0.5688818072484535,7.022471910112357e-05,0.28270105892538666
589,0.0,0.0,0.0,0.0,0.575509302580031,0.5751128448911697,0.5688753987951596,7.022471910112357e-05,0.28270105892538666
590,0.0,0.0,5.084745762711864,-5.084745762711864,0.575509302580031,0.5728581868437105,0.5688670337704572,0.00017556179775280896,0.28270105892538666
591,0.0,0.0,0.0,0.0,0.5755888802181209,0.5778822550689865,0.5689350005914606,0.00017556179775280896,0.28270105892538666
592,0.0,0.0,5.084745762711864,-5.084745762711864,0.5755888802181209,0.572712441644668,0.5689213386008884,0.0002808988764044943,0.28270105892538666
593,0.0,0.0,4.576271186440678,-4.576271186440678,0.5756684573221148,0.5768601058081073,0.5689925535608172,0.00038045639852838807,0.28270105892538666
594,0.0,0.0,5.084745762711864,-5.084745762711864,0.5757400906609478,0.5755485528964713,0.5690558049201878,0.0004857934771800735,0.28270105892538666
595,0.0,0.0,6.101694915254237,-6.101694915254237,0.575819666750092,0.5734862485484279,0.5691227419757237,0.0006042145298116525,0.28270105892538666
596,0.0,0.0,6.610169491525424,-6.610169491525424,0.5759151189949315,0.5720625839205388,0.5692067903997128,0.0007285767747096117,0.28270105892538666
597,0.0,0.0,6.101694915254237,-6.101694915254237,0.576018503975783,0.5754668348185761,0.5693007347351308,0.0008469978273411906,0.28270105892538666
598,0.0,0.0,6.101694915254237,-6.101694915254237,0.576113954621224,0.5768806424585985,0.5693894992520537,0.0009654188799727697,0.28270105892538666
599,0.0,0.0,6.101694915254237,-6.101694915254237,0.576209404498902,0.5776446937983852,0.5694738925680621,0.0010838399326043486,0.28270105892538666
600,0.0,0.0,6.101694915254237,-6.101694915254237,0.5763048536088355,0.579806132559618,0.5695576085831788,0.0012022609852359277,0.28270105892538666
601,1.0,0.2031661332114007,6.610169491525424,-6.407003358314023,0.5764003019510432,0.576448014881854,0.5696415979684347,0.0013266232301338866,0.28270105892538666
602,2.1,0.6562748852880658,6.101694915254237,-5.445420029966171,0.5765005133059513,0.5776857316510368,0.5697303584969455,0.0014450442827654657,0.28270105892538666
603,4.8,2.488629497942387,6.610169491525424,-4.121539993583037,0.5765857163041017,0.5769885556840934,0.5698043146615673,0.0015694065276634249,0.28270105892538666
604,9.1,6.127933132696997,6.610169491525424,-0.48223635882842686,0.5766502382723254,0.5752133824731632,0.5698596754955905,0.001693768772561384,0.28270105892538666
605,14.2,10.766582670934307,6.101694915254237,4.66488775568007,0.5766577984761028,0.5802008951600758,0.5698600207140117,0.0018121898251929629,0.28270105892538666
606,19.8,15.81516118518518,6.101694915254237,9.713466269930944,0.5765845148265869,0.576159660709715,0.5697790811290385,0.001930610877824542,0.28270105892538666
607,25.5,19.451829153806578,5.084745762711864,14.367083391094713,0.5764316090975381,0.578447131855269,0.5696170598646162,0.0020359479564762274,0.28270105892538666
608,30.5,20.60798310804374,5.084745762711864,15.523237345331875,0.5762050191602018,0.5798436074269744,0.5693801781208307,0.0021412850351279124,0.28270105892538666
609,34.8,21.376060156378596,5.084745762711864,16.29131439366673,0.575960075392638,0.5779053434854957,0.5691259940494454,0.0022466221137795975,0.28270105892538666
610,38.8,23.451407441853373,0.0,23.451407441853373,0.5757029264128353,0.581393395101989,0.5688600543670128,0.0022466221137795975,0.28270105892538666
611,42.9,24.6978441733539,4.576271186440678,20.121572986913222,0.5753316680851183,0.5780785602736445,0.568480983812682,0.0023461796359034916,0.28270105892538666
612,46.4,20.297958322206977,4.067796610169491,16.230161712037486,0.5750135476711096,0.5770363355361441,0.5681499917962263,0.0024396375798287247,0.28270105892538666
613,48.3,11.590668188786031,4.067796610169491,7.52287157861654,0.5747573495104377,0.5752677650245035,0.5678831972123847,0.002533095523753958,0.28270105892538666
614,48.7,5.130057990721687,4.067796610169491,1.0622613805521954,0.5746390132403507,0.5745406682182219,0.5677536281326534,0.0026265534676791916,0.28270105892538666
615,48.5,3.5400229742988607,0.0,3.5400229742988607,0.5746223466699127,0.5796543538273148,0.5677231730091132,0.0026265534676791916,0.28270105892538666
616,48.4,3.527907831428148,0.0,3.527907831428148,0.5745667496524143,0.573048313102033,0.5676580134687954,0.0026265534676791916,0.28270105892538666
617,48.2,2.573982997104107,0.0,2.573982997104107,0.574511342913494,0.5799695187848546,0.5675917408466761,0.0026265534676791916,0.28270105892538666
618,47.8,0.6896373595488423,0.0,0.6896373595488423,0.5744709330488479,0.5799578550085384,0.5675424523002742,0.0026265534676791916,0.28270105892538666
619,47.0,0.0,0.0,0.0,0.5744601142943283,0.5749185778385456,0.5675158621546044,0.0026265534676791916,0.28270105892538666
620,45.9,0.0,0.0,0.0,0.5744601142943283,0.5783243877631054,0.5675031705349399,0.0026265534676791916,0.28270105892538666
621,44.9,0.0,5.084745762711864,-5.084745762711864,0.5744601142943283,0.5752041799419065,0.5674931125564426,0.002731890546330877,0.28270105892538666
622,44.4,2.210617226337436,6.101694915254237,-3.891077688916801,0.5745396989748567,0.5723947582615606,0.5675632019061765,0.0028503115989624555,0.28270105892538666
623,44.3,4.195559003448415,6.610169491525424,-2.4146104880770087,0.5746006291858473,0.5710833742708347,0.5676148245547923,0.002974673843860415,0.28270105892538666
624,44.5,6.225574205056422,6.610169491525424,-0.3845952864690023,0.5746384614355928,0.5717440297084487,0.5676414510171259,0.0030990360887583742,0.28270105892538666
625,45.1,7.494391959857498,7.11864406779661,0.3757478920608879,0.5746444921443166,0.5701696744282828,0.567635721209428,0.0032289865838078793,0.28270105892538666
626,45.7,6.738104113835524,6.101694915254237,0.636409198581287,0.5746385983863067,0.5751407969178244,0.5676177972285509,0.003347407636439458,0.28270105892538666
627,46.0,5.020640413046778,5.084745762711864,-0.06410534966508585,0.5746286150075919,0.575646853658378,0.5676022408932877,0.003452744715091143,0.28270105892538666
628,46.0,4.133294734034445,6.610169491525424,-2.476874757490979,0.5746296203510954,0.5721773436443026,0.5675887249340343,0.0035771069599891026,0.28270105892538666
629,46.0,4.42907662703857,6.101694915254237,-1.6726182882156673,0.5746684271057559,0.5748255380088363,0.5676117745431759,0.0036955280126206814,0.28270105892538666
630,46.1,6.221614465382584,6.101694915254237,0.11991955012834676,0.5746946413609343,0.5745955413047519,0.5676288360535092,0.0038139490652522603,0.28270105892538666
631,46.7,9.031838286027284,0.0,9.031838286027284,0.5746927605739516,0.5748328081191441,0.5676142932473252,0.0038139490652522603,0.28270105892538666
632,47.7,11.111757449074052,5.084745762711864,6.027011686362187,0.574550600872881,0.5725824353289078,0.56745952589072,0.003919286143903945,0.28270105892538666
633,48.9,12.70722434825102,6.101694915254237,6.605529432996782,0.5744558500609324,0.5706661436627046,0.5673531935209268,0.004037707196535524,0.28270105892538666
634,50.3,13.466197312776274,5.084745762711864,8.381451550064408,0.574351979394983,0.5711630648934415,0.5672385207051479,0.00414304427518721,0.28270105892538666
635,51.6,12.557263102880665,0.0,12.557263102880665,0.5742200873884986,0.5761339798232272,0.5670975607262818,0.00414304427518721,0.28270105892538666
636,52.6,9.812923076969955,0.0,9.812923076969955,0.5740221485826249,0.5761473981389198,0.5668854793922954,0.00414304427518721,0.28270105892538666
637,53.0,6.5026137021795405,0.0,6.5026137021795405,0.5738676372608835,0.5739144791579458,0.566722891161567,0.00414304427518721,0.28270105892538666
638,53.0,4.7986527968297406,0.0,4.7986527968297406,0.5737653840306249,0.5741698267433203,0.5666061571043641,0.00414304427518721,0.28270105892538666
639,52.9,4.103547566510454,0.0,4.103547566510454,0.5736899764032974,0.5747627165827054,0.56651319578387,0.00414304427518721,0.28270105892538666
640,52.7,4.076603550087653,0.0,4.076603550087653,0.5736255094336723,0.5732957863541805,0.5664370842333658,0.00414304427518721,0.28270105892538666
641,52.6,6.430721430879434,0.0,6.430721430879434,0.5735614660963374,0.5731495992340907,0.566361558837962,0.00414304427518721,0.28270105892538666
642,53.1,10.959325662037026,0.0,10.959325662037026,0.5734603436518703,0.5755844628029378,0.5662473583138374,0.00414304427518721,0.28270105892538666
643,54.3,12.675463425411529,4.576271186440678,8.09919223897085,0.5732876932903754,0.5710253180815661,0.5660657801452884,0.004242601797311103,0.28270105892538666
644,55.2,9.746972559670791,0.0,9.746972559670791,0.5731602458806632,0.5736975836979515,0.5659323221949459,0.004242601797311103,0.28270105892538666
645,55.5,8.034536201131665,6.610169491525424,1.4243667096062413,0.5730067657853071,0.5683542452471112,0.5657707958957181,0.004366964042209063,0.28270105892538666
646,55.9,8.477461196482995,0.0,8.477461196482995,0.572984411565115,0.5772375143800474,0.5657362511794023,0.004366964042209063,0.28270105892538666
647,56.3,8.564069984244028,0.0,8.564069984244028,0.5728509880194875,0.5761916713909991,0.5655917333863069,0.004366964042209063,0.28270105892538666
648,56.7,7.922067125000015,0.0,7.922067125000015,0.5727161951364484,0.5736274539798072,0.5654456020883829,0.004366964042209063,0.28270105892538666
649,56.9,6.133939669086253,0.0,6.133939669086253,0.5725915377475884,0.5722948915168719,0.5653072805981811,0.004366964042209063,0.28270105892538666
650,56.8,2.4642641908245695,0.0,2.4642641908245695,0.5724950856978474,0.5732002062194955,0.5651989746809011,0.004366964042209063,0.28270105892538666
651,56.0,0.0,0.0,0.0,0.572456393423834,0.5749702808770041,0.5651510271025924,0.004366964042209063,0.28270105892538666
652,54.2,0.0,0.0,0.0,0.572456393423834,0.5715135740735973,0.5651404019908054,0.004366964042209063,0.28270105892538666
653,52.1,0.0,3.559322033898305,-3.559322033898305,0.572456393423834,0.5701016076422978,0.5651278005745732,0.004453597705575399,0.28270105892538666
654,50.1,0.0,0.0,0.0,0.5725121458322625,0.5717104520539326,0.565172363590898,0.004453597705575399,0.28270105892538666
655,47.2,0.0,0.0,0.0,0.5725121458322625,0.5733417919084577,0.5651582361032151,0.004453597705575399,0.28270105892538666
656,43.2,0.0,0.0,0.0,0.5725121458322625,0.5746394148594154,0.5651471945114339,0.004453597705575399,0.28270105892538666
657,39.2,0.0,0.0,0.0,0.5725121458322625,0.5744508975045224,0.5651322217126866,0.004453597705575399,0.28270105892538666
658,36.5,0.0,4.067796610169491,-4.067796610169491,0.5725121458322625,0.5701167975302286,0.5651210818442982,0.004547055649500633,0.28270105892538666
659,34.3,0.0,2.0338983050847457,-2.0338983050847457,0.5725758497164459,0.5710796884628477,0.5651766332664346,0.004607296613356055,0.28270105892538666
660,31.0,0.0,0.0,0.0,0.5726077272258996,0.5716856859436095,0.5651990927542276,0.004607296613356055,0.28270105892538666
661,26.0,0.0,0.0,0.0,0.5726077272258996,0.5735262783670053,0.565187824282214,0.004607296613356055,0.28270105892538666
662,20.7,0.0,0.0,0.0,0.5726077272258996,0.5740052924157505,0.565176909001042,0.004607296613356055,0.28270105892538666
663,15.4,0.0,7.11864406779661,-7.11864406779661,0.5726077272258996,0.5685246627854362,0.5651656187943342,0.00473724710840556,0.28270105892538666
664,13.1,0.0,4.067796610169491,-4.067796610169491,0.5727190735398218,0.5710289502498568,0.5652684632621281,0.004830705052330794,0.28270105892538666
665,12.0,0.3722818930041156,0.0,0.3722818930041156,0.572782776311054,0.5735782919149596,0.5653244151854238,0.004830705052330794,0.28270105892538666
666,12.5,2.479129455780369,0.0,2.479129455780369,0.5727769360056219,0.575813274939004,0.5653032116832352,0.004830705052330794,0.28270105892538666
667,14.0,6.833265622618502,0.0,6.833265622618502,0.5727380110266849,0.5771238938523842,0.5652537684900507,0.004830705052330794,0.28270105892538666
668,19.0,12.604522100289588,0.0,12.604522100289588,0.5726305337012156,0.5733062503036814,0.5651347670883115,0.004830705052330794,0.28270105892538666
669,23.2,15.13465682731291,0.0,15.13465682731291,0.5724318191337708,0.5720855035325291,0.5649266453060431,0.004830705052330794,0.28270105892538666
670,28.0,17.976546791647618,0.0,17.976546791647618,0.5721929672458866,0.5726347749501574,0.5646777605759882,0.004830705052330794,0.28270105892538666
671,32.0,14.8621740588325,0.0,14.8621740588325,0.571908931365088,0.5722458247475358,0.5643821675452423,0.004830705052330794,0.28270105892538666
672,34.0,11.464719288218257,0.0,11.464719288218257,0.5716743951682403,0.5746603582709199,0.5641353065201452,0.004830705052330794,0.28270105892538666
673,36.0,12.190870370370368,4.576271186440678,7.614599183929689,0.571493718507089,0.5691543824225322,0.5639408810975066,0.004930262574454687,0.28270105892538666
674,38.0,12.925893880506015,0.0,12.925893880506015,0.5713739016067091,0.5728575459156047,0.5638170473113904,0.004930262574454687,0.28270105892538666
675,40.0,9.297854747751852,0.0,9.297854747751852,0.5711700720709183,0.5712592188480174,0.5636059035497619,0.004930262574454687,0.28270105892538666
676,40.3,4.71320624243637,6.610169491525424,-1.8969632490890538,0.5710236656234557,0.5670282599042165,0.5634516363051495,0.005054624819352646,0.28270105892538666
677,40.5,0.05581770833335327,0.0,0.05581770833335327,0.5710534024576442,0.5715113347672569,0.563468757965093,0.005054624819352646,0.28270105892538666
678,39.0,0.0,9.152542372881356,-9.152542372881356,0.5710525267795654,0.5652678043355658,0.5634583725936829,0.00520979723314575,0.28270105892538666
679,35.7,0.0,2.0338983050847457,-2.0338983050847457,0.571195590140647,0.5701749371639294,0.563591842189343,0.005270038197001172,0.28270105892538666
680,31.8,0.0,0.0,0.0,0.5712274713713893,0.5713024259191131,0.5636167203966652,0.005270038197001172,0.28270105892538666
681,27.1,0.0,0.0,0.0,0.5712274713713893,0.5725724407536312,0.5636056518129129,0.005270038197001172,0.28270105892538666
682,22.8,0.0,5.084745762711864,-5.084745762711864,0.5712274713713893,0.5694204704360076,0.5635942085341117,0.005375375275652857,0.28270105892538666
683,21.1,0.0,4.576271186440678,-4.576271186440678,0.5713070777581233,0.5703182033060079,0.5636593800000078,0.00547493279777675,0.28270105892538666
684,18.9,0.0,5.59322033898305,-5.59322033898305,0.5713787374668061,0.5688812275084091,0.5637200044435225,0.005587025189081098,0.28270105892538666
685,18.9,4.273558041666671,6.101694915254237,-1.8281368735875656,0.5714662857380488,0.5685955838956285,0.5637976729432408,0.005705446241712677,0.28270105892538666
686,21.3,8.398291938786011,0.0,8.398291938786011,0.5714949433602535,0.5744858563714799,0.5638156998600564,0.005705446241712677,0.28270105892538666
687,23.9,8.837566488359238,6.101694915254237,2.735871573105001,0.5713627532530636,0.5686994553631659,0.5636762094782635,0.0058238672943442555,0.28270105892538666
688,25.9,9.437064094288216,5.084745762711864,4.352318331576352,0.5713197875811924,0.5700298456026901,0.563618046111038,0.005929204372995941,0.28270105892538666
689,28.4,10.204954577351014,4.576271186440678,5.628683390910336,0.5712513918170719,0.573268959557308,0.5635403977711916,0.006028761895119835,0.28270105892538666
690,30.3,7.220608404835385,0.0,7.220608404835385,0.5711628924380215,0.576030220315281,0.5634424695464183,0.006028761895119835,0.28270105892538666
691,30.9,3.9975418482510348,5.084745762711864,-1.0872039144608294,0.5710492898459559,0.5715348956269465,0.5633158727158212,0.00613409897377152,0.28270105892538666
692,31.1,4.22735032786543,5.084745762711864,-0.8573954348464339,0.5710663383328939,0.5698163323201726,0.5633158175688333,0.006239436052423206,0.28270105892538666
693,31.8,5.768205053497944,5.084745762711864,0.6834592907860797,0.571079784395194,0.5713586208338132,0.5633160911439891,0.006344773131074891,0.28270105892538666
694,32.7,5.530424450102884,0.0,5.530424450102884,0.5710690595043373,0.5747306992348735,0.563290639193995,0.006344773131074891,0.28270105892538666
695,33.2,1.9971059737844798,5.084745762711864,-3.087639788927384,0.5709821071236288,0.570464324496417,0.5631924868017614,0.006450110209726577,0.28270105892538666
696,32.4,0.0,5.59322033898305,-5.59322033898305,0.5710304862935818,0.5692808652133386,0.5632284771602062,0.006562202601030924,0.28270105892538666
697,28.3,0.0,5.084745762711864,-5.084745762711864,0.5711180371362221,0.5708158621760797,0.5632993241493812,0.006667539679682611,0.28270105892538666
698,25.8,0.0,5.084745762711864,-5.084745762711864,0.5711976442579803,0.5714674022053542,0.5633688349421152,0.006772876758334296,0.28270105892538666
699,23.1,0.0,6.610169491525424,-6.610169491525424,0.5712772508450492,0.5690827697236649,0.563441072435544,0.006897239003232255,0.28270105892538666
700,21.8,0.0,6.610169491525424,-6.610169491525424,0.5713806762320608,0.5691140133404686,0.5635300522283668,0.007021601248130215,0.28270105892538666
701,21.2,0.4515594991617126,5.59322033898305,-5.141660839821338,0.5714841007176635,0.5719265466434449,0.5636252736889215,0.007133693639434563,0.28270105892538666
702,21.0,1.2556646090534989,5.59322033898305,-4.3375557299295515,0.5715645946041942,0.5732880528683197,0.5636913628416891,0.00724578603073891,0.28270105892538666
703,21.0,1.3906954732510293,6.101694915254237,-4.7109994420032075,0.5716325212273765,0.5703915888257571,0.5637454115546331,0.007364207083370489,0.28270105892538666
704,20.9,0.039295245217955514,5.084745762711864,-5.045450517493909,0.5717062846758189,0.5746977001571225,0.5638120133660386,0.007469544162022174,0.28270105892538666
705,19.9,0.0,5.59322033898305,-5.59322033898305,0.5717852738981699,0.5720930647539703,0.5638807878101643,0.007581636553326522,0.28270105892538666
706,17.9,0.0,5.59322033898305,-5.59322033898305,0.5718728191678422,0.5731768819680593,0.5639535325405537,0.0076937289446308696,0.28270105892538666
707,15.1,0.0,5.084745762711864,-5.084745762711864,0.5719603637911705,0.5772573571742939,0.5640286996978484,0.007799066023282555,0.28270105892538666
708,12.8,0.0,5.084745762711864,-5.084745762711864,0.5720399652557211,0.5757670281376555,0.5640989776019277,0.007904403101934241,0.28270105892538666
709,12.0,1.1438868312757189,5.59322033898305,-4.4493335077073315,0.5721195661856963,0.5738454921560153,0.5641673090510004,0.008016495493238589,0.28270105892538666
710,13.2,5.2515721069958845,5.59322033898305,-0.34164823198716565,0.5721892369093572,0.5738398002892272,0.5642216229179213,0.008128587884542937,0.28270105892538666
711,17.1,9.902627328703707,5.084745762711864,4.817881565991843,0.5721945953826277,0.5751579764636772,0.5642143750131946,0.008233924963194621,0.28270105892538666
712,21.1,7.910575718430878,5.59322033898305,2.317355379447828,0.5721188748919211,0.5711783592221659,0.564128557168959,0.008346017354498969,0.28270105892538666
713,21.8,1.7316892632220646,9.152542372881356,-7.420853109659292,0.5720824902596389,0.5673123651441514,0.5640839636733268,0.008501189768292072,0.28270105892538666
714,21.2,0.0,8.135593220338983,-8.135593220338983,0.5721985548507575,0.5680933028508429,0.5641832054668623,0.008642034838714608,0.28270105892538666
715,18.5,0.0,6.101694915254237,-6.101694915254237,0.5723257610559276,0.5703136040644385,0.5642999151543201,0.008760455891346186,0.28270105892538666
716,13.9,0.0,5.084745762711864,-5.084745762711864,0.5724212414136273,0.5735861404320357,0.5643834304934148,0.008865792969997871,0.28270105892538666
717,12.0,0.0,5.59322033898305,-5.59322033898305,0.5725008397831857,0.5714740238952267,0.5644495275477277,0.008977885361302219,0.28270105892538666
718,12.0,1.606849794238684,5.59322033898305,-3.986370544744366,0.5725883797701368,0.5728489962934589,0.5645264206505505,0.009089977752606566,0.28270105892538666
719,13.0,4.251807422648988,5.084745762711864,-0.832938340062876,0.5726508100929776,0.5763627177198057,0.564578430670964,0.009195314831258251,0.28270105892538666
720,16.0,6.7904980948026195,5.59322033898305,1.1972777558195693,0.572663870983355,0.5754967759750791,0.5645790166309202,0.009307407222562599,0.28270105892538666
721,18.5,6.797297065519737,5.59322033898305,1.2040767265366865,0.5726450818875992,0.5762269360529686,0.5645472750871958,0.009419499613866946,0.28270105892538666
722,20.6,6.791498739216585,6.610169491525424,0.18132924769116077,0.5726261860129874,0.5707936740359936,0.5645167652638098,0.009543861858764905,0.28270105892538666
723,22.5,6.568764467592589,6.610169491525424,-0.04140502393283452,0.572623341524355,0.5705565649602773,0.5645016994197558,0.009668224103662866,0.28270105892538666
724,24.0,8.104119341563788,6.101694915254237,2.0024244263095508,0.5726239909821412,0.5733129357630358,0.5644927061461025,0.009786645156294444,0.28270105892538666
725,26.6,12.096705680231677,6.101694915254237,5.99501076497744,0.5725925563624314,0.5728744407652632,0.5644467207400831,0.009905066208926023,0.28270105892538666
726,29.9,18.076612369703543,5.59322033898305,12.483392030720493,0.5724982941420045,0.5765408830541339,0.5643404895390655,0.01001715860023037,0.28270105892538666
727,34.8,20.480998427983522,5.084745762711864,15.396252665271657,0.5723014966512413,0.5796520363814145,0.5641319121783592,0.010122495678882055,0.28270105892538666
728,37.8,16.25475600000001,7.11864406779661,9.136111932203402,0.5720584877885674,0.5705011781511368,0.5638762213444475,0.01025244617393156,0.28270105892538666
729,40.2,13.228280378600838,6.610169491525424,6.618110887075414,0.5719146484708587,0.5723921830777737,0.5637191783000135,0.01037680841882952,0.28270105892538666
730,41.6,8.12060472001217,6.101694915254237,2.018909804757932,0.5718105569170374,0.5735669022801616,0.5636003929885419,0.010495229471461098,0.28270105892538666
731,41.9,4.687501663256359,7.627118644067796,-2.9396169808114365,0.5717788611091068,0.5695483516634537,0.5635579706694557,0.010630445817614945,0.28270105892538666
732,42.0,4.432245884773685,8.135593220338983,-3.7033473355652973,0.5718249205674075,0.5691446904312394,0.5635934996368044,0.01077129088803748,0.28270105892538666
733,42.2,4.731997208352381,7.627118644067796,-2.8951214357154145,0.5718829287332636,0.5723450890930422,0.5636420092566877,0.010906507234191327,0.28270105892538666
734,42.4,5.034424552964491,7.627118644067796,-2.592694091103305,0.5719282914149335,0.5729399436600521,0.5636716222036233,0.011041723580345175,0.28270105892538666
735,42.7,5.630365566167525,7.627118644067796,-1.9967530779002711,0.5719689201905941,0.5732729814855418,0.5637044617655673,0.01117693992649902,0.28270105892538666
736,43.1,6.529703201665133,8.135593220338983,-1.6058900186738496,0.5720002175875136,0.5709888482472002,0.563721324075024,0.011317784996921557,0.28270105892538666
737,43.7,6.3629823515279496,8.135593220338983,-1.7726108688110331,0.5720253923873656,0.5717209146283525,0.5637357600336723,0.011458630067344093,0.28270105892538666
738,44.0,5.003942920286537,8.135593220338983,-3.1316503000524456,0.5720531788911631,0.5734184524454848,0.5637546156994507,0.011599475137766628,0.28270105892538666
739,44.1,7.5713885787037,8.135593220338983,-0.5642046416352828,0.5721022423481966,0.5734532274523273,0.5637929040124525,0.011740320208189164,0.28270105892538666
740,45.3,10.740126588991753,8.135593220338983,2.6045333686527705,0.5721110907174315,0.5715257987747212,0.5637931065266257,0.0118811652786117,0.28270105892538666
741,46.4,9.855571490931268,8.64406779661017,1.2115036943210988,0.5720701924014914,0.5710577179840853,0.5637390904846916,0.012029248902305079,0.28270105892538666
742,47.2,7.026809858862978,8.64406779661017,-1.6172579377471914,0.5720511789905194,0.5708274352439888,0.5637041688407995,0.012177332525998459,0.28270105892538666
743,47.3,4.917300637536195,8.135593220338983,-3.2182925828027873,0.5720765317760438,0.5738043312175024,0.5637177863909746,0.012318177596420996,0.28270105892538666
744,47.4,4.627522205761325,10.677966101694915,-6.05044389593359,0.572126950820424,0.5686051830933182,0.5637610342290574,0.012493762880701932,0.28270105892538666
745,47.4,4.627522205761325,8.135593220338983,-3.5080710145776575,0.5722216327005784,0.5739368716860814,0.5638488429323079,0.012634607951124466,0.28270105892538666
746,47.5,5.863621744493984,7.627118644067796,-1.7634968995738118,0.5722765845322544,0.578625165921409,0.563894216592167,0.012769824297278314,0.28270105892538666
747,47.9,7.779763799744701,8.135593220338983,-0.355829420594282,0.5723042276831847,0.5746969205953864,0.5639123159864269,0.01291066936770085,0.28270105892538666
748,48.6,9.177167999999993,7.627118644067796,1.550049355932197,0.5723098084909286,0.5776403228382994,0.5639025020443026,0.013045885713854696,0.28270105892538666
749,49.4,8.415071875019038,7.627118644067796,0.787953230951242,0.5722854791300531,0.5767336169402892,0.563861335173492,0.013181102060008543,0.28270105892538666
750,49.8,5.941773942386826,7.627118644067796,-1.68534470168097,0.5722731152610441,0.5750284975113054,0.5638350155752446,0.013316318406162389,0.28270105892538666
751,49.8,4.340693695473262,8.135593220338983,-3.7948995248657207,0.5722995341903969,0.571881407172846,0.563848161279386,0.013457163476584925,0.28270105892538666
752,49.7,3.0486070806088965,8.135593220338983,-5.086986139730087,0.5723589718612216,0.5721764643535125,0.5638987606137758,0.013598008547007462,0.28270105892538666
753,49.3,0.7850158154816262,8.64406779661017,-7.859051981128543,0.5724386056500684,0.5712867510514484,0.563967756026574,0.01374609217070084,0.28270105892538666
754,48.5,0.0,8.135593220338983,-8.135593220338983,0.5725614988570444,0.5742964745424962,0.5640776037128626,0.013886937241123377,0.28270105892538666
755,47.6,0.0,8.135593220338983,-8.135593220338983,0.572688701176683,0.5765217079694372,0.5641934493467059,0.014027782311545913,0.28270105892538666
756,46.3,0.0,9.152542372881356,-9.152542372881356,0.5728159021346011,0.5734862319632673,0.5643127105521633,0.014182954725339016,0.28270105892538666
757,43.7,0.0,12.203389830508474,-12.203389830508474,0.5729589442818575,0.5687993019158676,0.5644466327614213,0.014377759920144211,0.28270105892538666
758,39.3,0.0,10.169491525423728,-10.169491525423728,0.5731494359980194,0.5714313209891548,0.5646262430350438,0.01454667883906313,0.28270105892538666
759,34.1,0.0,9.661016949152541,-9.661016949152541,0.5733083035908836,0.5740979966581974,0.5647697954897324,0.014708794880018762,0.28270105892538666
760,29.0,0.0,8.135593220338983,-8.135593220338983,0.5734592560189282,0.5778415005561536,0.5649124817700668,0.014849639950441296,0.28270105892538666
761,23.7,0.0,9.152542372881356,-9.152542372881356,0.5735864487285587,0.5762013694929237,0.5650251716083209,0.0150048123642344,0.28270105892538666
762,18.4,0.0,10.169491525423728,-10.169491525423728,0.573729481607924,0.5722544007894158,0.5651577224990719,0.01517373128315332,0.28270105892538666
763,14.3,0.0,9.152542372881356,-9.152542372881356,0.573888341458602,0.5758033262030379,0.5653065051463502,0.015328903696946422,0.28270105892538666
764,12.0,0.0,8.64406779661017,-8.64406779661017,0.5740313707072232,0.5780587451195887,0.5654331883218993,0.015476987320639802,0.28270105892538666
765,12.8,4.185716752934006,10.169491525423728,-5.983774772489722,0.5741664793476556,0.5727740269297971,0.5655585437662811,0.01564590623955872,0.28270105892538666
766,16.0,7.613543362292335,12.711864406779661,-5.098321044487326,0.5742601043120175,0.56971055954631,0.5656406662688459,0.015846870869783803,0.28270105892538666
767,19.1,9.23282296846898,10.169491525423728,-0.9366685569547482,0.5743399023853488,0.5725158763775966,0.5657084555429712,0.01601578978870272,0.28270105892538666
768,22.4,11.003557718640447,12.203389830508474,-1.1998321118680266,0.5743545871114892,0.5701216406477049,0.5657133237038391,0.016210594983507912,0.28270105892538666
769,25.6,14.591182583142817,10.169491525423728,4.421691057719089,0.5743733956204303,0.5718096464405028,0.5657195944347063,0.016379513902426833,0.28270105892538666
770,30.1,21.10439891287532,16.779661016949152,4.3247378959261695,0.5743039257806234,0.5669752149014486,0.5656422632527763,0.01663708492958887,0.28270105892538666
771,35.3,25.100599739045105,8.135593220338983,16.965006518706122,0.5742359814238299,0.5760323327367863,0.5655632842151637,0.016777930000011404,0.28270105892538666
772,39.9,26.973882635288064,8.135593220338983,18.83828941494908,0.5739680856157505,0.5736653246994547,0.5652796626870439,0.01691877507043394,0.28270105892538666
773,44.5,25.682878731805378,8.135593220338983,17.547285511466395,0.5736703747745822,0.5748488099094238,0.5649725135460432,0.017059620140856477,0.28270105892538666
774,47.5,23.883812073712075,8.135593220338983,15.748218853373093,0.5733932050269869,0.5746408674099859,0.5646870059802234,0.017200465211279013,0.28270105892538666
775,50.9,26.422840495560894,7.627118644067796,18.7957218514931,0.5731446286000517,0.5765087848449708,0.5644251904414037,0.01733568155743286,0.28270105892538666
776,54.1,24.09628470162704,8.135593220338983,15.960691481288059,0.5728475745956719,0.5736380377985988,0.5641173035316809,0.017476526627855395,0.28270105892538666
777,56.3,20.148432124161705,8.135593220338983,12.012838903822722,0.5725956108703566,0.5711226783683218,0.5638566675357732,0.01761737169827793,0.28270105892538666
778,58.1,19.047540384449793,8.135593220338983,10.91194716411081,0.5724062691511613,0.5729108154146348,0.5636568438134999,0.017758216768700468,0.28270105892538666
779,59.8,17.805368607834154,8.135593220338983,9.669775387495172,0.5722343529836657,0.5706694052733781,0.5634712787998203,0.017899061839123005,0.28270105892538666
780,61.1,15.540927471212472,8.135593220338983,7.405334250873489,0.5720820811738879,0.571070502479149,0.5633037495217955,0.01803990690954554,0.28270105892538666
781,62.1,13.478011819444433,8.64406779661017,4.833944022834263,0.5719655727401861,0.5700155774104841,0.563176189330578,0.01818799053323892,0.28270105892538666
782,62.8,11.667288045419888,8.135593220338983,3.531694825080905,0.5718895978341644,0.5733502609089243,0.5630958373141682,0.018328835603661456,0.28270105892538666
783,63.3,10.17307834825107,8.135593220338983,2.0374851279120865,0.5718341189214029,0.5716830640221489,0.5630272005016925,0.018469680674083992,0.28270105892538666
784,63.6,9.837205242798381,7.627118644067796,2.2100865987305855,0.5718021313173053,0.5729531465127369,0.5629839157011581,0.018604897020237838,0.28270105892538666
785,64.0,11.578709343087915,8.135593220338983,3.4431161227489326,0.5717674314596608,0.5709403570804433,0.5629424451375605,0.018745742090660374,0.28270105892538666
786,64.7,12.181231403311214,8.64406779661017,3.5371636067010446,0.5717133453742544,0.5686179613126692,0.5628750416502663,0.018893825714353756,0.28270105892538666
787,65.2,9.803422163389747,10.169491525423728,-0.366069362033981,0.5716577795995493,0.5676179606278902,0.5628075493257495,0.019062744633272677,0.28270105892538666
788,65.3,7.7278005449436185,7.627118644067796,0.10068190087582263,0.5716635213008188,0.5703062359019488,0.5628008842770678,0.019197960979426523,0.28270105892538666
789,65.3,7.7278005449436185,7.627118644067796,0.10068190087582263,0.5716619418387403,0.5738988664423531,0.5627926801811446,0.019333177325580368,0.28270105892538666
790,65.4,9.009986650205756,8.135593220338983,0.8743934298667728,0.5716603623764505,0.5705075217550996,0.5627820301399015,0.019474022396002905,0.28270105892538666
791,65.7,9.922759208333298,7.627118644067796,2.2956405642655024,0.5716466409635839,0.573917653103892,0.5627566404792649,0.01960923874215675,0.28270105892538666
792,66.0,7.0241676954732375,7.627118644067796,-0.6029509485945583,0.5716105961424425,0.5724865748037478,0.5627123062742873,0.0197444550883106,0.28270105892538666
793,65.6,0.0,8.135593220338983,-8.135593220338983,0.5716200524141044,0.5734698634493219,0.5627094602778927,0.019885300158733136,0.28270105892538666
794,63.5,0.0,8.135593220338983,-8.135593220338983,0.5717472648129763,0.5713974761136127,0.5628250714502222,0.02002614522915567,0.28270105892538666
795,59.7,0.0,8.135593220338983,-8.135593220338983,0.5718744758498047,0.571871663664626,0.5629434702376634,0.020166990299578205,0.28270105892538666
796,54.6,0.0,13.728813559322033,-13.728813559322033,0.5720016855246332,0.5652294420511577,0.563062546965303,0.020379924053521424,0.28270105892538666
797,49.3,0.0,8.135593220338983,-8.135593220338983,0.5722158776167356,0.5720069334233392,0.5632644152801717,0.02052076912394396,0.28270105892538666
798,44.9,0.0,9.661016949152541,-9.661016949152541,0.5723430836364498,0.5698794051007661,0.5633870738899845,0.020682885164899592,0.28270105892538666
799,42.3,0.0,8.135593220338983,-8.135593220338983,0.5724940483122428,0.5763189606799048,0.5635252075817192,0.02082373023532213,0.28270105892538666
800,41.4,0.8870060740740832,9.661016949152541,-8.774010875078458,0.5726212513539617,0.572065909785025,0.5636412417520279,0.02098584627627776,0.28270105892538666
801,41.3,5.395888048372963,8.64406779661017,-3.248179748237207,0.5727584002705955,0.5756311985332899,0.5637677876032203,0.02113392989997114,0.28270105892538666
802,42.1,12.8382814163047,10.169491525423728,2.668789890880971,0.5728092840037949,0.5718452405718106,0.5638093545702507,0.02130284881889006,0.28270105892538666
803,44.7,22.069999491255125,10.169491525423728,11.900507965831396,0.5727673780910972,0.5703100992130149,0.5637576785006702,0.02147176773780898,0.28270105892538666
804,48.4,25.31288725529642,9.661016949152541,15.651870306143879,0.5725798181639496,0.5756495363004707,0.5635586667115337,0.021633883778764608,0.28270105892538666
805,51.4,19.107800602347226,10.169491525423728,8.938309076923497,0.5723327549736904,0.5728847991184757,0.563299594967738,0.02180280269768353,0.28270105892538666
806,52.7,10.51500375584896,10.169491525423728,0.34551223042523205,0.5721920443818079,0.5688833936828396,0.5631485838516025,0.02197172161660245,0.28270105892538666
807,53.0,4.457860615759771,10.169491525423728,-5.711630909663957,0.5721866238215982,0.5709696107003618,0.5631295990975674,0.022140640535521366,0.28270105892538666
808,52.5,0.0,8.135593220338983,-8.135593220338983,0.5722760152405119,0.5791324490414752,0.5632083807384632,0.022281485605943903,0.28270105892538666
809,51.3,0.0,10.169491525423728,-10.169491525423728,0.5724032206164025,0.5727446997955034,0.5633236451340529,0.022450404524862824,0.28270105892538666
810,49.7,0.0,10.169491525423728,-10.169491525423728,0.5725620981705172,0.575183797631991,0.5634725959037126,0.02261932344378174,0.28270105892538666
811,47.4,0.0,11.1864406779661,-11.1864406779661,0.5727209736036666,0.5701416848079491,0.5636200455857217,0.022801442649079753,0.28270105892538666
812,43.7,0.0,11.1864406779661,-11.1864406779661,0.5728956643158567,0.5704338432183989,0.5637810717730936,0.022983561854377766,0.28270105892538666
813,39.7,0.0,10.677966101694915,-10.677966101694915,0.5730703524659836,0.5746429220723501,0.5639394452071754,0.023159147138658704,0.28270105892538666
814,35.5,0.0,10.677966101694915,-10.677966101694915,0.5732371311601984,0.5765430238827977,0.5640963553511004,0.02333473242293964,0.28270105892538666
815,31.1,0.0,11.1864406779661,-11.1864406779661,0.5734039075183099,0.5762739232746463,0.5642518321105716,0.023516851628237648,0.28270105892538666
816,26.3,0.0,11.694915254237287,-11.694915254237287,0.5735785882148241,0.5724198716162752,0.5644140552159267,0.023705376218401582,0.28270105892538666
817,21.9,0.0,11.694915254237287,-11.694915254237287,0.5737611697615522,0.5756249528437105,0.5645873132899668,0.023893900808565516,0.28270105892538666
818,18.0,0.0,11.694915254237287,-11.694915254237287,0.5739437485108464,0.5734770453285887,0.564759710859628,0.02408242539872945,0.28270105892538666
819,17.0,1.2085766651425087,11.694915254237287,-10.486338589094778,0.5741263244628347,0.5748207463832458,0.5649338288187812,0.02427094998889338,0.28270105892538666
820,18.0,6.378731481481478,12.203389830508474,-5.824658349026996,0.5742901079606687,0.5719488022808641,0.5650807719696173,0.024465755183698576,0.28270105892538666
821,21.4,10.915510753238836,11.694915254237287,-0.7794045009984512,0.5743812481026888,0.5768103038743546,0.5651607337242577,0.02465427977386251,0.28270105892538666
822,24.8,12.211359523853071,11.694915254237287,0.5164442696157838,0.5743934680261885,0.5761786829969926,0.5651620637627331,0.02484280436402644,0.28270105892538666
823,27.9,12.887595124999992,11.694915254237287,1.1926798707627047,0.5743853667617824,0.5759282670440045,0.5651458024803497,0.025031328954190375,0.28270105892538666
824,30.8,12.498599839353759,11.694915254237287,0.8036845851164713,0.5743666525872289,0.5771149207419438,0.5651164970398657,0.02521985354435431,0.28270105892538666
825,33.0,11.741390946502056,10.169491525423728,1.571899421078328,0.5743540440206419,0.5811434254040002,0.56508947906758,0.025388772463273226,0.28270105892538666
826,35.1,12.088728347222226,11.1864406779661,0.9022876692561255,0.5743293757657232,0.5772183600722027,0.5650520896094023,0.02557089166857124,0.28270105892538666
827,37.1,12.116894768880504,11.1864406779661,0.9304540909144041,0.5743152196679611,0.5744202714695638,0.5650262824441358,0.02575301087386925,0.28270105892538666
828,38.9,14.01006622258421,11.1864406779661,2.8236255446181104,0.5743006214823473,0.5736642038899361,0.5649996329145124,0.025935130079167264,0.28270105892538666
829,41.4,17.125431999999993,10.169491525423728,6.9559404745762645,0.574256287174506,0.5770968510959857,0.5649437195484037,0.02610404899808618,0.28270105892538666
830,44.0,17.735424401768014,10.169491525423728,7.565932876344286,0.5741468891053235,0.5777179360584391,0.5648260063196803,0.0262729679170051,0.28270105892538666
831,46.3,15.188719860406199,10.169491525423728,5.01922833498247,0.5740278672211447,0.5749556650564431,0.5646922146714255,0.02644188683592402,0.28270105892538666
832,47.7,10.191618560185194,10.169491525423728,0.022127034761465936,0.5739489881825773,0.5729024996190659,0.5646081185631331,0.02661080575484294,0.28270105892538666
833,48.2,7.532830733729623,10.169491525423728,-2.636660791694105,0.5739486411395365,0.57356350860697,0.5645930576463517,0.02677972467376186,0.28270105892538666
834,48.7,7.948345027758704,10.169491525423728,-2.221146497665024,0.5739899511178822,0.5726836244560402,0.5646260323531205,0.026948643592680777,0.28270105892538666
835,49.3,8.07603947803305,9.661016949152541,-1.5849774711194922,0.574024756635473,0.5748371059015911,0.5646473917039709,0.02711075963363641,0.28270105892538666
836,49.8,7.5428541893004315,10.169491525423728,-2.626637336123297,0.5740495995506398,0.5734452610535805,0.5646617872083021,0.02727967855255533,0.28270105892538666
837,50.2,8.269635675049532,10.169491525423728,-1.8998558503741965,0.5740907522988534,0.5717600155512005,0.5646929170624853,0.027448597471474247,0.28270105892538666
838,50.9,10.05838576305058,10.169491525423728,-0.11110576237314795,0.5741205267187526,0.5726264875235372,0.5647070932165803,0.027617516390393167,0.28270105892538666
839,51.8,10.285402157597929,9.661016949152541,0.6243852084453874,0.5741222691968986,0.5771270629827633,0.564694343587724,0.0277796324313488,0.28270105892538666
840,52.5,10.126178305041144,9.661016949152541,0.4651613558886023,0.5741124740574737,0.5740707456485217,0.5646706642513598,0.02794174847230443,0.28270105892538666
841,53.3,12.040414667028674,9.661016949152541,2.3793977178761327,0.5741051772240713,0.574037909085496,0.5646511348343731,0.02810386451326006,0.28270105892538666
842,54.5,13.78564017251566,9.152542372881356,4.633097799634303,0.5740678238396587,0.5748114949722954,0.564605180621796,0.028259036927053165,0.28270105892538666
843,55.7,12.732203208866785,8.135593220338983,4.596609988527803,0.573995024500864,0.5769923075527351,0.5645245452824212,0.028399881997475698,0.28270105892538666
844,56.5,9.69747423934992,8.135593220338983,1.5618810190109365,0.5739227990999379,0.5753700782994874,0.5644424993739876,0.028540727067898234,0.28270105892538666
845,56.8,7.577432915104386,8.135593220338983,-0.5581603052345967,0.5738982872682757,0.5737734628529101,0.56440608952046,0.02868157213832077,0.28270105892538666
846,57.0,7.250923868312775,8.64406779661017,-1.3931439282973948,0.573907039534866,0.5727716890859201,0.5644021009709351,0.028829655762014152,0.28270105892538666
847,57.2,8.393176700807832,10.169491525423728,-1.7763148246158966,0.5739288775375406,0.5704748683439841,0.5644104075922279,0.028998574680933073,0.28270105892538666
848,57.7,11.468691020557097,8.135593220338983,3.3330978002181144,0.5739567175789915,0.5772845382665504,0.56442678546818,0.029139419751355606,0.28270105892538666
849,58.7,15.134610789456607,8.135593220338983,6.999017569117624,0.5739043717522707,0.5734320461382723,0.5643661072284721,0.029280264821778142,0.28270105892538666
850,60.1,15.598219883382836,8.135593220338983,7.462626663043853,0.5737942909925525,0.5741283705815934,0.5642434878358382,0.02942110989220068,0.28270105892538666
851,61.1,12.79079887038945,7.627118644067796,5.163680226321654,0.5736768955981557,0.5749773436045004,0.5641140073578323,0.029556326238354524,0.28270105892538666
852,61.7,11.376153452350998,7.627118644067796,3.749034808283202,0.5735957393221205,0.576593574943417,0.5640199768554955,0.029691542584508374,0.28270105892538666
853,62.3,11.534378663942213,7.627118644067796,3.9072600198744176,0.5735368496566734,0.5739625213810255,0.5639488376937791,0.02982675893066222,0.28270105892538666
854,62.9,10.885086579237171,6.101694915254237,4.783391663982934,0.5734754704017994,0.577992400045367,0.5638744790675129,0.0299451799832938,0.28270105892538666
855,63.3,8.952013533436219,6.610169491525424,2.341844041910795,0.5734003011999828,0.5726373060961606,0.5637885671816584,0.03006954222819176,0.28270105892538666
856,63.4,7.751410780673699,6.101694915254237,1.649715865419462,0.5733635357112065,0.572869508317476,0.5637376153576896,0.030187963280823335,0.28270105892538666
857,63.5,11.44668042457326,5.59322033898305,5.853460085590211,0.5733376432819521,0.5751369291291464,0.5637066470105077,0.030300055672127683,0.28270105892538666
858,64.5,16.688575938785963,5.59322033898305,11.095355599802913,0.5732456177906523,0.5736634003904673,0.5636049974308355,0.03041214806343203,0.28270105892538666
859,65.8,17.139391845145507,5.084745762711864,12.054646082433642,0.573070811638315,0.5737538000486118,0.5634181579998021,0.030517485142083717,0.28270105892538666
860,66.8,14.48414132083532,5.59322033898305,8.89092098185227,0.5728808154801616,0.5722254196572164,0.5632150800310455,0.030629577533388064,0.28270105892538666
861,67.4,16.403507924401794,5.59322033898305,10.810287585418743,0.572740860107545,0.572033633982107,0.5630625882534339,0.030741669924692412,0.28270105892538666
862,68.8,24.399526714829953,5.084745762711864,19.314780952118088,0.5725705574331984,0.5738687368966141,0.5628791222166404,0.0308470070033441,0.28270105892538666
863,71.1,24.535789643518502,5.084745762711864,19.451043880806637,0.572265220328558,0.575363286790078,0.5625652724417278,0.030952344081995785,0.28270105892538666
864,72.3,16.70960098713996,5.084745762711864,11.624855224428096,0.5719577039374276,0.574986178179003,0.5622481337268338,0.03105768116064747,0.28270105892538666
865,72.8,14.070753652796855,0.0,14.070753652796855,0.5717744962145879,0.5770510850795076,0.5620527946503457,0.03105768116064747,0.28270105892538666
866,73.4,17.556595112330438,5.084745762711864,12.471849349618573,0.5715525179434374,0.57255870559189,0.5618203260069241,0.031163018239299158,0.28270105892538666
867,74.6,21.8171262289285,5.59322033898305,16.22390588994545,0.5713558874271721,0.5711097213581835,0.5616126383228974,0.03127511063060351,0.28270105892538666
868,76.0,19.459013183965823,8.64406779661017,10.814945387355653,0.5710997082691782,0.5674973155123137,0.5613431259929538,0.03142319425429689,0.28270105892538666
869,76.6,12.296541376009758,8.135593220338983,4.160948155670775,0.5709293080023875,0.5674708032441401,0.5611645415106608,0.03156403932471943,0.28270105892538666
870,76.5,7.841377893518589,5.084745762711864,2.756632130806725,0.570863922424283,0.5737313909177052,0.5610854050781341,0.03166937640337111,0.28270105892538666
871,76.2,6.304873711934122,5.59322033898305,0.7116533729510719,0.570820628523893,0.5713608015668433,0.5610312902033512,0.03178146879467546,0.28270105892538666
872,75.8,5.737053954580107,5.084745762711864,0.6523081918682427,0.5708094608385814,0.5736404865530855,0.5610088168175864,0.031886805873327144,0.28270105892538666
873,75.4,4.690300382868453,5.084745762711864,-0.3944453798434111,0.5707992246656388,0.5722372953194143,0.5609900455144611,0.03199214295197883,0.28270105892538666
874,74.8,2.178918470659939,5.59322033898305,-3.414301868323111,0.5708054118171385,0.5723942512151633,0.5609824126725447,0.03210423534328318,0.28270105892538666
875,73.9,0.0,5.59322033898305,-5.59322033898305,0.5708589032017222,0.5736067481548328,0.5610242663304156,0.03221632773458753,0.28270105892538666
876,72.7,0.0,5.59322033898305,-5.59322033898305,0.5709464553113437,0.573298081218989,0.5611082163075176,0.032328420125891884,0.28270105892538666
877,71.3,0.0,9.152542372881356,-9.152542372881356,0.5710340067744699,0.5675221912681577,0.5611864735364304,0.03248359253968498,0.28270105892538666
878,70.4,2.4942255924401846,5.59322033898305,-3.0989947465428656,0.5711770703583848,0.5731145027925191,0.5613170060020133,0.032595684930989334,0.28270105892538666
879,70.0,6.490610234720265,5.59322033898305,0.8973898957372146,0.5712256264262696,0.573976377142668,0.5613548327602165,0.032707777322293685,0.28270105892538666
880,70.0,3.789992950769744,5.084745762711864,-1.29475281194212,0.5712115434932865,0.5750870497827775,0.5613251601654056,0.03281311440094537,0.28270105892538666
881,69.0,0.0,5.084745762711864,-5.084745762711864,0.5712318446062217,0.5741267080871084,0.5613297947102036,0.03291845147959706,0.28270105892538666
882,68.0,3.4889785855814535,8.64406779661017,-5.1550892110287165,0.5713114509635828,0.5684979437099849,0.5613980804185678,0.03306653510329044,0.28270105892538666
883,68.0,7.861406569120562,8.64406779661017,-0.7826612274896076,0.5713921558204778,0.5685218433544011,0.5614683576712631,0.03321461872698382,0.28270105892538666
884,68.0,8.298649367474427,7.11864406779661,1.1800052996778172,0.5714044298939934,0.570087479066932,0.5614634902372302,0.03334456922203333,0.28270105892538666
885,68.1,9.634028414094642,5.084745762711864,4.549282651382778,0.5713859100081495,0.572243007002952,0.5614335170047008,0.03344990630068501,0.28270105892538666
886,68.4,10.145047185185192,3.559322033898305,6.585725151286887,0.5713144137491217,0.5755057642698782,0.5613507885166553,0.03353653996405135,0.28270105892538666
887,68.6,9.311811468983366,4.067796610169491,5.244014858813875,0.5712108276206985,0.5730395459225148,0.5612378208586813,0.03362999790797658,0.28270105892538666
888,68.7,7.56809648713996,8.135593220338983,-0.5674967331990226,0.5711283887990661,0.5687370033274102,0.5611463333442315,0.033770842978399114,0.28270105892538666
889,68.5,5.32447303907558,5.59322033898305,-0.2687472999074698,0.571137289520103,0.5702929615703635,0.561145822312743,0.033882935369703465,0.28270105892538666
890,68.1,2.6278555745884398,7.11864406779661,-4.49078849320817,0.5711415050998403,0.5692868387299895,0.5611401192875485,0.03401288586475298,0.28270105892538666
891,67.3,0.0,5.59322033898305,-5.59322033898305,0.5712118296038394,0.5703891377794971,0.5612032391178357,0.03412497825605733,0.28270105892538666
892,66.2,0.0,3.559322033898305,-3.559322033898305,0.5712993791074683,0.5727172738637673,0.5612838572891702,0.03421161191942366,0.28270105892538666
893,64.8,0.0,8.135593220338983,-8.135593220338983,0.571355136964948,0.5684247217088785,0.5613282750362251,0.034352456989846195,0.28270105892538666
894,63.6,0.0,8.135593220338983,-8.135593220338983,0.5714823522003221,0.5687518250674709,0.5614452380745909,0.03449330206026873,0.28270105892538666
895,62.6,0.7459530876390614,4.067796610169491,-3.32184352253043,0.5716095660735617,0.5737273042854091,0.5615604542408571,0.034586760004193966,0.28270105892538666
896,62.1,3.894678486111083,5.084745762711864,-1.1900672766007814,0.571661607301232,0.5725517993543706,0.561606593169832,0.03469209708284565,0.28270105892538666
897,61.9,5.856468806222351,5.084745762711864,0.7717230435104865,0.5716802670612839,0.5734789569602764,0.5616145866320938,0.03479743416149734,0.28270105892538666
898,61.9,6.254488353547465,6.101694915254237,0.15279343829322833,0.5716681573193286,0.5705174729474997,0.5615907735661713,0.03491585521412892,0.28270105892538666
899,61.8,5.044404230452678,8.135593220338983,-3.0911889898863043,0.5716657603010058,0.569482423765691,0.5615781516976697,0.035056700284551455,0.28270105892538666
900,61.5,3.0193183513374477,5.59322033898305,-2.5739019876456024,0.5717141922158148,0.571040017755283,0.5616124835926491,0.035168792675855806,0.28270105892538666
901,60.9,0.0,5.59322033898305,-5.59322033898305,0.5717545275413316,0.5713713715372354,0.5616364267218167,0.03528088506716016,0.28270105892538666
902,59.7,0.0,9.661016949152541,-9.661016949152541,0.5718420730380055,0.5681968077248393,0.5617148289039543,0.03544300110811579,0.28270105892538666
903,54.6,0.0,12.203389830508474,-12.203389830508474,0.5719930440719402,0.567120307241537,0.5618596975481007,0.03563780630292099,0.28270105892538666
904,49.3,0.0,5.59322033898305,-5.59322033898305,0.5721835512244915,0.5716832854293632,0.5620383515710659,0.03574989869422534,0.28270105892538666
905,44.9,0.0,5.084745762711864,-5.084745762711864,0.5722710935537717,0.5740989792531205,0.5621191749856295,0.035855235772877025,0.28270105892538666
906,42.3,0.0,5.084745762711864,-5.084745762711864,0.5723506929316113,0.5732024448942451,0.5621890050886127,0.03596057285152871,0.28270105892538666
907,41.4,0.8870060740740832,5.084745762711864,-4.197739688637781,0.5724302917749177,0.574689306240509,0.5622530144301738,0.0360659099301804,0.28270105892538666
908,41.3,5.395888048372963,6.610169491525424,-1.2142814431524611,0.5724960277037859,0.5711184057729499,0.5623083851663975,0.03619027217507836,0.28270105892538666
909,42.1,12.8382814163047,7.627118644067796,5.211162772236904,0.5725150656040088,0.5704232109991155,0.562322289220513,0.0363254885212322,0.28270105892538666
910,44.7,22.069999491255125,8.135593220338983,13.934406270916142,0.5724331534031296,0.5695716919570075,0.5622298523814083,0.036466333591654736,0.28270105892538666
911,48.4,25.31288725529642,5.084745762711864,20.228141492584555,0.572213350683903,0.5716384676512302,0.561999303153757,0.03657167067030642,0.28270105892538666
912,51.4,19.107800602347226,6.610169491525424,12.497631110821802,0.5718934456426571,0.5704425777988189,0.5616689116013495,0.03669603291520438,0.28270105892538666
913,52.7,13.903635443091769,5.084745762711864,8.818889680379904,0.5716964123444953,0.57238338028144,0.5614602987068767,0.03680136999385607,0.28270105892538666
914,54.0,20.226305555555534,3.559322033898305,16.66698352165723,0.5715575808455985,0.5750929069906564,0.5613133849831949,0.036888003657222404,0.28270105892538666
915,57.0,20.811880658436216,5.084745762711864,15.727134895724351,0.5712943625220853,0.5726242727098719,0.5610393294044936,0.03699334073587409,0.28270105892538666
916,58.1,14.190930302145297,5.084745762711864,9.106184539433432,0.5710460763181205,0.5721631324424208,0.5607779648271309,0.03709867781452578,0.28270105892538666
917,59.2,9.589486374638012,5.084745762711864,4.504740611926148,0.5709026975215467,0.57200404762174,0.560620827317685,0.03720401489317746,0.28270105892538666
918,59.0,5.749042371589686,5.084745762711864,0.6642966088778222,0.5708318996381143,0.5720500001345517,0.5605406195380711,0.03730935197182915,0.28270105892538666
919,59.1,8.046046577674902,5.084745762711864,2.961300814963038,0.5708214753100835,0.5714567406528757,0.5605222611161719,0.037414689050480836,0.28270105892538666
920,59.5,11.572776922820411,5.084745762711864,6.488031160108547,0.5707749630382489,0.5705268111435885,0.5604647300387557,0.03752002612913252,0.28270105892538666
921,60.5,17.288075271966882,10.677966101694915,6.610109170271967,0.5706729128457086,0.5663576297493946,0.5603519257837473,0.03769561141341346,0.28270105892538666
922,62.3,20.347393067234442,5.59322033898305,14.754172728251392,0.5705689364846076,0.5694952269385629,0.56023836254739,0.03780770380471781,0.28270105892538666
923,63.9,18.53717864351853,7.627118644067796,10.910059999450734,0.5703360880876197,0.5678048020423339,0.5599939589937576,0.03794292015087166,0.28270105892538666
924,65.1,8.105292801954702,7.627118644067796,0.4781741578869063,0.5701641713712033,0.5675020125692903,0.5598074153111167,0.0380781364970255,0.28270105892538666
925,64.1,0.0,4.067796610169491,-4.067796610169491,0.5701566678612697,0.5702989918016238,0.5597861077534039,0.03817159444095074,0.28270105892538666
926,62.7,0.0,0.0,0.0,0.5702203844170198,0.5742787883046744,0.5598405082739035,0.03817159444095074,0.28270105892538666
927,62.0,1.0898678174058256,0.0,1.0898678174058256,0.5702203844170198,0.5735939358761681,0.5598327128206584,0.03817159444095074,0.28270105892538666
928,61.3,2.2057160966887435,5.084745762711864,-2.8790296660231207,0.5702032781144522,0.5697356770948471,0.5598017160116516,0.038276931519602424,0.28270105892538666
929,60.9,3.3355229696502167,5.084745762711864,-1.7492227930616475,0.5702483953526014,0.5694940860433023,0.559831854179523,0.03838226859825411,0.28270105892538666
930,60.5,3.6724631320492516,4.067796610169491,-0.3953334781202398,0.5702758196147667,0.5706119080038005,0.5598473654038292,0.03847572654217934,0.28270105892538666
931,60.2,3.63186774333183,0.0,3.63186774333183,0.5702820209694005,0.572234308632519,0.5598428287271893,0.03847572654217934,0.28270105892538666
932,59.8,3.19374309343089,8.64406779661017,-5.450324703179279,0.5702249583726975,0.5668735463243935,0.5597724508840403,0.03862381016587272,0.28270105892538666
933,59.4,1.6155186666666825,11.694915254237287,-10.079396587570605,0.5703102830919283,0.5653928973645733,0.5598430413248187,0.038812334756036654,0.28270105892538666
934,58.6,0.0,2.0338983050847457,-2.0338983050847457,0.5704677863847978,0.571388889368094,0.5599865653226761,0.038872575719892076,0.28270105892538666
935,57.5,0.0,5.084745762711864,-5.084745762711864,0.5704996695781058,0.5698247658504104,0.5600103678671793,0.03897791279854376,0.28270105892538666
936,56.6,0.2587630190519821,5.084745762711864,-4.825982743659882,0.5705792808534355,0.5698187546186415,0.5600819394332547,0.03908324987719545,0.28270105892538666
937,56.0,1.657497789971043,0.0,1.657497789971043,0.5706548479489792,0.5721442705712158,0.5601472510684767,0.03908324987719545,0.28270105892538666
938,55.5,1.9677923739711822,0.0,1.9677923739711822,0.5706288273233779,0.5743016386822791,0.5601064795852474,0.03908324987719545,0.28270105892538666
939,55.0,1.5652072854747778,2.542372881355932,-0.9771655958811543,0.5705979315652777,0.5712903605511355,0.5600660342938876,0.039153474596296575,0.28270105892538666
940,54.4,2.2110520152416018,6.610169491525424,-4.399117476283822,0.5706132557939754,0.5689749128009719,0.5600749236286747,0.039277836841194534,0.28270105892538666
941,54.1,3.9201015740550273,0.0,3.9201015740550273,0.5706821503320135,0.5738113981171452,0.5601300269121765,0.039277836841194534,0.28270105892538666
942,54.0,4.601305555555536,4.576271186440678,0.02503436911485757,0.5706205540925,0.5702875041714341,0.5600607483084182,0.03937739436331843,0.28270105892538666
943,53.9,4.933391574093116,2.542372881355932,2.3910186927371835,0.5706201613393089,0.5711532022339753,0.5600493177934409,0.039447619082419554,0.28270105892538666
944,53.9,5.6265500103071275,0.0,5.6265500103071275,0.5705826142433363,0.5717427802923976,0.5600029084850237,0.039447619082419554,0.28270105892538666
945,54.0,6.337416666666673,2.0338983050847457,4.3035183615819275,0.5704941434481587,0.5708828472862294,0.5599046427991434,0.039507860046274976,0.28270105892538666
946,54.2,8.81249059655539,2.542372881355932,6.270117715199458,0.570426511141181,0.5706056397542089,0.5598243819248102,0.0395780847653761,0.28270105892538666
947,55.0,11.113818396585867,3.0508474576271185,8.062970938958749,0.5703278942161563,0.570197981137268,0.5597158660717036,0.03965703213379716,0.28270105892538666
948,55.8,9.891080444444452,4.576271186440678,5.314809258003773,0.5702009866067294,0.5693976129803027,0.5595780928038301,0.039756589655921055,0.28270105892538666
949,56.2,6.735524344459717,0.0,6.735524344459717,0.5701174253057462,0.5735756748563671,0.5594841392696877,0.039756589655921055,0.28270105892538666
950,56.1,1.6669155951646124,0.0,1.6669155951646124,0.570011465822179,0.5704897929586666,0.5593655105654318,0.039756589655921055,0.28270105892538666
951,55.1,0.0,3.559322033898305,-3.559322033898305,0.5699852958221404,0.5693857941902913,0.5593262934698252,0.03984322331928739,0.28270105892538666
952,52.7,0.0,0.0,0.0,0.5700410598696902,0.5706555504050822,0.5593676877267151,0.03984322331928739,0.28270105892538666
953,48.4,0.0,0.0,0.0,0.5700410598696902,0.5712545189782183,0.5593568746771151,0.03984322331928739,0.28270105892538666
954,43.1,0.0,7.11864406779661,-7.11864406779661,0.5700410598696902,0.5678427276331705,0.5593501271108708,0.0399731738143369,0.28270105892538666
955,37.8,0.0,3.0508474576271185,-3.0508474576271185,0.5701524302598036,0.5697105312128423,0.5594537028482242,0.04005212118275795,0.28270105892538666
956,32.5,0.0,0.0,0.0,0.5702002369939806,0.5751270287814344,0.5594855859296248,0.04005212118275795,0.28270105892538666
957,27.2,0.0,0.0,0.0,0.5702002369939806,0.572888012203223,0.559472702454343,0.04005212118275795,0.28270105892538666
958,25.1,0.0,3.0508474576271185,-3.0508474576271185,0.5702002369939806,0.5698007347024373,0.5594665942813823,0.040131068551179004,0.28270105892538666
959,26.0,8.973343126047862,5.084745762711864,3.8885973633359976,0.5702480435349999,0.5686670908811543,0.5595054779994904,0.04023640562983069,0.28270105892538666
960,29.3,18.456784474984754,5.084745762711864,13.37203871227289,0.5701869408355924,0.5686495932576002,0.5594337312551345,0.04034174270848238,0.28270105892538666
961,34.6,27.477701430879428,0.0,27.477701430879428,0.5699760164557797,0.5713470397720858,0.5592171938192395,0.04034174270848238,0.28270105892538666
962,40.4,31.22516310958694,0.0,31.22516310958694,0.5695400815109006,0.5708141406039868,0.5587731276049875,0.04034174270848238,0.28270105892538666
963,45.3,29.09082103343622,4.067796610169491,25.02302442326673,0.5690439061818777,0.5676761748440785,0.5582600798241042,0.04043520065240761,0.28270105892538666
964,49.0,22.820441167504967,2.0338983050847457,20.78654286242022,0.5686472838662981,0.5678347355498424,0.5578593749738655,0.04049544161626303,0.28270105892538666
965,51.1,15.037239281531011,0.0,15.037239281531011,0.568318371722244,0.5727635847250878,0.5575162934974919,0.04049544161626303,0.28270105892538666
966,52.1,8.686620840554028,0.0,8.686620840554028,0.5680809829190316,0.5707726397211658,0.5572712089987086,0.04049544161626303,0.28270105892538666
967,52.2,5.01675511111111,0.0,5.01675511111111,0.567944198766126,0.5686374536585251,0.5571246062637385,0.04049544161626303,0.28270105892538666
968,52.1,3.3265385360272766,6.610169491525424,-3.2836309554981473,0.5678653178669502,0.5646937361821206,0.5570272688552653,0.040619803861160986,0.28270105892538666
969,51.7,0.9519236988835472,0.0,0.9519236988835472,0.5679167775022215,0.5679520075545501,0.5570669125470324,0.040619803861160986,0.28270105892538666
970,50.9,0.0,0.0,0.0,0.5679018342415402,0.5681428115050783,0.5570378421021152,0.040619803861160986,0.28270105892538666
971,49.2,0.0,0.0,0.0,0.5679018342415402,0.5670779579546512,0.557025875295061,0.040619803861160986,0.28270105892538666
972,45.9,0.0,0.0,0.0,0.5679018342415402,0.5668546037659453,0.5570140166091131,0.040619803861160986,0.28270105892538666
973,40.6,0.0,0.0,0.0,0.5679018342415402,0.566723773010357,0.557001178909419,0.040619803861160986,0.28270105892538666
974,35.3,0.0,0.0,0.0,0.5679018342415402,0.5674613446077371,0.5569890202972138,0.040619803861160986,0.28270105892538666
975,30.0,0.0,0.0,0.0,0.5679018342415402,0.5676415689927433,0.5569747812687393,0.040619803861160986,0.28270105892538666
976,24.7,0.0,0.0,0.0,0.5679018342415402,0.5707043915332936,0.5569685952478177,0.040619803861160986,0.28270105892538666
977,19.3,0.0,0.0,0.0,0.5679018342415402,0.5672834931121571,0.5569600000597645,0.040619803861160986,0.28270105892538666
978,16.0,0.0,0.0,0.0,0.5679018342415402,0.5708483203022894,0.5569505435633592,0.040619803861160986,0.28270105892538666
979,13.2,0.0,0.0,0.0,0.5679018342415402,0.5760014472114484,0.5569453648806202,0.040619803861160986,0.28270105892538666
980,10.7,0.0,0.0,0.0,0.5679018342415402,0.5709501430346259,0.5569313202783728,0.040619803861160986,0.28270105892538666
981,8.8,0.0,0.0,0.0,0.5679018342415402,0.5695082358273708,0.5569203616505967,0.040619803861160986,0.28270105892538666
982,7.2,0.0,0.0,0.0,0.5679018342415402,0.569877772220284,0.5569078029771845,0.040619803861160986,0.28270105892538666
983,5.5,0.0,0.0,0.0,0.5679018342415402,0.5687229122681877,0.5568951485203344,0.040619803861160986,0.28270105892538666
984,3.2,0.0,0.0,0.0,0.5679018342415402,0.5678102394641875,0.5568845855715019,0.040619803861160986,0.28270105892538666
985,1.1,0.0,0.0,0.0,0.5679018342415402,0.5704628548478435,0.5568740158722807,0.040619803861160986,0.28270105892538666
986,0.0,0.0,13.728813559322033,-13.728813559322033,0.5679018342415402,0.561976562324138,0.5568612559924966,0.040832737615104205,0.28270105892538666
987,0.0,0.0,5.084745762711864,-5.084745762711864,0.568116099944076,0.5665507105195783,0.5570625886373198,0.04093807469375589,0.28270105892538666
988,0.0,0.0,5.084745762711864,-5.084745762711864,0.5681957272338776,0.5667577142469095,0.5571311567847783,0.04104341177240758,0.28270105892538666
989,0.0,0.0,0.0,0.0,0.5682753539885841,0.5699320391134028,0.5571965498930405,0.04104341177240758,0.28270105892538666
990,0.0,0.0,0.0,0.0,0.5682753539885841,0.5697234903308771,0.55718758566434,0.04104341177240758,0.28270105892538666
991,0.0,0.0,8.135593220338983,-8.135593220338983,0.5682753539885841,0.5655718511637315,0.5571791735997137,0.041184256842830114,0.28270105892538666
992,0.0,0.0,0.0,0.0,0.56840260220906,0.5694362422473669,0.557297051590258,0.041184256842830114,0.28270105892538666
993,0.0,0.0,0.0,0.0,0.56840260220906,0.56989619739584,0.5572832929095763,0.041184256842830114,0.28270105892538666
994,0.0,0.0,0.0,0.0,0.56840260220906,0.5700478312236258,0.5572701676435018,0.041184256842830114,0.28270105892538666
995,0.0,0.0,0.0,0.0,0.56840260220906,0.5699039100388534,0.5572608384257107,0.041184256842830114,0.28270105892538666
996,0.0,0.0,0.0,0.0,0.56840260220906,0.5705947830498918,0.5572475039548073,0.041184256842830114,0.28270105892538666
997,0.0,0.0,0.0,0.0,0.56840260220906,0.5707061016804068,0.5572330903065532,0.041184256842830114,0.28270105892538666
998,0.0,0.0,0.0,0.0,0.56840260220906,0.5715693619412209,0.5572210029504212,0.041184256842830114,0.28270105892538666
999,0.0,0.0,7.11864406779661,-7.11864406779661,0.56840260220906,0.5673760882645024,0.5572099655094747,0.041314207337879626,0.28270105892538666
1000,0.0,0.0,8.64406779661017,-8.64406779661017,0.5685139879738798,0.5664083422132736,0.557310693126972,0.041462290961573,0.28270105892538666
1001,0.0,0.0,7.627118644067796,-7.627118644067796,0.5686491593468198,0.5675621037144002,0.5574366288840092,0.04159750730772685,0.28270105892538666
1002,0.0,0.0,7.627118644067796,-7.627118644067796,0.5687684747693253,0.567638278816463,0.5575470343618508,0.0417327236538807,0.28270105892538666
1003,0.0,0.0,6.101694915254237,-6.101694915254237,0.5688877889928633,0.568937195303838,0.5576604975150192,0.04185114470651228,0.28270105892538666
1004,0.0,0.0,8.135593220338983,-8.135593220338983,0.5689832970294967,0.5670609908909883,0.5577448910919989,0.041991989776934815,0.28270105892538666
1005,0.0,0.0,4.067796610169491,-4.067796610169491,0.5691105376662496,0.5705601868642287,0.5578591893796728,0.04208544772086004,0.28270105892538666
1006,0.0,0.0,7.627118644067796,-7.627118644067796,0.5691742598513925,0.5678389826552922,0.5579162658977723,0.04222066406701389,0.28270105892538666
1007,0.0,0.0,9.661016949152541,-9.661016949152541,0.5692935699974885,0.5666401146883089,0.5580266014392844,0.042382780107969524,0.28270105892538666
1008,0.0,0.0,7.627118644067796,-7.627118644067796,0.5694445733818012,0.5680606349534253,0.5581641896157029,0.04251799645412337,0.28270105892538666
1009,0.0,0.0,13.728813559322033,-13.728813559322033,0.5695638808118656,0.5644612955905235,0.5582731206981042,0.04273093020806659,0.28270105892538666
1010,0.0,0.0,13.220338983050848,-13.220338983050848,0.5697781166672625,0.5651912334943093,0.5584744803923061,0.04293793657749334,0.28270105892538666
1011,0.0,0.0,6.610169491525424,-6.610169491525424,0.5699844553297426,0.5690341009420804,0.5586695414641466,0.0430622988223913,0.28270105892538666
1012,0.0,0.0,10.677966101694915,-10.677966101694915,0.5700878919854971,0.5667205190502226,0.5587580874015794,0.04323788410667223,0.28270105892538666
1013,0.0,0.0,6.101694915254237,-6.101694915254237,0.5702547124666505,0.569503002718155,0.5589221843053879,0.04335630515930382,0.28270105892538666
1014,0.0,0.0,0.0,0.0,0.5703502094963373,0.572877335142983,0.559001568804015,0.04335630515930382,0.28270105892538666
1015,0.0,0.0,5.59322033898305,-5.59322033898305,0.5703502094963373,0.5700152627741759,0.5589898753056393,0.04346839755060817,0.28270105892538666
1016,0.0,0.0,8.135593220338983,-8.135593220338983,0.5704377653624024,0.5680417404533585,0.5590640780533804,0.043609242621030705,0.28270105892538666
1017,0.0,0.0,5.084745762711864,-5.084745762711864,0.5705649904212302,0.570877857477255,0.5591788687850712,0.04371457969968239,0.28270105892538666
1018,0.0,0.0,0.0,0.0,0.5706446012577796,0.5769954781715809,0.5592444234829886,0.04371457969968239,0.28270105892538666
1019,0.0,0.0,5.084745762711864,-5.084745762711864,0.5706446012577796,0.5714699850399877,0.5592322223275242,0.04381991677833408,0.28270105892538666
1020,0.0,0.0,11.694915254237287,-11.694915254237287,0.5707242115595651,0.5668790606983035,0.5593007925579547,0.04400844136849801,0.28270105892538666
1021,0.0,0.0,8.64406779661017,-8.64406779661017,0.5709068368508916,0.5686357276446211,0.5594742364968677,0.044156524992191394,0.28270105892538666
1022,0.0,0.0,6.610169491525424,-6.610169491525424,0.5710419810100701,0.5705818701073143,0.5595997253460404,0.04428088723708935,0.28270105892538666
1023,0.0,0.0,6.101694915254237,-6.101694915254237,0.5711454084476455,0.5734912113381821,0.5596943261723168,0.04439930828972093,0.28270105892538666
1024,0.0,0.0,6.610169491525424,-6.610169491525424,0.5712408983064982,0.5718868723734744,0.5597787043448781,0.04452367053461889,0.28270105892538666
1025,0.0,0.0,8.135593220338983,-8.135593220338983,0.5713443240103457,0.5718278450940636,0.5598719297562715,0.04466451560504143,0.28270105892538666
1026,0.0,0.0,9.152542372881356,-9.152542372881356,0.571471539361499,0.5695485583383308,0.5599857420566895,0.044819688018834535,0.28270105892538666
1027,0.8,0.23969044292028654,8.64406779661017,-8.404377353689883,0.5716145976811916,0.5702153178455968,0.5601195173666296,0.044967771642527916,0.28270105892538666
1028,3.6,2.0512846666666666,11.694915254237287,-9.64363058757062,0.5717459990469576,0.5693405944639565,0.5602435461516274,0.04515629623269185,0.28270105892538666
1029,8.6,6.675225597927145,8.135593220338983,-1.4603676224118374,0.5718967006369561,0.5730351138863891,0.5603844594662747,0.04529714130311439,0.28270105892538666
1030,14.6,11.728744061575979,8.64406779661017,3.0846762649658093,0.5719195956752555,0.5727002382186877,0.560395514056438,0.04544522492680777,0.28270105892538666
1031,20.0,14.047532769394902,8.64406779661017,5.403464972784732,0.5718711477080275,0.5718309847156058,0.5603335913726484,0.04559330855050115,0.28270105892538666
1032,24.4,14.676652083828682,9.152542372881356,5.524109710947325,0.5717862015796776,0.5715919711571354,0.5602364495086042,0.04574848096429425,0.28270105892538666
1033,28.2,15.388298238683134,10.169491525423728,5.218806713259406,0.5716993540024656,0.570361415910823,0.5601377537026438,0.045917399883213174,0.28270105892538666
1034,31.7,16.347278778139763,8.64406779661017,7.703210981529594,0.5716173157059254,0.5709452054204354,0.5600513787870989,0.046065483506906556,0.28270105892538666
1035,35.0,16.102693949093126,8.135593220338983,7.9671007287541435,0.5714961014404769,0.5734819758282499,0.5599151013323834,0.046206328577329085,0.28270105892538666
1036,37.6,14.470542555707985,7.627118644067796,6.843423911640189,0.5713707201145468,0.574902904076375,0.5597759272356627,0.046341544923482934,0.28270105892538666
1037,39.7,13.30273535183279,7.627118644067796,5.675616707764995,0.5712630700387575,0.5728932652001285,0.5596569197776764,0.046476761269636784,0.28270105892538666
1038,41.5,13.968170184137312,8.135593220338983,5.83257696379833,0.5711738311381219,0.571020863251144,0.5595582854656392,0.04661760634005932,0.28270105892538666
1039,43.6,16.437105669562566,6.610169491525424,9.826936178037142,0.5710821178434805,0.5738464583715239,0.5594537505844707,0.04674196858495728,0.28270105892538666
1040,46.0,18.330825598231964,7.627118644067796,10.703706954164169,0.5709273461577583,0.5708681457746297,0.5592882551384032,0.04687718493111112,0.28270105892538666
1041,48.4,18.466179436366406,6.610169491525424,11.856009944840983,0.5707587036568461,0.5722273890760698,0.5591085000598275,0.04700154717600908,0.28270105892538666
1042,50.5,16.12793214401388,13.220338983050848,2.9075931609630317,0.5705718163084096,0.5659071023629046,0.5589145123081024,0.047208553545435836,0.28270105892538666
1043,51.9,11.979380639403297,12.203389830508474,-0.2240091911051767,0.5705261476199668,0.5662984766088458,0.5588592617775748,0.047403358740241035,0.28270105892538666
1044,52.6,8.121822253924707,8.135593220338983,-0.013770966414275776,0.5705296616806872,0.568859318581522,0.5588530762277332,0.04754420381066357,0.28270105892538666
1045,52.8,6.127096329218092,6.101694915254237,0.025401413963854758,0.5705298777256349,0.5733243746550598,0.5588434401849282,0.04766262486329515,0.28270105892538666
1046,52.9,6.144442628238841,6.610169491525424,-0.46572686328658275,0.5705294792109191,0.5720902849991563,0.5588310229347551,0.04778698710819311,0.28270105892538666
1047,53.1,6.5206682546296255,9.661016949152541,-3.140348694522916,0.5705367844216761,0.5684129500094466,0.5588254886812231,0.04794910314914874,0.28270105892538666
1048,53.3,5.1859907987158955,8.135593220338983,-2.949602421623087,0.5705859902908933,0.5697079664309674,0.5588606970176975,0.04808994821957128,0.28270105892538666
1049,53.1,1.7405756620370494,10.677966101694915,-8.937390439657866,0.5706322106824712,0.5678693663626597,0.5588939438520052,0.04826553350385221,0.28270105892538666
1050,52.3,0.0,6.610169491525424,-6.610169491525424,0.5707719278000456,0.5716774095085895,0.5590268658550407,0.04838989574875017,0.28270105892538666
1051,50.7,0.0,9.152542372881356,-9.152542372881356,0.5708753575914495,0.5690216544365038,0.5591181389533165,0.048545068162543274,0.28270105892538666
1052,48.8,0.0,6.610169491525424,-6.610169491525424,0.5710184230842652,0.5729097507518106,0.5592525090658025,0.04866943040744123,0.28270105892538666
1053,46.5,0.0,6.101694915254237,-6.101694915254237,0.5711218507271711,0.5753990609974454,0.559348129519522,0.04878785146007281,0.28270105892538666
1054,43.8,0.0,6.610169491525424,-6.610169491525424,0.571217340775669,0.5739516502798554,0.5594350101811716,0.04891221370497077,0.28270105892538666
1055,40.3,0.0,7.11864406779661,-7.11864406779661,0.5713207666848368,0.5734843611190961,0.5595282378083276,0.049042164200020284,0.28270105892538666
1056,36.0,0.0,8.135593220338983,-8.135593220338983,0.571432125069578,0.5716594394798085,0.5596299965097413,0.049183009270442814,0.28270105892538666
1057,30.7,0.0,11.1864406779661,-11.1864406779661,0.5715593394806121,0.5692477357036578,0.5597459861452883,0.04936512847574083,0.28270105892538666
1058,25.4,0.0,10.677966101694915,-10.677966101694915,0.5717340472315593,0.5697107325209578,0.5599075249397204,0.04954071376002177,0.28270105892538666
1059,21.0,0.0,12.203389830508474,-12.203389830508474,0.5719008446460275,0.5688738621229933,0.5600638462428423,0.04973551895482697,0.28270105892538666
1060,16.7,0.0,9.661016949152541,-9.661016949152541,0.5720913532721803,0.5705724310379128,0.5602503613513806,0.0498976349957826,0.28270105892538666
1061,13.4,0.0,8.135593220338983,-8.135593220338983,0.5722423211425243,0.5734509136508678,0.5603835164011091,0.050038480066205135,0.28270105892538666
1062,12.0,0.0,8.135593220338983,-8.135593220338983,0.5723695268791376,0.5720568364030914,0.5604996645276661,0.050179325136627664,0.28270105892538666
1063,12.1,1.464932668019358,8.135593220338983,-6.6706605523196245,0.5724967312539209,0.5735591389938985,0.5606156953860805,0.0503201702070502,0.28270105892538666
1064,12.8,3.7741941191891484,8.135593220338983,-4.361399101149834,0.5726010898873787,0.5754090786696233,0.5607122229440252,0.05046101527747274,0.28270105892538666
1065,15.6,8.223649028806582,8.64406779661017,-0.42041876780358756,0.5726693832790836,0.5751423149862219,0.5607674180542984,0.05060909890116612,0.28270105892538666
1066,19.9,11.41732335697683,10.677966101694915,0.7393572552819148,0.5726759767288028,0.573488601755944,0.5607616824047432,0.05078468418544706,0.28270105892538666
1067,23.4,8.79746014814815,10.677966101694915,-1.8805059535467645,0.5726643759939773,0.5742768708732195,0.5607371014998179,0.05096026946972799,0.28270105892538666
1068,24.6,4.675971374485601,11.1864406779661,-6.510469303480499,0.5726938509456065,0.5718646398961481,0.5607564487867553,0.051142388675026004,0.28270105892538666
1069,25.2,4.797751777777773,8.135593220338983,-3.33784144256121,0.5727957082403838,0.5760048070885838,0.560846912036268,0.05128323374544854,0.28270105892538666
1070,26.4,8.098558337448559,12.711864406779661,-4.613306069331102,0.5728479945254823,0.5704604881965065,0.5608915291743544,0.05148419837567362,0.28270105892538666
1071,28.8,12.207304888888894,11.1864406779661,1.0208642109227934,0.5729202237076925,0.5722340792737579,0.56095218957645,0.051666317580971635,0.28270105892538666
1072,31.8,15.787495176954732,9.661016949152541,6.12647822780219,0.5729042045775938,0.5732541586943182,0.560924577830617,0.05182843362192727,0.28270105892538666
1073,35.3,20.33401023287226,8.135593220338983,12.198417012533277,0.5728078727063842,0.5763880331748281,0.5608177548545592,0.0519692786923498,0.28270105892538666
1074,39.5,26.690585088496412,9.152542372881356,17.538042715615056,0.572615595036268,0.5719742147638872,0.5606188130288277,0.05212445110614291,0.28270105892538666
1075,44.5,31.9778890198712,13.728813559322033,18.249075460549165,0.5723385472228996,0.5685657449732554,0.5603309409231263,0.05233738486008613,0.28270105892538666
1076,49.3,32.48511869614005,7.11864406779661,25.36647462834344,0.5720501768794272,0.5748605837309319,0.5600319479529995,0.05246733535513563,0.28270105892538666
1077,53.3,29.51919553122619,7.11864406779661,22.400551463429583,0.5716481585183781,0.5733302108025559,0.5596187604628163,0.05259728585018514,0.28270105892538666
1078,56.4,25.993216156378622,8.135593220338983,17.85762293603964,0.5712935648862683,0.570652703056446,0.5592565561772764,0.052738130920607675,0.28270105892538666
1079,58.9,24.28990887995352,8.135593220338983,16.154315659614536,0.571011399904505,0.5702740465949019,0.5589643222965697,0.05287897599103021,0.28270105892538666
1080,61.2,21.08330807407409,6.610169491525424,14.473138582548666,0.5707563192672943,0.5719708255838034,0.558694570426595,0.05300333823592817,0.28270105892538666
1081,62.6,14.029132099984759,6.101694915254237,7.927437184730522,0.5705279358318892,0.5716270946595833,0.5584581632632926,0.05312175928855975,0.28270105892538666
1082,63.0,6.4545185185185066,5.084745762711864,1.3697727558066424,0.5704031704001885,0.5734375119925388,0.5583209027711794,0.053227096367211436,0.28270105892538666
1083,62.5,0.0,8.135593220338983,-8.135593220338983,0.5703816687072114,0.5690222550441943,0.5582838995762952,0.05336794143763397,0.28270105892538666
1084,60.9,0.0,11.694915254237287,-11.694915254237287,0.5705088943667859,0.567115903586978,0.5584022665067342,0.05355646602779791,0.28270105892538666
1085,59.3,0.0,6.610169491525424,-6.610169491525424,0.570691522958791,0.5705646337260631,0.5585744340427924,0.05368082827269587,0.28270105892538666
1086,58.6,3.4209563554336446,6.610169491525424,-3.1892131360917793,0.5707949534510375,0.5705061018133576,0.5586640108280483,0.05380519051759383,0.28270105892538666
1087,58.6,6.435359647614704,6.101694915254237,0.3336647323604671,0.5708449229131383,0.571063860673915,0.5587037576443803,0.05392361157022541,0.28270105892538666
1088,58.7,6.83085564542369,0.0,6.83085564542369,0.5708396876492929,0.5756882944846853,0.5586897311108173,0.05392361157022541,0.28270105892538666
1089,58.8,6.47150097942383,3.0508474576271185,3.4206535217967113,0.570732230960254,0.5727481829237311,0.5585756290357426,0.054002558938646465,0.28270105892538666
1090,58.8,6.093414559670781,5.084745762711864,1.0086687969589168,0.5706784934858832,0.5713583908980995,0.5585051593218738,0.05410789601729815,0.28270105892538666
1091,58.8,7.2276738189300715,7.11864406779661,0.1090297511334617,0.5706626627917124,0.570066069253163,0.5584787454028003,0.05423784651234766,0.28270105892538666
1092,59.1,11.086170034465015,0.0,11.086170034465015,0.5706609522207772,0.5736114399401984,0.5584664248087589,0.05423784651234766,0.28270105892538666
1093,60.1,16.371110829884913,0.0,16.371110829884913,0.5704862528467922,0.575037771073573,0.5582867583845276,0.05423784651234766,0.28270105892538666
1094,61.7,18.120623616960092,4.576271186440678,13.544352430519414,0.5702277145161303,0.5712215287831592,0.5580210643792891,0.054337404034471556,0.28270105892538666
1095,63.0,14.961462962962985,2.542372881355932,12.419090081607052,0.5700140579645656,0.571815562302986,0.5577974890622253,0.05440762875357268,0.28270105892538666
1096,63.7,10.680186943053652,2.542372881355932,8.13781406169772,0.5698182376520382,0.5715729743893736,0.5575949968728975,0.05447785347267381,0.28270105892538666
1097,63.9,6.210789754629606,9.152542372881356,-2.9417526182517504,0.5696901426177358,0.5672057584470306,0.5574501676451971,0.05463302588646691,0.28270105892538666
1098,63.5,0.42237486901765137,9.152542372881356,-8.730167503863704,0.5697362436369616,0.5674071689983675,0.5574846305917351,0.054788198300260015,0.28270105892538666
1099,62.3,0.0,6.610169491525424,-6.610169491525424,0.5698727427125708,0.5690880182555661,0.5576088355362161,0.05491256054515797,0.28270105892538666
1100,60.3,0.0,3.559322033898305,-3.559322033898305,0.5699761803421912,0.5707718164630772,0.5577029439628061,0.05499919420852431,0.28270105892538666
1101,58.9,0.0,5.59322033898305,-5.59322033898305,0.5700319444326848,0.5698017169893316,0.5577425848641058,0.05511128659982866,0.28270105892538666
1102,58.4,5.648333932632209,10.169491525423728,-4.5211575927915195,0.5701195026491387,0.5670251609860325,0.5578170326418315,0.05528020551874758,0.28270105892538666
1103,58.8,12.898970115226335,5.084745762711864,7.814224352514471,0.5701903079803589,0.570248341248676,0.557879383629654,0.055385542597399265,0.28270105892538666
1104,60.2,19.88958379271451,3.0508474576271185,16.838736335087393,0.5700673264056848,0.5709784780510792,0.5577411683993451,0.05546448996582032,0.28270105892538666
1105,62.3,21.549167758592453,4.067796610169491,17.481371148422962,0.5698013430041234,0.5702649834397147,0.5574649434923129,0.05555794790974555,0.28270105892538666
1106,63.9,16.071900865740787,2.0338983050847457,14.038002560656041,0.5695251300211833,0.5712403801658996,0.5571810927530783,0.05561818887360097,0.28270105892538666
1107,64.5,9.22329816100824,5.084745762711864,4.138552398296375,0.5693036286819161,0.5689557085938063,0.5569460293775268,0.055723525952252655,0.28270105892538666
1108,64.4,2.9890542481328946,3.559322033898305,-0.5702677857654104,0.5692385866294217,0.5697790386772694,0.556871181886554,0.05581015961561899,0.28270105892538666
1109,63.5,0.0,5.084745762711864,-5.084745762711864,0.5692475322337422,0.5692566593799587,0.5568702294901414,0.05591549669427068,0.28270105892538666
1110,62.0,0.0,6.101694915254237,-6.101694915254237,0.5693271519209964,0.5687050870675318,0.5569329055057589,0.056033917746902265,0.28270105892538666
1111,61.2,3.7684932592592317,8.135593220338983,-4.3670999610797505,0.5694226564194496,0.567677695246265,0.5570182942824121,0.056174762817324794,0.28270105892538666
1112,61.3,12.059754162532393,7.627118644067796,4.432635518464597,0.5694910572753673,0.5684778319243952,0.557073516827298,0.05630997916347864,0.28270105892538666
1113,62.6,22.884584774881926,0.0,22.884584774881926,0.5694213862697811,0.5721702603697734,0.556994538524596,0.05630997916347864,0.28270105892538666
1114,65.3,29.981529968811923,7.11864406779661,22.862885901015314,0.5690589890416488,0.5687924292657602,0.5566170868436734,0.05643992965852815,0.28270105892538666
1115,68.0,25.78836130163085,2.542372881355932,23.24598842027492,0.5686969273301233,0.5711641506653191,0.5562490988542351,0.056510154377629275,0.28270105892538666
1116,69.4,15.746510725803983,2.542372881355932,13.20413784444805,0.5683287293592513,0.5711611035037051,0.5558716915217679,0.0565803790967304,0.28270105892538666
1117,69.7,7.7773178449740765,3.0508474576271185,4.726470387346958,0.5681204343973876,0.571192042482189,0.5556577579593979,0.05665932646515146,0.28270105892538666
1118,69.3,1.0090896342592282,5.084745762711864,-4.075656128452636,0.5680461275566213,0.5707300905817669,0.5555757043739907,0.05676466354380315,0.28270105892538666
1119,68.1,0.0,10.677966101694915,-10.677966101694915,0.5681099784020465,0.5667232660814796,0.555628404460894,0.05694024882808408,0.28270105892538666
1120,66.9,0.0,8.135593220338983,-8.135593220338983,0.5682768266070396,0.5692936835327083,0.5557852722112008,0.057081093898506616,0.28270105892538666
1121,66.2,2.3810712275567387,8.135593220338983,-5.754521992782244,0.5684040748117395,0.5699689667350621,0.5559011151535309,0.05722193896892915,0.28270105892538666
1122,65.7,1.896138837962969,15.254237288135592,-13.358098450172623,0.5684941647135053,0.565340663282553,0.5559746038314508,0.05745349191737003,0.28270105892538666
1123,64.9,0.0,12.203389830508474,-12.203389830508474,0.5687026646486835,0.5678036274035682,0.5561675003983652,0.05764829711217523,0.28270105892538666
1124,63.2,0.0,15.762711864406779,-15.762711864406779,0.5688932244046322,0.5654349910638515,0.5563494456655592,0.057888458252553295,0.28270105892538666
1125,60.3,0.0,10.677966101694915,-10.677966101694915,0.569139016717056,0.569989586068773,0.5565846522012908,0.058064043536834226,0.28270105892538666
1126,55.8,0.0,8.135593220338983,-8.135593220338983,0.5693058504971732,0.5729111782113838,0.556740729173409,0.05820488860725676,0.28270105892538666
1127,50.5,0.0,12.203389830508474,-12.203389830508474,0.5694330876789241,0.570447479638661,0.5568608862876323,0.05839969380206196,0.28270105892538666
1128,45.2,0.0,14.745762711864407,-14.745762711864407,0.5696236357550809,0.5706405493132148,0.5570438021233569,0.05862415200639633,0.28270105892538666
1129,40.1,0.0,15.254237288135592,-15.254237288135592,0.5698536480401564,0.5690483952812317,0.5572602397212377,0.05885570495483721,0.28270105892538666
1130,36.2,0.0,15.254237288135592,-15.254237288135592,0.570091539807323,0.570129380981444,0.5574942543046727,0.05908725790327809,0.28270105892538666
1131,32.9,0.0,15.254237288135592,-15.254237288135592,0.5703294268371932,0.5710988884930518,0.5577198170607881,0.059318810851718966,0.28270105892538666
1132,29.8,0.0,18.813559322033896,-18.813559322033896,0.570567309130049,0.5681913814879879,0.5579431555142221,0.05961199627168727,0.28270105892538666
1133,26.6,0.0,15.254237288135592,-15.254237288135592,0.5708602836601812,0.5726369007961694,0.5582231294440613,0.05984354922012815,0.28270105892538666
1134,23.0,0.0,17.796610169491526,-17.796610169491526,0.571098155382828,0.5722217001543808,0.5584548305766638,0.06011879300748266,0.28270105892538666
1135,19.4,0.0,19.322033898305083,-19.322033898305083,0.5713753911524161,0.5713483022678442,0.5587223557346713,0.06042105199571046,0.28270105892538666
1136,16.3,0.0,19.83050847457627,-19.83050847457627,0.5716762039890297,0.5703431537648531,0.559011091692164,0.060732454103663194,0.28270105892538666
1137,14.6,0.0,19.322033898305083,-19.322033898305083,0.5719848640592297,0.5714299025587108,0.5593105176181393,0.061034713091891,0.28270105892538666
1138,14.2,0.7228583910989188,19.83050847457627,-19.107650083477353,0.5722856615996383,0.5694191236549913,0.5596032241750448,0.06134611519984373,0.28270105892538666
1139,14.3,1.3720145761507392,20.338983050847457,-18.966968474696717,0.5725831390859282,0.5688478106945156,0.5598877034022153,0.06166796907818296,0.28270105892538666
1140,14.6,1.7776123743331809,19.322033898305083,-17.544421523971902,0.5728784352311714,0.5725573935882877,0.5601700375682893,0.06197022806641077,0.28270105892538666
1141,15.1,2.811728396757354,19.83050847457627,-17.018780077818917,0.5731517286653219,0.5713117841001651,0.5604370137989086,0.0622816301743635,0.28270105892538666
1142,16.4,5.380653040999849,19.83050847457627,-14.44985543357642,0.5734168824319101,0.5704088789229719,0.5606877394838217,0.06259303228231623,0.28270105892538666
1143,19.1,8.864381610444294,19.322033898305083,-10.457652287860789,0.5736422335378,0.5735972344371252,0.5609032694904402,0.06289529127054404,0.28270105892538666
1144,22.5,9.317607060185177,19.83050847457627,-10.512901414391093,0.5738055774773071,0.5730999033344619,0.5610533262340883,0.06320669337849677,0.28270105892538666
1145,24.4,5.419964841030333,18.813559322033896,-13.393594481003564,0.57396977856033,0.5768858173627184,0.561208075956541,0.06349987879846507,0.28270105892538666
1146,24.8,0.0,18.813559322033896,-18.813559322033896,0.5741787336939888,0.577184364771368,0.5614010897022448,0.06379306421843337,0.28270105892538666
1147,22.7,0.0,19.83050847457627,-19.83050847457627,0.5744716199297414,0.5733618291888762,0.5616826278320458,0.0641044663263861,0.28270105892538666
1148,17.4,0.0,19.322033898305083,-19.322033898305083,0.5747802080550766,0.5754124522681702,0.5619824116362881,0.0644067253146139,0.28270105892538666
1149,13.8,0.0,18.813559322033896,-18.813559322033896,0.5750809354593033,0.5782748237635525,0.5622708657121235,0.06469991073458221,0.28270105892538666
1150,12.0,0.0,19.83050847457627,-19.83050847457627,0.5753737996457063,0.5727334825052781,0.5625508119816028,0.06501131284253495,0.28270105892538666
1151,12.0,0.8352448559670781,20.338983050847457,-19.503738194880377,0.575682364558989,0.57235485305669,0.5628453437070585,0.06533316672087419,0.28270105892538666
1152,12.0,2.3012942386831283,20.338983050847457,-18.03768881216433,0.5759858756864003,0.5753023430187814,0.5631388103102252,0.06565502059921342,0.28270105892538666
1153,13.9,7.052191055879439,19.322033898305083,-12.269842842425643,0.5762667258889737,0.5829670680746792,0.5634030058808825,0.06595727958744123,0.28270105892538666
1154,18.8,14.88807887913428,20.338983050847457,-5.4509041717131765,0.576458196791936,0.5780067740023104,0.5635816803309028,0.06627913346578047,0.28270105892538666
1155,25.1,19.625667615245394,20.338983050847457,-0.7133154356020626,0.5765434857181305,0.5789972358822675,0.5636543734080738,0.06660098734411972,0.28270105892538666
1156,29.8,18.97240468465172,19.83050847457627,-0.8581037899245487,0.5765546677094402,0.5814198116270759,0.5636553350316766,0.06691238945207245,0.28270105892538666
1157,33.8,20.9553303880506,19.83050847457627,1.1248219134743316,0.5765681186271013,0.579220578255484,0.5636570357527845,0.06722379156002517,0.28270105892538666
1158,38.2,26.755047225118137,19.83050847457627,6.924538750541867,0.5765504729451096,0.5783552374091417,0.5636264291700925,0.0675351936679779,0.28270105892538666
1159,43.4,33.65590608626731,20.338983050847457,13.316923035419851,0.5764415913870827,0.5756667811921771,0.5635041061106754,0.06785704754631715,0.28270105892538666
1160,48.9,37.23268731121397,20.338983050847457,16.893704260366516,0.5762316535138035,0.573613316584921,0.5632846079644904,0.0681789014246564,0.28270105892538666
1161,53.8,36.052547839658565,19.322033898305083,16.730513941353482,0.5759649370808004,0.5771038154378949,0.5630055595836245,0.0684811604128842,0.28270105892538666
1162,57.8,34.53811839902454,17.796610169491526,16.741508229533014,0.5757008085598913,0.5800653902136359,0.5627290483603093,0.06875640420023871,0.28270105892538666
1163,61.5,35.050568351337446,17.796610169491526,17.25395818184592,0.5754364992962963,0.5785137376989676,0.5624536435301,0.06903164798759322,0.28270105892538666
1164,65.0,36.08698750190521,17.796610169491526,18.290377332413687,0.5751640366902678,0.5754289193391218,0.5621731023153942,0.06930689177494773,0.28270105892538666
1165,68.4,36.973750888888866,17.28813559322034,19.685615295668526,0.5748750790213265,0.5770943984159285,0.5618711014860152,0.06957326595232159,0.28270105892538666
1166,71.6,29.82509518640452,17.28813559322034,12.536959593184182,0.574563894209729,0.5753069766494681,0.5615496221381611,0.06983964012969546,0.28270105892538666
1167,73.0,21.641557079713518,17.28813559322034,4.353421486493179,0.5743662828814734,0.5739163572422457,0.5613451160147575,0.07010601430706932,0.28270105892538666
1168,74.3,24.561819480128797,17.28813559322034,7.273683886908458,0.5742978874640464,0.575514911221889,0.5612631361996541,0.07037238848444317,0.28270105892538666
1169,76.2,27.373546551440334,17.28813559322034,10.085410958219995,0.5741834779492643,0.5747538685876552,0.561136224835646,0.07063876266181704,0.28270105892538666
1170,77.9,26.691106375190472,17.28813559322034,9.402970781970133,0.5740246608510425,0.5727989167195733,0.560966277006428,0.0709051368391909,0.28270105892538666
1171,79.5,26.422541345164603,16.271186440677965,10.151354904486638,0.5738766290124225,0.5745522140290892,0.5608051928666408,0.0711539704317259,0.28270105892538666
1172,81.0,25.558833333333347,16.271186440677965,9.287646892655381,0.5737167650402593,0.5728314636116525,0.5606328510643441,0.07140280402426089,0.28270105892538666
1173,82.3,24.56087440773126,16.271186440677965,8.289687967053293,0.5735705517103658,0.5759007414860112,0.5604815081314503,0.07165163761679588,0.28270105892538666
1174,83.5,24.015775551078278,16.271186440677965,7.744589110400312,0.5734400998388559,0.5722846050212647,0.5603412752528738,0.07190047120933088,0.28270105892538666
1175,84.6,22.860848740740767,16.271186440677965,6.589662300062802,0.5733182513684284,0.5721385157564642,0.5602063893410243,0.07214930480186586,0.28270105892538666
1176,85.5,21.589156828703757,15.762711864406779,5.826444964296979,0.5732146208334795,0.5743222197413453,0.5600887034272309,0.07238946594224394,0.28270105892538666
1177,86.3,21.358049596726833,16.779661016949152,4.57838857977768,0.5731230200961253,0.5704052922128948,0.5599840927750901,0.07264703696940596,0.28270105892538666
1178,87.1,22.800227121037185,15.762711864406779,7.037515256630407,0.5730510761961954,0.5728404269932168,0.5598976712529786,0.07288719810978403,0.28270105892538666
1179,88.1,24.35347452368156,15.254237288135592,9.099237235545967,0.5729403801860787,0.5732750024811113,0.559776889901582,0.0731187510582249,0.28270105892538666
1180,89.1,24.792036958333288,15.254237288135592,9.537799670197696,0.5727971343334214,0.5739331510895378,0.5596274669245715,0.07335030400666578,0.28270105892538666
1181,90.1,24.656742499981032,16.271186440677965,8.385556059303067,0.572646955977813,0.5700102187502933,0.5594690368231525,0.07359913759920077,0.28270105892538666
1182,91.0,23.299945968602387,15.254237288135592,8.045708680466795,0.5725149799781172,0.5743206785168271,0.5593301784878628,0.07383069054764166,0.28270105892538666
1183,91.7,21.830701994874936,14.745762711864407,7.084939283010529,0.5723883685608293,0.5765468815886061,0.5591942039133352,0.07405514875197602,0.28270105892538666
1184,92.3,20.8911967537913,15.762711864406779,5.12848488938452,0.572276918182579,0.5697505977053536,0.5590731307613711,0.07429530989235408,0.28270105892538666
1185,92.8,19.302440240207265,14.745762711864407,4.556677528342858,0.5721963066028537,0.5742826629824631,0.5589845095273124,0.07451976809668845,0.28270105892538666
1186,93.1,16.42497485423332,14.745762711864407,1.6792121423689128,0.5721246988479398,0.5715712955032308,0.5589022237117817,0.07474422630102281,0.28270105892538666
1187,93.1,14.629064360406185,14.745762711864407,-0.11669835145822205,0.5720983403922868,0.5730867534863616,0.5588643096499457,0.0749686845053572,0.28270105892538666
1188,93.1,14.629064360406185,14.745762711864407,-0.11669835145822205,0.5721001708887233,0.5757175901471498,0.5588519251496714,0.07519314270969156,0.28270105892538666
1189,93.1,14.629064360406185,15.254237288135592,-0.6251729277294071,0.5721020013848761,0.5702000817656024,0.5588436438920624,0.07542469565813244,0.28270105892538666
1190,93.1,14.629064360406185,14.745762711864407,-0.11669835145822205,0.572111805676194,0.5721003132622718,0.5588434855866057,0.0756491538624668,0.28270105892538666
1191,93.1,14.629064360406185,15.254237288135592,-0.6251729277294071,0.5721136361705429,0.5699169922288065,0.5588368820779718,0.07588070681090768,0.28270105892538666
1192,93.1,14.629064360406185,14.745762711864407,-0.11669835145822205,0.572123440452203,0.5713122145481029,0.5588346202821831,0.07610516501524205,0.28270105892538666
1193,93.1,14.629064360406185,15.254237288135592,-0.6251729277294071,0.572125270944748,0.5701311065886031,0.5588252485608519,0.07633671796368292,0.28270105892538666
1194,93.1,14.629064360406185,15.762711864406779,-1.133647504000594,0.5721350752167503,0.5693853280760154,0.5588245817237271,0.076576879104061,0.28270105892538666
1195,93.1,15.227701191681998,14.745762711864407,0.4819384798175914,0.5721528500252168,0.5736411123034229,0.5588287726477181,0.07680133730839536,0.28270105892538666
1196,93.2,15.261887729614482,15.254237288135592,0.007650441478890713,0.5721452887086137,0.570489786766529,0.5588152285196213,0.07703289025683624,0.28270105892538666
1197,93.2,15.261887729614328,15.254237288135592,0.00765044147873617,0.5721451687005406,0.5701367808525997,0.5588081544261455,0.07726444320527712,0.28270105892538666
1198,93.3,17.695823049897125,16.779661016949152,0.9161620329479732,0.5721450486924662,0.5681958300710658,0.5587971550790983,0.07752201423243915,0.28270105892538666
1199,93.7,20.253641864178554,16.271186440677965,3.982455423500589,0.5721306721771318,0.568602167140571,0.558774228174356,0.07777084782497413,0.28270105892538666
1200,94.2,22.875440131687235,14.23728813559322,8.638151996094015,0.572068102316176,0.5711585116557918,0.5586999714597074,0.07798959782497414,0.28270105892538666
1201,95.0,25.04993331809172,14.23728813559322,10.812645182498501,0.5719321302949814,0.5721414979129074,0.5585548931539388,0.07820834782497414,0.28270105892538666
1202,95.8,24.1790471263527,13.728813559322033,10.450233567030667,0.5717617785462513,0.5713200530197775,0.5583749488498881,0.07842128157891735,0.28270105892538666
1203,96.4,21.965216857491175,13.220338983050848,8.744877874440327,0.5715971582383543,0.5746323410602467,0.5581945689528515,0.0786282879483441,0.28270105892538666
1204,96.8,19.643466355128734,13.220338983050848,6.423127372077886,0.5714594948107253,0.5744019279487931,0.5580494043619917,0.07883529431777087,0.28270105892538666
1205,97.0,17.85151867093436,14.23728813559322,3.6142305353411412,0.5713584740126716,0.5697208701051942,0.5579350185735088,0.07905404431777086,0.28270105892538666
1206,97.1,17.264919425945013,12.711864406779661,4.5530550191653525,0.5713016941196593,0.5743399334198328,0.5578648531870416,0.07925500894799595,0.28270105892538666
1207,97.2,17.302093999999954,13.220338983050848,4.081755016949106,0.571230137953765,0.5701318533604731,0.5577853040900536,0.0794620153174227,0.28270105892538666
1208,97.3,17.339328462943943,12.711864406779661,4.627464056164282,0.5711660005001078,0.5714818729582168,0.5577072286878774,0.07966297994764779,0.28270105892538666
1209,97.4,16.750336868160442,12.711864406779661,4.038472461380781,0.5710932719075302,0.5720173190534462,0.5576218571056464,0.07986394457787287,0.28270105892538666
1210,97.4,16.12405085992989,14.23728813559322,1.8867627243366716,0.5710298149237807,0.5683257266740771,0.5575462037443386,0.08008269457787287,0.28270105892538666
1211,97.4,16.12405085992989,11.694915254237287,4.429135605692604,0.571000193356629,0.5728424249956388,0.5575025618502241,0.08027121916803681,0.28270105892538666
1212,97.4,15.49776485169934,11.694915254237287,3.8028495974620533,0.5709305863911543,0.5714538231510886,0.5574224809701497,0.08045974375820074,0.28270105892538666
1213,97.3,15.462399450598133,10.677966101694915,4.784433348903217,0.5708708365902905,0.5722500739718804,0.5573558731345707,0.08063532904248169,0.28270105892538666
1214,97.3,16.088042454713452,11.1864406779661,4.901601776747352,0.5707956343338098,0.5711338948430374,0.5572679707185297,0.0808174482477797,0.28270105892538666
1215,97.3,16.088042454713452,11.694915254237287,4.393127200476165,0.5707185862978916,0.5701090708276605,0.5571766883677232,0.08100597283794363,0.28270105892538666
1216,97.3,15.462399450598292,13.220338983050848,2.2420604675474447,0.5706495445732676,0.5681695246720874,0.5570949671821938,0.08121297920737038,0.28270105892538666
1217,97.2,14.802094000000043,12.203389830508474,2.598704169491569,0.5706143388108661,0.569457878898394,0.5570487157313224,0.08140778440217558,0.28270105892538666
1218,97.1,14.767491442405847,12.203389830508474,2.5641016118973727,0.5705735269393715,0.5693897219529116,0.5569961668933776,0.08160258959698077,0.28270105892538666
1219,97.0,14.732948712086614,10.677966101694915,4.054982610391699,0.5705332589084768,0.572075249331068,0.5569451529530265,0.08177817488126173,0.28270105892538666
1220,96.9,14.07539475977369,13.220338983050848,0.8550557767228426,0.5704695390446454,0.5673196618040248,0.5568715352120762,0.08198518125068847,0.28270105892538666
1221,96.7,12.764323930365027,8.64406779661017,4.120256133754857,0.5704561198367333,0.5726312689656351,0.5568421449377635,0.08213326487438186,0.28270105892538666
1222,96.4,12.04752138424018,8.135593220338983,3.911928163901198,0.5703913721489595,0.572693583578816,0.5567698757574762,0.08227410994480439,0.28270105892538666
1223,96.1,11.335111426592698,8.135593220338983,3.1995182062537157,0.5703299030198739,0.5716942322021912,0.5566986926694198,0.08241495501522692,0.28270105892538666
1224,95.7,11.827889712448611,8.64406779661017,3.1838219158384415,0.570279642248859,0.5702024694110231,0.5566365034980466,0.08256303863892028,0.28270105892538666
1225,95.5,12.993807272614704,11.1864406779661,1.8073665946486042,0.570229628149333,0.5686575584447362,0.5565775554142584,0.08274515784421829,0.28270105892538666
1226,95.3,13.542033243846161,12.203389830508474,1.338643413337687,0.5702012520497155,0.5678221345925545,0.5565406131810727,0.0829399630390235,0.28270105892538666
1227,95.2,13.509199872580423,11.694915254237287,1.8142846183431356,0.5701802389038403,0.5678074797804884,0.5565086755304477,0.08312848762918744,0.28270105892538666
1228,95.0,13.44370903825639,7.627118644067796,5.816590394188594,0.570151753991442,0.5728240376151593,0.556467184917867,0.08326370397534127,0.28270105892538666
1229,94.9,13.41105145197,7.627118644067796,5.783932807902204,0.5700602847050055,0.5715063355959892,0.5563662157793231,0.08339892032149511,0.28270105892538666
1230,94.7,12.736986735958705,7.627118644067796,5.10986809189091,0.5699693294628357,0.5715612043297467,0.5562627614118469,0.08353413666764894,0.28270105892538666
1231,94.5,13.281005208333282,7.627118644067796,5.653886564265486,0.5698889953421884,0.5721388024481509,0.5561711051932331,0.0836693530138028,0.28270105892538666
1232,94.4,14.462631134278292,11.1864406779661,3.2761904563121913,0.5698000884886377,0.5677326045894062,0.5560697476481472,0.0838514722191008,0.28270105892538666
1233,94.4,14.462631134278292,7.627118644067796,6.835512490210496,0.5697486193884314,0.5711601446252136,0.5560047531144287,0.08398668856525464,0.28270105892538666
1234,94.3,14.42903744614005,8.135593220338983,6.293444225801068,0.5696410792462827,0.5702418343901932,0.5558882221003472,0.08412753363567717,0.28270105892538666
1235,94.3,13.822684565481596,8.135593220338983,5.687091345142614,0.5695420878920674,0.5693157503482178,0.5557762214989296,0.0842683787060997,0.28270105892538666
1236,94.1,12.546823697207065,7.11864406779661,5.428179629410455,0.5694526550635839,0.5748450544206369,0.5556726970647579,0.08439832920114919,0.28270105892538666
1237,93.9,10.672557913065958,9.661016949152541,1.0115409639134167,0.5693673019956946,0.5679568828304813,0.5555784161802926,0.08456044524210483,0.28270105892538666
1238,93.4,8.123643016613213,7.627118644067796,0.4965243725454176,0.5693514244405874,0.5705662044946668,0.5555505835735309,0.08469566158825867,0.28270105892538666
1239,92.8,6.174868223746293,7.11864406779661,-0.9437758440503172,0.5693436323852539,0.573050766956584,0.5555323217025692,0.08482561208330817,0.28270105892538666
1240,92.0,5.39040108215216,7.11864406779661,-1.7282429856444494,0.5693584347535581,0.5720942755711805,0.5555397313092059,0.08495556257835767,0.28270105892538666
1241,91.3,5.816151470488483,7.11864406779661,-1.3024925973081265,0.5693855323614191,0.5741550999768712,0.5555574007526801,0.08508551307340717,0.28270105892538666
1242,90.6,6.2356562304526815,8.135593220338983,-1.8999369898863012,0.56940595792391,0.5691302444594855,0.55556118043919,0.0852263581438297,0.28270105892538666
1243,90.0,6.094212962962972,7.627118644067796,-1.5329056811048236,0.5694357454152917,0.5712917575614423,0.5555813833670604,0.08536157448998354,0.28270105892538666
1244,89.3,5.931717979785865,7.627118644067796,-1.695400664281931,0.5694597819861602,0.5699188048380597,0.5555953841897339,0.08549679083613738,0.28270105892538666
1245,88.7,6.364927850499185,13.220338983050848,-6.855411132551663,0.5694863647695405,0.5652181316897515,0.5556107853386126,0.08570379720556413,0.28270105892538666
1246,88.1,5.659415881706303,11.694915254237287,-6.0354993725309845,0.5695936330888732,0.566599430956887,0.5557069809850178,0.08589232179572806,0.28270105892538666
1247,87.4,4.9422039768327926,7.627118644067796,-2.6849146672350033,0.5696881018396076,0.5719822493436179,0.5557917084102589,0.08602753814188191,0.28270105892538666
1248,86.7,4.794117382201638,7.627118644067796,-2.8330012618661575,0.5697301821828485,0.5722788673853394,0.5558261679393173,0.08616275448803574,0.28270105892538666
1249,86.0,4.648648338667878,8.135593220338983,-3.4869448816711044,0.5697745806980454,0.5699009521809659,0.5558602302404317,0.08630359955845827,0.28270105892538666
1250,85.3,5.054258222889047,8.135593220338983,-3.081334997449936,0.5698292133524497,0.5706049575405446,0.5559015563062359,0.0864444446288808,0.28270105892538666
1251,84.7,5.4746129495694476,8.135593220338983,-2.660980270769535,0.5698774985600358,0.5722982274139872,0.5559371453666075,0.08658528969930333,0.28270105892538666
1252,84.1,5.348363902587214,9.152542372881356,-3.8041784702941426,0.5699192035113696,0.5692468895308531,0.5559686595078946,0.08674046211309644,0.28270105892538666
1253,83.5,5.223980283588651,11.1864406779661,-5.962460394377449,0.569978798274049,0.5678365288485,0.556020157466481,0.08692258131839445,0.28270105892538666
1254,82.9,5.1014487839315885,8.64406779661017,-3.542619012678581,0.5700721234731265,0.5721764104597573,0.5560941796254883,0.08707066494208783,0.28270105892538666
1255,82.3,4.980756094974112,11.1864406779661,-6.205684582991989,0.5701276257947226,0.5677230435083078,0.5561423238203239,0.08725278414738584,0.28270105892538666
1256,81.7,4.8618889080741825,9.152542372881356,-4.290653464807174,0.5702247473992126,0.5706511690466113,0.5562269957968646,0.08740795656117895,0.28270105892538666
1257,81.1,4.744833914589955,10.169491525423728,-5.424657610833774,0.5702919483787414,0.5697925911539871,0.556281560987962,0.08757687548009786,0.28270105892538666
1258,80.5,4.629577805879526,9.661016949152541,-5.0314391432730154,0.5703768716638339,0.5709084013779906,0.5563557216459989,0.08773899152105351,0.28270105892538666
1259,79.9,5.029867561366446,14.23728813559322,-9.207420574226774,0.5704556508042445,0.5654890198313639,0.5564231510836143,0.08795774152105351,0.28270105892538666
1260,79.4,5.954538678859866,12.203389830508474,-6.248851151648608,0.5705995760761409,0.5669914306906179,0.5565566035767067,0.0881525467158587,0.28270105892538666
1261,79.0,6.889086572168839,9.152542372881356,-2.263455800712517,0.5706973676941048,0.5763218706404682,0.5566427973851736,0.08830771912965181,0.28270105892538666
1262,78.7,8.848867850118145,9.661016949152541,-0.8121490990343965,0.5707328454804833,0.5717529129069504,0.5566661432780369,0.08846983517060746,0.28270105892538666
1263,78.7,10.873044804850649,9.661016949152541,1.212027855698107,0.5707455825584595,0.5721566824584028,0.5566652086851743,0.08863195121156309,0.28270105892538666
1264,78.8,12.419667219326314,9.152542372881356,3.2671248464449576,0.5707265587806838,0.5725665946299915,0.5566339068671473,0.0887871236253562,0.28270105892538666
1265,79.1,13.522660382735122,10.677966101694915,2.8446942810402067,0.5706752363269241,0.5686961877664555,0.5565657606812631,0.08896270890963714,0.28270105892538666
1266,79.4,13.102172423715906,11.1864406779661,1.915731745749806,0.5706305570889848,0.5679174110009186,0.556508654687555,0.08914482811493515,0.28270105892538666
1267,79.6,12.64933785063245,11.1864406779661,1.4628971726663504,0.5706004793504807,0.5676644384649959,0.5564659227472555,0.08932694732023316,0.28270105892538666
1268,79.8,11.681010156378562,10.169491525423728,1.5115186309548339,0.5705775153885344,0.5689937339642038,0.556433007026458,0.08949586623915208,0.28270105892538666
1269,79.8,9.628541020576163,9.152542372881356,0.4759986476948068,0.5705537876797756,0.5721692753608838,0.55639545760459,0.08965103865294519,0.28270105892538666
1270,79.6,8.042856369151036,8.64406779661017,-0.601211427459134,0.5705463185610745,0.5711817198092181,0.5563803377008234,0.08979912227663857,0.28270105892538666
1271,79.3,6.953920325083858,11.1864406779661,-4.232520352882243,0.5705557484075496,0.5678674648222672,0.5563806274913395,0.08998124148193658,0.28270105892538666
1272,78.9,6.360242506687258,10.169491525423728,-3.8092490187364705,0.5706220385721009,0.5690239712150335,0.5564364093699198,0.0901501604008555,0.28270105892538666
1273,78.5,6.782002998304336,9.152542372881356,-2.37053937457702,0.5706817091054935,0.5711238331529224,0.5564782279130726,0.09030533281464861,0.28270105892538666
1274,78.2,7.2211629696693,9.661016949152541,-2.4398539794832415,0.5707188638049737,0.5695381342439513,0.5565080982167215,0.09046744885560425,0.28270105892538666
1275,77.9,7.6568985562604714,9.152542372881356,-1.495643816620885,0.5707571037344331,0.5751324566527517,0.5565323898592492,0.09062262126939735,0.28270105892538666
1276,77.7,9.111252150720137,11.694915254237287,-2.58366310351715,0.5707805537501422,0.567835962625812,0.5565491342730479,0.09081114585956129,0.28270105892538666
1277,77.7,10.61009474331277,10.169491525423728,0.44060321788904133,0.5708210450797347,0.5707550568487483,0.5565733173660421,0.09098006477848021,0.28270105892538666
1278,77.8,11.136430500838314,9.661016949152541,1.4754135516857723,0.5708141316215867,0.5720182030655314,0.556557704721038,0.09114218081943586,0.28270105892538666
1279,77.9,11.664100202350992,10.169491525423728,1.494608676927264,0.5707909714865441,0.5711913025067974,0.5565307549963817,0.09131109973835477,0.28270105892538666
1280,78.1,12.221255469802614,9.661016949152541,2.5602385206500724,0.5707675098122587,0.5730194134026063,0.5564952715966162,0.0914732157793104,0.28270105892538666
1281,78.3,11.270758569444475,9.661016949152541,1.609741620291933,0.57072730317365,0.5716550463264369,0.5564467702245416,0.09163533182026605,0.28270105892538666
1282,78.3,10.767286347222237,9.661016949152541,1.1062693980696956,0.5707020328971492,0.5715919694654787,0.556412959460891,0.09179744786122168,0.28270105892538666
1283,78.4,10.793653441853392,10.169491525423728,0.6241619164296637,0.570684669754749,0.5700398095474503,0.5563869722804974,0.0919663667801406,0.28270105892538666
1284,78.4,10.289538215515929,9.661016949152541,0.6285212663633875,0.570674875266156,0.571965817962188,0.5563688328346678,0.09212848282109624,0.28270105892538666
1285,78.4,9.281307762841005,9.661016949152541,-0.37970918631153694,0.5706650123443234,0.5705361093216155,0.5563454742152889,0.09229059886205188,0.28270105892538666
1286,78.2,8.226821405883257,12.203389830508474,-3.976568424625217,0.5706709684510055,0.5673097787368452,0.5563402129942072,0.09248540405685708,0.28270105892538666
1287,78.0,7.679215020576126,10.677966101694915,-2.9987510811187894,0.5707332555897613,0.5695175262498089,0.5563922214569853,0.09266098934113802,0.28270105892538666
1288,77.7,6.613181163065807,11.694915254237287,-5.08173409117148,0.5707802446404276,0.5678174440173162,0.5564208194157322,0.09284951393130196,0.28270105892538666
1289,77.3,6.032879015451164,9.661016949152541,-3.6281379337013773,0.5708598069737673,0.5721505006654976,0.5564852034789641,0.09301162997225759,0.28270105892538666
1290,76.9,6.447423272957592,9.152542372881356,-2.705119099923764,0.5709166434108689,0.5753012133044536,0.5565301492593867,0.0931668023860507,0.28270105892538666
1291,76.6,6.3860475488492865,9.661016949152541,-3.274969400303255,0.5709590356722414,0.5731923349112169,0.5565603967833352,0.09332891842700634,0.28270105892538666
1292,76.2,5.3249354403292815,10.169491525423728,-4.844556085094447,0.5710103463278,0.5744711086833973,0.5566007438851522,0.09349783734592526,0.28270105892538666
1293,75.7,4.744199981462416,10.677966101694915,-5.933766120232499,0.57108620093384,0.5706848945642142,0.5566624416322093,0.0936734226302062,0.28270105892538666
1294,75.2,4.654599704923015,10.677966101694915,-6.0233663967719,0.5711790693895585,0.5705228134199735,0.5567478635523573,0.09384900791448715,0.28270105892538666
1295,74.7,5.526805921296311,10.677966101694915,-5.1511601803986045,0.5712733360835803,0.570854604668006,0.5568332414646135,0.09402459319876809,0.28270105892538666
1296,74.4,7.384015786008239,11.1864406779661,-3.8024248919578616,0.5713539798148934,0.5701167470759847,0.5568993367566637,0.0942067124040661,0.28270105892538666
1297,74.3,9.273753636507392,11.1864406779661,-1.9126870414587085,0.5714135399300345,0.5711136121318738,0.5569479047145306,0.09438883160936411,0.28270105892538666
1298,74.4,10.732781218106977,15.254237288135592,-4.521456070028615,0.5714435220744277,0.5661856475042812,0.5569644189953621,0.09462038455780498,0.28270105892538666
1299,74.6,11.74382375979272,11.1864406779661,0.5573830818266199,0.5715143241581396,0.5702957869909914,0.5570257952465595,0.094802503763103,0.28270105892538666
1300,74.9,11.825547271966935,11.1864406779661,0.6391065940008342,0.5715055784259987,0.5699995487975044,0.5570026048506508,0.094984622968401,0.28270105892538666
1301,75.1,11.397364164932867,10.677966101694915,0.7193980632379517,0.5714955500601494,0.5724452622502273,0.556986678020096,0.09516020825268194,0.28270105892538666
1302,75.3,11.450976228909456,11.694915254237287,-0.24393902532783152,0.5714842614515059,0.5690662207726807,0.556966043195866,0.09534873284284588,0.28270105892538666
1303,75.5,11.990241981500537,10.677966101694915,1.3122758798056218,0.5714880878131505,0.5703015602381862,0.5569604927391486,0.09552431812712682,0.28270105892538666
1304,75.8,11.585819386678912,15.762711864406779,-4.176892477727867,0.5714674910322797,0.5660618319572553,0.5569304646934571,0.09576447926750488,0.28270105892538666
1305,75.9,10.636847635288095,10.169491525423728,0.46735610986436704,0.5715329063551754,0.5727029482593292,0.5569822770546948,0.0959333981864238,0.28270105892538666
1306,76.0,10.174033760097496,11.694915254237287,-1.5208814941397915,0.5715255734843666,0.5692917367713913,0.5569620232894656,0.09612192277658774,0.28270105892538666
1307,76.0,9.685350632525529,10.169491525423728,-0.48414089289819984,0.5715494174085967,0.5708137198190681,0.55697531580129,0.09629084169550665,0.28270105892538666
1308,76.0,9.196667504953561,9.661016949152541,-0.46434944419898017,0.5715570107430822,0.5728454709987653,0.5569701347069156,0.0964529577364623,0.28270105892538666
1309,75.9,9.172727264917745,9.661016949152541,-0.4882896842347968,0.5715642937184245,0.572148379557313,0.5569683459428102,0.09661507377741793,0.28270105892538666
1310,75.9,9.172727264917619,9.152542372881356,0.02018489203626217,0.5715719521008357,0.5750757951414575,0.5569636229907641,0.09677024619121104,0.28270105892538666
1311,75.8,8.661436670629447,8.64406779661017,0.01736887401927767,0.5715716354550889,0.5744721446320042,0.5569502382712956,0.09691832981490442,0.28270105892538666
1312,75.7,8.151478788046814,8.64406779661017,-0.4925890085633551,0.5715713629852611,0.5757042526572097,0.5569386218386125,0.0970664134385978,0.28270105892538666
1313,75.5,7.1355609115416785,10.169491525423728,-3.03393061388205,0.5715790887808302,0.5708976644855801,0.5569340982930817,0.09723533235751672,0.28270105892538666
1314,75.2,7.072295178174052,9.661016949152541,-2.5887217709784895,0.5716266250161198,0.5729716256432793,0.5569666251673432,0.09739744839847236,0.28270105892538666
1315,75.0,7.030349794238675,10.169491525423728,-3.1391417311850534,0.5716671926421479,0.5709617320787868,0.5569973123600966,0.09756636731739128,0.28270105892538666
1316,74.7,5.046481847222222,10.169491525423728,-5.123009678201506,0.5717163749248978,0.572516834091399,0.5570345597107766,0.0977352862363102,0.28270105892538666
1317,74.1,4.461545626028792,10.169491525423728,-5.707945899394937,0.5717965758442604,0.5727011241157653,0.5571031014849569,0.09790420515522912,0.28270105892538666
1318,73.7,5.340506202693962,10.169491525423728,-4.828985322729767,0.5718859126585609,0.5745543109821158,0.557176605084328,0.09807312407414805,0.28270105892538666
1319,73.3,8.095193332628442,10.169491525423728,-2.074298192795286,0.5719615183425227,0.5748963952951017,0.5572405701138696,0.09824204299306696,0.28270105892538666
1320,73.5,12.392913515946477,10.169491525423728,2.2234219905227484,0.5719940302105714,0.5738003869931148,0.5572648389927614,0.09841096191198588,0.28270105892538666
1321,74.0,15.864023510135654,10.169491525423728,5.694531984711926,0.5719591213606335,0.5720462504342027,0.5572137931807409,0.0985798808309048,0.28270105892538666
1322,74.9,19.531308588839337,10.677966101694915,8.853342487144422,0.5718695896746523,0.5704642032744168,0.5571155049223392,0.09875546611518574,0.28270105892538666
1323,76.1,23.411112390622563,11.1864406779661,12.224671712656463,0.5717302159263794,0.5695873580773833,0.5569680468213922,0.09893758532048375,0.28270105892538666
1324,77.7,25.598520669238738,12.203389830508474,13.395130838730264,0.5715375046053929,0.5677792891451477,0.5567652535784574,0.09913239051528895,0.28270105892538666
1325,79.2,23.73781585185184,8.64406779661017,15.093748055241669,0.5713262384393276,0.5723517749752495,0.55654283291702,0.09928047413898233,0.28270105892538666
1326,80.3,19.04886108163767,7.627118644067796,11.421742437569876,0.5710880135381594,0.575045455887364,0.5562960184496856,0.09941569048513617,0.28270105892538666
1327,80.8,14.558381008382902,7.627118644067796,6.931262364315106,0.5709080082676575,0.5746267422727787,0.55610348320116,0.09955090683129,0.28270105892538666
1328,81.0,12.017166666666695,7.627118644067796,4.390048022598899,0.5707989683064097,0.5739924456625577,0.5559851594470062,0.09968612317744385,0.28270105892538666
1329,81.0,10.975499999999998,6.610169491525424,4.365330508474575,0.5707299755303062,0.5738131983232726,0.5559080887095149,0.0998104854223418,0.28270105892538666
1330,81.0,10.975499999999998,6.101694915254237,4.8738050847457615,0.5706613714850785,0.572937865161804,0.5558278962216766,0.09992890647497338,0.28270105892538666
1331,81.0,10.975499999999998,8.135593220338983,2.839906779661016,0.5705847603632519,0.5693022167167354,0.55574343952931,0.10006975154539591,0.28270105892538666
1332,81.0,10.454666666666718,9.661016949152541,0.7936497175141763,0.5705401560613714,0.5679952141544801,0.5556860651490455,0.10023186758635154,0.28270105892538666
1333,80.9,8.867738626562204,11.1864406779661,-2.3187020514038963,0.5705277009372905,0.5666067724941141,0.5556612122297089,0.10041398679164955,0.28270105892538666
1334,80.6,7.758230700807713,11.1864406779661,-3.428209977158387,0.5705640443857317,0.5664853129944303,0.5556840885275592,0.10059610599694756,0.28270105892538666
1335,80.3,7.689550382049273,5.59322033898305,2.0963300430662226,0.5706177544653259,0.5707276877638774,0.5557251533295487,0.1007081983882519,0.28270105892538666
1336,80.0,8.650121932632294,4.067796610169491,4.582325322462802,0.570584838851254,0.5719702209728241,0.5556830620816392,0.10080165633217714,0.28270105892538666
1337,79.9,9.653710153958972,7.11864406779661,2.535066086162362,0.5705128174363068,0.5697609306261339,0.5555992061048494,0.10093160682722663,0.28270105892538666
1338,79.8,10.141658304526665,12.203389830508474,-2.061731525981809,0.5704730056520739,0.5657729364343275,0.5555510847502946,0.10112641202203183,0.28270105892538666
1339,79.8,10.654775588477365,12.711864406779661,-2.0570888183022955,0.5705053247841907,0.5654252805071212,0.5555713215211688,0.10132737665225691,0.28270105892538666
1340,79.8,11.16789287242806,8.135593220338983,3.032299652089078,0.5705375711099095,0.5683149140318722,0.5555921918907781,0.10146822172267944,0.28270105892538666
1341,79.9,11.708751306222407,7.627118644067796,4.081632662154611,0.5704899411789949,0.5691301219111052,0.5555315643410428,0.10160343806883329,0.28270105892538666
1342,80.0,13.279751562261856,4.067796610169491,9.211954952092364,0.5704258016160879,0.5717137057966809,0.5554572287997646,0.10169689601275851,0.28270105892538666
1343,80.4,14.950048584362127,4.067796610169491,10.882251974192636,0.5702807435786942,0.5715038066357998,0.5553001289345122,0.10179035395668375,0.28270105892538666
1344,80.8,15.077928333485731,9.661016949152541,5.41691138433319,0.5701092661663724,0.5670948355289513,0.5551162368899966,0.10195246999763938,0.28270105892538666
1345,81.2,14.684485287913468,5.084745762711864,9.599739525201603,0.570024095425217,0.5705330793566581,0.5550178528469524,0.10205780707629107,0.28270105892538666
1346,81.5,13.207443541857115,5.59322033898305,7.614223202874065,0.5698729022272299,0.5695755453128282,0.5548583726576557,0.10216989946759542,0.28270105892538666
1347,81.6,11.663241909464965,5.59322033898305,6.070021570481915,0.5697530747078288,0.5694308995647502,0.5547275432140535,0.10228199185889976,0.28270105892538666
1348,81.6,10.089167835390981,0.0,10.089167835390981,0.5696576071116229,0.5728919450740688,0.5546200371179405,0.10228199185889976,0.28270105892538666
1349,81.4,6.373351768328066,7.627118644067796,-1.2537668757397302,0.5694986691947976,0.5676171965378007,0.5544469831824271,0.1024172082050536,0.28270105892538666
1350,80.7,1.5543715282921813,0.0,1.5543715282921813,0.569518330838456,0.571949743379486,0.5544538057427791,0.1024172082050536,0.28270105892538666
1351,79.6,0.0,0.0,0.0,0.5694939278179206,0.5727651887989056,0.5544172171430196,0.1024172082050536,0.28270105892538666
1352,78.2,0.0,0.0,0.0,0.5694939278179206,0.5728567644225888,0.5544005163917816,0.1024172082050536,0.28270105892538666
1353,76.8,0.0,0.0,0.0,0.5694939278179206,0.5729359397988943,0.5543887127567937,0.1024172082050536,0.28270105892538666
1354,75.3,0.0,4.067796610169491,-4.067796610169491,0.5694939278179206,0.5706252912761774,0.5543771991794796,0.10251066614897883,0.28270105892538666
1355,73.8,0.0,0.0,0.0,0.5695576479398649,0.5734415732634484,0.5544307843409675,0.10251066614897883,0.28270105892538666
1356,72.1,0.0,0.0,0.0,0.5695576479398649,0.5742786130599766,0.5544219466428173,0.10251066614897883,0.28270105892538666
1357,70.2,0.0,8.135593220338983,-8.135593220338983,0.5695576479398649,0.5678350409214026,0.5544094470202513,0.10265151121940136,0.28270105892538666
1358,68.2,0.0,14.23728813559322,-14.23728813559322,0.5696848824246404,0.5642500722597805,0.5545245491458797,0.10287026121940136,0.28270105892538666
1359,66.1,0.0,5.084745762711864,-5.084745762711864,0.5699070063827811,0.5700694439011466,0.5547338244706402,0.10297559829805304,0.28270105892538666
1360,63.8,0.0,5.084745762711864,-5.084745762711864,0.5699866216394321,0.5702625763413313,0.5548039740493903,0.10308093537670474,0.28270105892538666
1361,61.6,0.0,7.11864406779661,-7.11864406779661,0.5700662363612302,0.5689363181407857,0.5548670494449836,0.10321088587175423,0.28270105892538666
1362,60.2,0.0,0.0,0.0,0.5701776065151293,0.573132756427085,0.5549702498977355,0.10321088587175423,0.28270105892538666
1363,59.8,7.0389077024844,4.067796610169491,2.971111092314908,0.5701776065151293,0.5711083620424275,0.5549536871555395,0.10330434381567946,0.28270105892538666
1364,60.4,14.145005252552938,0.0,14.145005252552938,0.5701309374213369,0.5735188533873825,0.5548930973310933,0.10330434381567946,0.28270105892538666
1365,61.8,15.376194353909458,5.084745762711864,10.291448591197593,0.5699077496185612,0.5700114166811674,0.5546608608734079,0.10340968089433114,0.28270105892538666
1366,62.6,10.406446914799623,0.0,10.406446914799623,0.5697456153320722,0.5737386947341853,0.5544841963799381,0.10340968089433114,0.28270105892538666
1367,62.7,3.9805210036007943,6.101694915254237,-2.1211739116534427,0.5695816594467347,0.5689311887653699,0.5543075658255444,0.10352810194696273,0.28270105892538666
1368,61.9,0.0,7.627118644067796,-7.627118644067796,0.569614912101876,0.5681683176865175,0.5543241877553755,0.10366331829311656,0.28270105892538666
1369,60.0,0.0,5.084745762711864,-5.084745762711864,0.5697342178204897,0.5699781080352838,0.5544333133011592,0.10376865537176824,0.28270105892538666
1370,58.4,0.0,2.542372881355932,-2.542372881355932,0.5698138342379537,0.571784069911264,0.5544975014952324,0.10383888009086936,0.28270105892538666
1371,57.8,3.6906389751562085,3.559322033898305,0.1313169412579036,0.5698536823753996,0.5715004724560516,0.5545250861173994,0.10392551375423571,0.28270105892538666
1372,57.8,5.920577246761162,3.0508474576271185,2.869729789134044,0.569851621980557,0.571642911602167,0.5545117937373661,0.10400446112265677,0.28270105892538666
1373,57.8,4.062295353757067,5.59322033898305,-1.5309249852259832,0.569806545926964,0.5697200239787377,0.5544626331284334,0.10411655351396111,0.28270105892538666
1374,57.3,0.0,10.169491525423728,-10.169491525423728,0.5698305507054361,0.5671507013951578,0.5544748564570863,0.10428547243288003,0.28270105892538666
1375,56.2,0.0,8.135593220338983,-8.135593220338983,0.5699894626117362,0.5685678534285943,0.5546215841319481,0.10442631750330256,0.28270105892538666
1376,54.3,0.0,0.0,0.0,0.5701166924716566,0.573175901084843,0.5547328265593732,0.10442631750330256,0.28270105892538666
1377,50.8,0.0,5.084745762711864,-5.084745762711864,0.5701166924716566,0.5707287861505523,0.5547230093526208,0.10453165458195424,0.28270105892538666
1378,45.5,0.0,7.627118644067796,-7.627118644067796,0.5701963063196582,0.5692973620431014,0.5547917174994157,0.10466687092810809,0.28270105892538666
1379,40.2,0.0,9.661016949152541,-9.661016949152541,0.5703156061971769,0.5682136564215158,0.5548993645297565,0.10482898696906372,0.28270105892538666
1380,34.9,0.0,5.084745762711864,-5.084745762711864,0.5704665966062317,0.5711250027314354,0.5550423844258527,0.10493432404771541,0.28270105892538666
1381,29.6,0.0,8.64406779661017,-8.64406779661017,0.5705462081037245,0.5688546150005002,0.5551091361189449,0.10508240767140879,0.28270105892538666
1382,27.3,1.542129768004111,9.661016949152541,-8.11888718114843,0.5706813563636184,0.5686089315600794,0.5552306861693089,0.10524452371236442,0.28270105892538666
1383,29.3,12.804778302145243,4.576271186440678,8.228507115704565,0.5708083184064016,0.5719432846101299,0.5553458338642087,0.10534408123448831,0.28270105892538666
1384,32.9,15.93455161696006,4.067796610169491,11.86675500679057,0.5706788020037105,0.5721604842953939,0.5552052997186417,0.10543753917841354,0.28270105892538666
1385,35.6,11.587127202865432,5.59322033898305,5.993906863882382,0.5704917431886011,0.5706327488795668,0.5550085643192099,0.10554963156971789,0.28270105892538666
1386,36.7,7.727443923506322,8.135593220338983,-0.40814929683266055,0.5703974815128806,0.5687955805142126,0.5549037633641308,0.10569047664014042,0.28270105892538666
1387,37.6,9.635151609205913,12.203389830508474,-2.568238221302561,0.570403883802759,0.5663514861880734,0.5548995455822401,0.10588528183494561,0.28270105892538666
1388,39.4,15.726045979576282,8.135593220338983,7.5904527592373,0.5704441349212065,0.568490026170019,0.5549300499055408,0.10602612690536814,0.28270105892538666
1389,42.5,23.086268944806424,6.610169491525424,16.476099453281,0.5703246884438448,0.5692377288779057,0.5548002039274916,0.10615048915026609,0.28270105892538666
1390,46.5,27.223068994341567,3.559322033898305,23.663746960443262,0.5700644773751403,0.5709949806165195,0.5545290533148979,0.10623712281363244,0.28270105892538666
1391,50.2,25.05461509891785,6.101694915254237,18.952920183663615,0.5696896424504665,0.568748528165928,0.5541406780650182,0.10635554386626402,0.28270105892538666
1392,52.8,19.02833089711932,8.135593220338983,10.892737676780339,0.5693899957855049,0.5669144828936659,0.5538332625135438,0.10649638893668655,0.28270105892538666
1393,54.3,12.675463425411529,6.610169491525424,6.065293933886105,0.569218339349361,0.5677512026520555,0.5536518483077365,0.1066207511815845,0.28270105892538666
1394,54.9,7.557323041666681,9.152542372881356,-1.5952193312146754,0.5691229419462459,0.56576071292541,0.5535474786714719,0.1067759235953776,0.28270105892538666
1395,54.9,4.733248967592594,4.576271186440678,0.15697778115191596,0.5691479556615768,0.5684873833644741,0.5535626482779903,0.10687548111750149,0.28270105892538666
1396,54.7,2.5933535016956366,6.101694915254237,-3.5083414135586004,0.5691454924693925,0.5676609476150065,0.5535474211150675,0.10699390217013306,0.28270105892538666
1397,54.1,0.09358408434309577,8.135593220338983,-8.042009135995887,0.569200462814376,0.5665741952619718,0.5535924275651125,0.10713474724055559,0.28270105892538666
1398,53.2,0.0,8.135593220338983,-8.135593220338983,0.5693262421465626,0.5664717300382133,0.5537071831172168,0.10727559231097812,0.28270105892538666
1399,52.1,0.0,12.203389830508474,-12.203389830508474,0.5694534791098965,0.5643817556559444,0.5538217169477362,0.10747039750578333,0.28270105892538666
1400,50.7,0.0,4.576271186440678,-4.576271186440678,0.5696440268600056,0.5686069760394361,0.5540021525580465,0.10756995502790721,0.28270105892538666
1401,49.1,0.0,0.0,0.0,0.5697156966289604,0.5754967184045865,0.554062200564456,0.10756995502790721,0.28270105892538666
1402,47.4,0.0,4.067796610169491,-4.067796610169491,0.5697156966289604,0.5692299230524945,0.55405011778661,0.10766341297183245,0.28270105892538666
1403,45.2,0.0,10.169491525423728,-10.169491525423728,0.5697794155575256,0.5655173106243084,0.5541029907825282,0.10783233189075137,0.28270105892538666
1404,41.8,0.0,8.135593220338983,-8.135593220338983,0.5699383281467699,0.5665828611527886,0.5542510161488539,0.1079731769611739,0.28270105892538666
1405,36.5,0.0,6.610169491525424,-6.610169491525424,0.5700655585543372,0.5676639574634536,0.5543645926945445,0.10809753920607185,0.28270105892538666
1406,31.2,0.0,6.101694915254237,-6.101694915254237,0.5701689945030778,0.567887265511544,0.5544572418819401,0.10821596025870342,0.28270105892538666
1407,27.6,0.0,4.576271186440678,-4.576271186440678,0.5702644922229213,0.5687430963441927,0.5545367983480285,0.1083155177808273,0.28270105892538666
1408,26.9,1.5135456533112288,0.0,1.5135456533112288,0.5703361582381734,0.5716664713899138,0.5545922628159375,0.1083155177808273,0.28270105892538666
1409,27.3,3.121990879115228,0.0,3.121990879115228,0.5703123982037142,0.571585667213722,0.5545560525961245,0.1083155177808273,0.28270105892538666
1410,27.5,2.2638270295115066,9.152542372881356,-6.888715343369849,0.5702633567472356,0.5662839543401719,0.5544948061471509,0.10847069019462041,0.28270105892538666
1411,27.4,1.3731345666819106,0.0,1.3731345666819106,0.5703711377091937,0.5709779588465118,0.5545922506740927,0.10847069019462041,0.28270105892538666
1412,27.1,0.8307878549192184,7.627118644067796,-6.796330789148578,0.5703495831574638,0.5673375247598217,0.5545597208367613,0.10860590654077426,0.28270105892538666
1413,26.7,1.499353287551442,0.0,1.499353287551442,0.5704559217819196,0.5733316745210175,0.5546550939180244,0.10860590654077426,0.28270105892538666
1414,26.8,4.6082930659960395,0.0,4.6082930659960395,0.570432384915458,0.5712047303893403,0.554616982352353,0.10860590654077426,0.28270105892538666
1415,28.2,9.948483423868314,3.0508474576271185,6.897635966241196,0.5703599536667396,0.5698094914701862,0.5545307970778651,0.10868485390919531,0.28270105892538666
1416,31.1,15.6258842784827,5.59322033898305,10.032663939499649,0.5702514391039067,0.56803674680377,0.5544159043805512,0.10879694630049966,0.28270105892538666
1417,34.8,19.138405835390937,3.559322033898305,15.579083801492633,0.5700934029314181,0.5688752268988811,0.5542424157392611,0.108883579963866,0.28270105892538666
1418,38.4,18.25919183539095,2.542372881355932,15.716818954035018,0.5698474434826243,0.5689448246072928,0.5539860212459655,0.10895380468296711,0.28270105892538666
1419,40.9,12.167523705056405,0.0,12.167523705056405,0.5695992903725671,0.5731999039562754,0.5537214677564928,0.10895380468296711,0.28270105892538666
1420,41.7,3.5854362865226337,0.0,3.5854362865226337,0.5694074494047471,0.5702999858093502,0.5535123523991354,0.10895380468296711,0.28270105892538666
1421,40.9,0.0,6.610169491525424,-6.610169491525424,0.5693511131837058,0.5661973865065733,0.5534440838878476,0.10907816692786507,0.28270105892538666
1422,38.3,0.0,7.627118644067796,-7.627118644067796,0.5694545553609255,0.5657181078317229,0.5535323123583281,0.10921338327401892,0.28270105892538666
1423,35.3,0.0,7.11864406779661,-7.11864406779661,0.5695738626906962,0.5658059262056713,0.5536399064226439,0.10934333376906841,0.28270105892538666
1424,34.3,1.20722636932251,5.59322033898305,-4.38599396966054,0.569685237464391,0.5665083100567295,0.553741805826413,0.10945542616037275,0.28270105892538666
1425,34.6,7.232073858862978,4.067796610169491,3.1642772486934865,0.5697539322148067,0.5674736855640795,0.5538010780081083,0.10954888410429799,0.28270105892538666
1426,36.3,14.401240678497935,0.0,14.401240678497935,0.5697042233083409,0.570925592182496,0.5537417809594062,0.10954888410429799,0.28270105892538666
1427,39.5,17.2930799444635,0.0,17.2930799444635,0.5694769605449926,0.5705181168582036,0.5535064761482609,0.10954888410429799,0.28270105892538666
1428,41.8,11.660890253924713,0.0,11.660890253924713,0.5692037359797786,0.5685396842705819,0.5532187572520683,0.10954888410429799,0.28270105892538666
1429,42.5,3.9568965168228822,0.0,3.9568965168228822,0.5690199143808781,0.5684075205397763,0.5530258187611976,0.10954888410429799,0.28270105892538666
1430,41.9,0.0,0.0,0.0,0.5689577302844205,0.5692476264091094,0.5529492465391612,0.10954888410429799,0.28270105892538666
1431,40.1,0.0,0.0,0.0,0.5689577302844205,0.5701523841791853,0.5529396110233129,0.10954888410429799,0.28270105892538666
1432,36.6,0.0,0.0,0.0,0.5689577302844205,0.5708885188034425,0.5529315618348403,0.10954888410429799,0.28270105892538666
1433,31.3,0.0,0.0,0.0,0.5689577302844205,0.5688558830356233,0.55291931570343,0.10954888410429799,0.28270105892538666
1434,26.0,0.0,2.542372881355932,-2.542372881355932,0.5689577302844205,0.5668950489045178,0.5529105339973146,0.1096191088233991,0.28270105892538666
1435,20.6,0.0,0.0,0.0,0.5689975813064908,0.5711297374737235,0.5529377883045616,0.1096191088233991,0.28270105892538666
1436,19.1,0.26741658986816036,0.0,0.26741658986816036,0.5689975813064908,0.5707122392496683,0.5529284474927478,0.1096191088233991,0.28270105892538666
1437,19.7,3.954009155368845,0.0,3.954009155368845,0.5689933849427458,0.5681956578680024,0.5529189373151656,0.1096191088233991,0.28270105892538666
1438,21.1,4.654402878924705,3.559322033898305,1.0950808450263998,0.5689312461540234,0.5666394784921343,0.5528457736901456,0.10970574248676544,0.28270105892538666
1439,22.0,3.0227035131839655,3.0508474576271185,-0.028143944443153046,0.5689140561141837,0.5666765850115346,0.5528200739457915,0.1097846898551865,0.28270105892538666
1440,22.1,0.7637813515279668,2.0338983050847457,-1.270116953556779,0.5689144977066102,0.567779754588179,0.5528085927806392,0.10984493081904192,0.28270105892538666
1441,21.4,0.0,8.64406779661017,-8.64406779661017,0.5689344166083163,0.563712735063957,0.5528236178802157,0.1099930144427353,0.28270105892538666
1442,19.6,0.0,0.0,0.0,0.5690695831989497,0.5683817994045057,0.5529493590963431,0.1099930144427353,0.28270105892538666
1443,18.3,0.0,2.0338983050847457,-2.0338983050847457,0.5690695831989497,0.5677096732217474,0.5529458799431285,0.11005325540659072,0.28270105892538666
1444,18.0,1.286138888888889,0.0,1.286138888888889,0.5691014701632728,0.5718250589205488,0.552968117595942,0.11005325540659072,0.28270105892538666
1445,18.3,1.8979697834362117,0.0,1.8979697834362117,0.5690812797391571,0.5708227530417136,0.5529378855657477,0.11005325540659072,0.28270105892538666
1446,18.5,0.8495089996761144,8.135593220338983,-7.286084220662868,0.5690514771643966,0.5647419987900765,0.5528965794989315,0.11019410047701325,0.28270105892538666
1447,17.9,0.0,2.0338983050847457,-2.0338983050847457,0.5691654690930905,0.5682231684932715,0.5529973264075791,0.11025434144086867,0.28270105892538666
1448,15.0,0.0,0.0,0.0,0.5691973557987767,0.5778556345306958,0.5530166901448218,0.11025434144086867,0.28270105892538666
1449,9.9,0.0,0.0,0.0,0.5691973557987767,0.5758577821038665,0.5530113682363204,0.11025434144086867,0.28270105892538666
1450,4.6,0.0,0.0,0.0,0.5691973557987767,0.5719417162197342,0.5530010555905409,0.11025434144086867,0.28270105892538666
1451,1.2,0.0,2.0338983050847457,-2.0338983050847457,0.5691973557987767,0.5690849653028691,0.5529900709023334,0.1103145824047241,0.28270105892538666
1452,0.0,0.0,0.0,0.0,0.5692292424184546,0.5699227295171156,0.5530124292801453,0.1103145824047241,0.28270105892538666
1453,0.0,0.0,0.0,0.0,0.5692292424184546,0.5711614115027586,0.5530055325404138,0.1103145824047241,0.28270105892538666
1454,0.0,0.0,7.11864406779661,-7.11864406779661,0.5692292424184546,0.5672479255082535,0.5529955775248718,0.11044453289977359,0.28270105892538666
1455,0.0,0.0,0.0,0.0,0.5693406204258463,0.571514520291847,0.553097094456869,0.11044453289977359,0.28270105892538666
1456,0.0,0.0,2.0338983050847457,-2.0338983050847457,0.5693406204258463,0.5708397306047823,0.5530874703876664,0.11050477386362902,0.28270105892538666
1457,0.0,0.0,0.0,0.0,0.5693725066591006,0.5715517578902561,0.5531102759439087,0.11050477386362902,0.28270105892538666
1458,0.0,0.0,0.0,0.0,0.5693725066591006,0.5742804189962677,0.5530972606446343,0.11050477386362902,0.28270105892538666
1459,0.0,0.0,0.0,0.0,0.5693725066591006,0.572438870681352,0.5530866372111496,0.11050477386362902,0.28270105892538666
1460,0.0,0.0,0.0,0.0,0.5693725066591006,0.5732951752241512,0.5530752536902064,0.11050477386362902,0.28270105892538666
1461,0.0,0.0,2.542372881355932,-2.542372881355932,0.5693725066591006,0.5723047403219732,0.5530661393357276,0.11057499858273014,0.28270105892538666
1462,0.0,0.0,8.135593220338983,-8.135593220338983,0.5694123562835384,0.5701551981097437,0.5530954186748768,0.11071584365315267,0.28270105892538666
1463,0.0,0.0,8.135593220338983,-8.135593220338983,0.5695395923245034,0.5702587790035495,0.5532112887367183,0.1108566887235752,0.28270105892538666
1464,0.0,0.0,8.64406779661017,-8.64406779661017,0.5696668270026669,0.5702929417296889,0.5533277351622239,0.11100477234726858,0.28270105892538666
1465,0.0,0.0,8.64406779661017,-8.64406779661017,0.5698019852630577,0.5721547534572141,0.5534473986502325,0.11115285597096194,0.28270105892538666
1466,0.0,0.0,9.152542372881356,-9.152542372881356,0.569937141986306,0.5695367180093615,0.5535690299440571,0.11130802838475506,0.28270105892538666
1467,0.0,0.0,9.152542372881356,-9.152542372881356,0.5700802187689695,0.5720385609661026,0.5537034657290213,0.11146320079854817,0.28270105892538666
1468,0.0,0.0,9.152542372881356,-9.152542372881356,0.5702232938298297,0.5741037145481218,0.5538329962154578,0.11161837321234128,0.28270105892538666
1469,0.0,0.0,9.661016949152541,-9.661016949152541,0.5703663671689486,0.5709581353684322,0.5539666361674266,0.11178048925329692,0.28270105892538666
1470,0.0,0.0,10.169491525423728,-10.169491525423728,0.5705173569336255,0.5696997961051735,0.554111068943666,0.11194940817221584,0.28270105892538666
1471,0.0,0.0,11.1864406779661,-11.1864406779661,0.5706762596677348,0.5692393366116751,0.554256092315246,0.11213152737751385,0.28270105892538666
1472,0.0,0.0,11.1864406779661,-11.1864406779661,0.5708509803738407,0.5698403535328755,0.5544179227996985,0.11231364658281186,0.28270105892538666
1473,0.0,0.0,12.711864406779661,-12.711864406779661,0.5710256985165673,0.5679599270088509,0.5545806296729022,0.11251461121303695,0.28270105892538666
1474,0.0,0.0,18.813559322033896,-18.813559322033896,0.5712241199336281,0.563281058918624,0.5547677032859363,0.11280779663300525,0.28270105892538666
1475,0.0,0.0,16.779661016949152,-16.779661016949152,0.5715170784017053,0.5650906261250295,0.5550500697988973,0.11306536766016728,0.28270105892538666
1476,0.0,0.0,11.1864406779661,-11.1864406779661,0.5717785668294073,0.5713556441608214,0.55529709713072,0.11324748686546529,0.28270105892538666
1477,0.0,0.0,10.169491525423728,-10.169491525423728,0.5719532713644918,0.5751755144621115,0.5554593942464101,0.11341640578438421,0.28270105892538666
1478,0.0,0.0,9.661016949152541,-9.661016949152541,0.5721121549255933,0.5770082659793081,0.555609802575625,0.11357852182533985,0.28270105892538666
1479,2.2,0.7724123279987807,10.169491525423728,-9.397079197424947,0.5722631225319516,0.573150893650381,0.5557470696498603,0.11374744074425877,0.28270105892538666
1480,4.4,1.4606041795458011,12.203389830508474,-10.742785650962674,0.5724099791350292,0.5700531295005707,0.555879660641418,0.11394224593906396,0.28270105892538666
1481,6.3,1.8495793101851854,11.694915254237287,-9.845335944052103,0.5725777752690775,0.5703282285785994,0.5560386359814705,0.1141307705292279,0.28270105892538666
1482,7.9,2.0163729523129095,13.220338983050848,-11.203966030737938,0.5727316059375397,0.5695004985450683,0.5561828249213441,0.11433777689865465,0.28270105892538666
1483,9.2,2.113655822892851,11.694915254237287,-9.581259431344437,0.5729065689685051,0.5711758177438162,0.5563432793882342,0.1145263014888186,0.28270105892538666
1484,10.4,2.2581170876390795,11.694915254237287,-9.436798166598209,0.5730562849537684,0.5711020807636988,0.5564809050819187,0.11471482607898252,0.28270105892538666
1485,11.5,2.647692217745009,11.1864406779661,-8.538748460221091,0.5732037501381427,0.5731049807604447,0.5566223163865723,0.11489694528428053,0.28270105892538666
1486,12.9,3.5551778667695473,11.694915254237287,-8.13973738746774,0.5733372274520844,0.573055848020213,0.556749994408779,0.11508546987444447,0.28270105892538666
1487,14.7,4.909443061213991,10.169491525423728,-5.260048464209738,0.5734644860507251,0.5778317303660698,0.5568699427714165,0.11525438879336339,0.28270105892538666
1488,17.0,6.783422344154856,11.694915254237287,-4.911492910082432,0.573546815706246,0.5750986177673189,0.5569386297527091,0.11544291338352733,0.28270105892538666
1489,19.8,9.194790814814814,13.728813559322033,-4.534022744507219,0.5736236998923484,0.5721177656792097,0.5570008925313736,0.11565584713747054,0.28270105892538666
1490,23.1,11.949109972736624,13.728813559322033,-1.7797035865854092,0.5736946853426191,0.5736263602190813,0.5570592572055925,0.11586878089141377,0.28270105892538666
1491,26.7,14.718874892489703,12.711864406779661,2.007010485710042,0.5737225790107564,0.5765883229537314,0.5570753063735038,0.11606974552163885,0.28270105892538666
1492,30.5,16.88177426030713,13.728813559322033,3.152960700985096,0.5736910752763106,0.5752683559815663,0.5570306568276613,0.11628267927558207,0.28270105892538666
1493,34.1,18.07875583026597,14.745762711864407,3.3329931184015624,0.5736415609285587,0.5719727784707208,0.5569746282783433,0.11650713747991644,0.28270105892538666
1494,37.5,18.76944283693415,14.23728813559322,4.5321547013409305,0.5735892153471244,0.5733115437517965,0.5569115124439468,0.11672588747991644,0.28270105892538666
1495,40.6,18.594573392470657,11.694915254237287,6.89965813823337,0.573518002098947,0.5789930440341026,0.556832327539449,0.11691441207008037,0.28270105892538666
1496,43.3,17.982939028787523,12.711864406779661,5.271074622007863,0.5734094848293564,0.5765746528231913,0.5567084869530383,0.11711537670030546,0.28270105892538666
1497,45.7,17.022954936880822,14.23728813559322,2.7856668012876025,0.573326635210042,0.5738879984287115,0.5566143261202203,0.11733412670030546,0.28270105892538666
1498,47.7,15.405738930555533,14.23728813559322,1.1684507949623129,0.5732828939476319,0.5736636467287031,0.5565621179646435,0.11755287670030547,0.28270105892538666
1499,49.3,13.465056967744992,15.254237288135592,-1.7891803203905994,0.5732645584118408,0.5705528551989109,0.5565319553384631,0.11778442964874634,0.28270105892538666
1500,50.5,11.257175971174362,14.745762711864407,-3.488586740690044,0.5732926015252875,0.5720633894686212,0.556547959072973,0.11800888785308071,0.28270105892538666
1501,51.3,10.158965652777777,15.254237288135592,-5.095271635357815,0.5733472436268827,0.5709543106020427,0.5565967895288957,0.11824044080152159,0.28270105892538666
1502,52.1,9.69163627265282,14.23728813559322,-4.5456518629403995,0.5734270002088884,0.576935502393694,0.5566665839040497,0.11845919080152159,0.28270105892538666
1503,52.7,9.498414249676113,15.762711864406779,-6.2642976147306655,0.5734981685799889,0.5714921133373597,0.5567250951831376,0.11869935194189965,0.28270105892538666
1504,53.4,9.66530623868312,17.796610169491526,-8.131303930808405,0.5735961773807534,0.5693565053755989,0.556810642771987,0.11897459572925416,0.28270105892538666
1505,54.0,9.115194444444464,17.28813559322034,-8.172941148775875,0.5737233017816293,0.5712234587261269,0.5569236485866021,0.11924096990662802,0.28270105892538666
1506,54.5,8.879518773338656,15.762711864406779,-6.883193091068122,0.5738510736700958,0.5760076760327313,0.5570405694644818,0.11948113104700608,0.28270105892538666
1507,55.0,9.345557079713455,18.305084745762713,-8.959527666049258,0.5739587359200781,0.5713639704747135,0.5571406960577101,0.11976531165957319,0.28270105892538666
1508,55.6,10.200417905502203,17.28813559322034,-7.087717687718136,0.5740987587014678,0.5755602266582692,0.5572712288372285,0.12003168583694705,0.28270105892538666
1509,56.3,11.460160519223441,20.847457627118644,-9.387297107895202,0.5742096087139648,0.5681125589454669,0.5573751881443796,0.12036480250903024,0.28270105892538666
1510,57.2,13.910152009449797,19.322033898305083,-5.4118818888552855,0.5743562890038088,0.5736008416883224,0.5575120105421636,0.12066706149725805,0.28270105892538666
1511,58.5,17.325907986111094,19.83050847457627,-2.504600488465176,0.574440983675295,0.5730819204593673,0.5575822600421227,0.12097846360521078,0.28270105892538666
1512,60.2,21.05084922481326,19.322033898305083,1.728815326508176,0.5744802250198443,0.576662744001734,0.5576115331272474,0.12128072259343858,0.28270105892538666
1513,62.3,24.753900268880503,19.83050847457627,4.923391794304234,0.5744530928305092,0.5742662563940742,0.5575784835537447,0.12159212470139132,0.28270105892538666
1514,64.7,27.158083255163067,19.83050847457627,7.327574780586797,0.5743757256685772,0.5753939408223592,0.5574894763254519,0.12190352680934405,0.28270105892538666
1515,67.1,27.089086109758412,19.83050847457627,7.258577635182142,0.5742604667584185,0.5747348553192684,0.5573645224338852,0.12221492891729678,0.28270105892538666
1516,69.2,24.135651570492357,19.83050847457627,4.305143095916087,0.5741462951828225,0.5728667029617052,0.5572461517676043,0.1225263310252495,0.28270105892538666
1517,70.7,20.719743169429258,20.338983050847457,0.3807601185818008,0.5740786582974693,0.5714729324419672,0.5571661440247162,0.12284818490358874,0.28270105892538666
1518,71.9,17.961527366274222,19.83050847457627,-1.868981108302048,0.5740726856224263,0.5742774715522387,0.5571488963935021,0.12315958701154148,0.28270105892538666
1519,72.7,15.910419252724394,19.83050847457627,-3.9200892218518764,0.5741019765796477,0.5745328379072061,0.5571680277651703,0.12347098911949421,0.28270105892538666
1520,73.4,14.252839968297483,20.338983050847457,-6.086143082549974,0.57416336264316,0.5737812770343265,0.5572209769746974,0.12379284299783344,0.28270105892538666
1521,73.8,12.476986370370343,20.847457627118644,-8.370471256748301,0.5742585854788065,0.5744283271890814,0.5573033936543172,0.12412595966991664,0.28270105892538666
1522,74.1,10.179138218621365,21.35593220338983,-11.176793984768466,0.5743894293666623,0.5748627644128343,0.5574247556845885,0.12447056091704496,0.28270105892538666
1523,74.0,6.8233856500533365,24.406779661016948,-17.583394010963612,0.5745639456493848,0.569900159659055,0.5575861758290037,0.12488911689890753,0.28270105892538666
1524,73.6,2.009369798506365,23.389830508474574,-21.380460709968208,0.5748378034390501,0.5724125676826253,0.5578457028573774,0.12528201064677225,0.28270105892538666
1525,72.5,0.0,22.881355932203387,-22.881355932203387,0.5751703001742988,0.5769153854601744,0.5581659065650338,0.12566246380876073,0.28270105892538666
1526,70.8,0.0,23.89830508474576,-23.89830508474576,0.5755259208728691,0.5742047471770843,0.5585142263572076,0.1260680558004763,0.28270105892538666
1527,68.6,0.0,24.406779661016948,-24.406779661016948,0.5758971895807367,0.5734319980299268,0.5588751854781192,0.12648661178233886,0.28270105892538666
1528,66.2,0.0,24.915254237288135,-24.915254237288135,0.5762762712764496,0.573277890719172,0.5592383367944549,0.12691840593108755,0.28270105892538666
1529,64.0,0.0,24.406779661016948,-24.406779661016948,0.5766631621856461,0.5759210932989289,0.5596156597780388,0.1273369619129501,0.28270105892538666
1530,62.2,0.0,24.406779661016948,-24.406779661016948,0.5770422197594332,0.575641813022906,0.559986945544954,0.12775551789481268,0.28270105892538666
1531,60.9,0.0,24.406779661016948,-24.406779661016948,0.5774212653971051,0.5759565950886643,0.5603539982569004,0.12817407387667526,0.28270105892538666
1532,60.2,2.857690788599348,24.406779661016948,-21.5490888724176,0.5778002990997825,0.5758664680156387,0.560722180256408,0.12859262985853784,0.28270105892538666
1533,60.0,7.077211934156401,24.406779661016948,-17.329567726860546,0.5781353136472798,0.5780318558990013,0.5610502905547642,0.1290111858404004,0.28270105892538666
1534,60.4,11.814758338972675,24.406779661016948,-12.592021322044273,0.578405164372851,0.5782246073288579,0.5613041553551364,0.12942974182226297,0.28270105892538666
1535,61.4,17.61442732083525,23.89830508474576,-6.28387776391051,0.5786016028043,0.5799908160079931,0.5614888569418152,0.12983533381397855,0.28270105892538666
1536,63.2,23.965669691205633,23.89830508474576,0.06736460645987208,0.5786998749206813,0.5829599650585179,0.5615795438651314,0.1302409258056941,0.28270105892538666
1537,65.6,29.302103265965524,22.881355932203387,6.420747333762137,0.5786988187721304,0.5837652266960262,0.5615668145810349,0.1306213789676826,0.28270105892538666
1538,68.4,34.33486199999996,22.881355932203387,11.453506067796571,0.5785978977124204,0.5844125889841987,0.5614568186129791,0.1310018321296711,0.28270105892538666
1539,71.6,38.57252316994363,22.881355932203387,15.691167237740242,0.5784175053599119,0.5816269895462876,0.5612631619396539,0.1313822852916596,0.28270105892538666
1540,74.9,42.16698245715218,23.389830508474574,18.777151948677606,0.5781699418909584,0.5787750218459246,0.5610038372916606,0.13177517903952432,0.28270105892538666
1541,78.4,45.07348883279984,22.881355932203387,22.19213290059645,0.5778733118091769,0.5785832398233149,0.5606927612886056,0.13215563220151283,0.28270105892538666
1542,81.8,45.381831101356525,23.89830508474576,21.483526016610764,0.5775222358639989,0.5754290116498545,0.5603360383148265,0.13256122419322838,0.28270105892538666
1543,84.9,42.639026385288105,22.881355932203387,19.757670453084717,0.5771824581580449,0.5774642998823386,0.5599856657359619,0.1329416773552169,0.28270105892538666
1544,87.4,35.85141179576277,21.35593220338983,14.495479592372941,0.5768701871375522,0.5799574210625665,0.559662440794605,0.13328627860234518,0.28270105892538666
1545,89.0,28.181576665142487,21.35593220338983,6.825644461752656,0.5766415688958673,0.5780940091434047,0.5594281311692091,0.1336308798494735,0.28270105892538666
1546,90.0,22.876620370370336,20.847457627118644,2.0291627432516925,0.5765342474483554,0.5787994096281602,0.5593147485528788,0.13396399652155672,0.28270105892538666
1547,90.6,19.634575983539108,20.847457627118644,-1.2128816435795358,0.5765024033069532,0.5781914950758773,0.5592720556856835,0.1342971131936399,0.28270105892538666
1548,91.0,19.204009754610578,20.338983050847457,-1.134973296236879,0.5765214128264953,0.5799620823977788,0.5592823537690049,0.13461896707197915,0.28270105892538666
1549,91.5,19.983614904835328,20.338983050847457,-0.35536814601212896,0.5765392018095254,0.5789371317196577,0.5592861379613017,0.13494082095031837,0.28270105892538666
1550,92.0,21.36262330437438,20.847457627118644,0.5151656772557374,0.5765447733855941,0.5786164009916406,0.5592809581963893,0.13527393762240159,0.28270105892538666
1551,92.7,22.8403706435186,20.338983050847457,2.5013875926711435,0.5765366936547877,0.5791463378746958,0.5592637309449384,0.1355957915007408,0.28270105892538666
1552,93.4,23.73835495076973,19.83050847457627,3.907846476193459,0.5764974313782837,0.5797871380953333,0.5592087756659502,0.13590719360869355,0.28270105892538666
1553,94.2,24.086859884773613,19.83050847457627,4.256351410197343,0.5764360583338273,0.5783344332040917,0.5591383181839099,0.1362185957166463,0.28270105892538666
1554,94.9,24.39484774826622,19.83050847457627,4.564339273689949,0.5763692023169124,0.5783176719276433,0.5590639431157277,0.13652999782459904,0.28270105892538666
1555,95.7,25.98105329269545,24.915254237288135,1.0657990554073145,0.5762974993756549,0.5726778394828582,0.5589798773872123,0.1369617919733477,0.28270105892538666
1556,96.6,28.260498288065875,22.3728813559322,5.887616932133675,0.576280779626897,0.5745061361879015,0.5589552737046876,0.1373300544440541,0.28270105892538666
1557,97.7,30.681381867988886,24.406779661016948,6.274602206971938,0.576188239045198,0.5729252837764459,0.5588524577333972,0.13774861042591666,0.28270105892538666
1558,98.9,33.84155178499847,19.83050847457627,14.011043310422203,0.5760895998010366,0.5757044989932748,0.5587416268816542,0.1380600125338694,0.28270105892538666
1559,100.4,37.245345688462116,21.35593220338983,15.889413485072286,0.5758686505440662,0.574167469772946,0.5585101061500504,0.13840461378099772,0.28270105892538666
1560,102.0,38.83396399176947,18.305084745762713,20.52887924600676,0.5756178843116179,0.5790377525658404,0.5582453157311398,0.13868879439356482,0.28270105892538666
1561,103.6,39.79309483279989,19.83050847457627,19.962586358223618,0.5752932784319507,0.5751861868593519,0.5579109419667055,0.13900019650151757,0.28270105892538666
1562,105.2,40.76856671452523,19.83050847457627,20.93805823994896,0.5749776910230295,0.5743378393917219,0.5575828789809361,0.13931159860947032,0.28270105892538666
1563,106.8,42.4473604032922,18.305084745762713,24.14227565752949,0.5746465415317785,0.5763612544685011,0.5572410055930201,0.13959577922203742,0.28270105892538666
1564,108.5,44.228484051116496,18.305084745762713,25.923399305353783,0.5742642029200532,0.5780780330646763,0.5568528596370935,0.1398799598346045,0.28270105892538666
1565,110.2,45.342199323883605,18.813559322033896,26.52864000184971,0.5738533427678939,0.574387565544768,0.5564306864834777,0.1401731452545728,0.28270105892538666
1566,111.9,47.195058931584356,19.322033898305083,27.873025033279273,0.57343277048759,0.573799674351392,0.5559992509647134,0.1404754042428006,0.28270105892538666
1567,113.7,47.69726678034974,18.305084745762713,29.39218203458703,0.5729906240697654,0.5768263032482018,0.5555508023282872,0.14075958485536771,0.28270105892538666
1568,115.3,46.57814112755295,18.305084745762713,28.27305638179024,0.5725240691331389,0.5750577377360768,0.5550730214871266,0.14104376546793482,0.28270105892538666
1569,116.8,46.09962207834176,20.338983050847457,25.760639027494303,0.5720754677342059,0.5708386330803515,0.5546106657832752,0.14136561934627404,0.28270105892538666
1570,118.2,45.531463670781896,19.83050847457627,25.700955196205626,0.5716671372022416,0.5709430857131501,0.5541899089404803,0.14167702145422678,0.28270105892538666
1571,119.5,44.87465363749804,24.915254237288135,19.959399400209907,0.5712597483276722,0.5664425410792908,0.5537690568137575,0.14210881560297545,0.28270105892538666
1572,120.7,44.13033066561873,21.864406779661017,22.26592388595771,0.5709441021377958,0.5682666208654873,0.5534425747747151,0.14246512982239873,0.28270105892538666
1573,121.8,41.73343838683109,19.322033898305083,22.411404488526006,0.5705916376497762,0.571064315946107,0.553077798445166,0.14276738881062653,0.28270105892538666
1574,122.6,38.31209039902464,20.338983050847457,17.973107348177184,0.5702368383034909,0.5689969265090951,0.5527138536152553,0.14308924268896575,0.28270105892538666
1575,123.2,35.5174473318092,21.864406779661017,13.653040552148184,0.5699528094133324,0.5677044021405732,0.5524190210177872,0.14344555690838903,0.28270105892538666
1576,123.6,31.784298658436317,20.847457627118644,10.936841031317673,0.5697374237908749,0.5683308767020397,0.5521901854406202,0.14377867358047222,0.28270105892538666
1577,123.7,27.864447608348584,20.338983050847457,7.525464557501127,0.569565074385466,0.5683836506133764,0.5520147998913761,0.14410052745881147,0.28270105892538666
1578,123.6,24.631520880658332,23.89830508474576,0.7332157959125709,0.5694466448126173,0.5654235724928505,0.5518881440513631,0.14450611945052702,0.28270105892538666
1579,123.3,22.892302319444514,20.338983050847457,2.5533192685970576,0.5694351373177788,0.5684281777667124,0.5518689627416308,0.14482797332886624,0.28270105892538666
1580,123.0,21.161483539094668,18.813559322033896,2.347924217060772,0.5693950349160791,0.5698181568093103,0.5518140585598525,0.14512115874883455,0.28270105892538666
1581,122.5,20.13336732919906,18.305084745762713,1.8282825834363479,0.5693581613504669,0.5705560186906169,0.5517677586147631,0.14540533936140165,0.28270105892538666
1582,122.1,19.159841346193392,19.83050847457627,-0.6706671283828776,0.5693294545022131,0.5681333778842032,0.5517292159062598,0.1457167414693544,0.28270105892538666
1583,121.5,16.539578125000112,24.406779661016948,-7.867201536016836,0.5693399745363159,0.5649482056595994,0.5517318313922188,0.14613529745121695,0.28270105892538666
1584,120.8,14.680389757049298,19.83050847457627,-5.150118717526972,0.5694630268797709,0.5683585403657971,0.5518448557459699,0.1464466995591697,0.28270105892538666
1585,120.0,12.802572016460733,19.83050847457627,-7.027936458115537,0.5695436666559167,0.5681869071897655,0.5519146528100879,0.14675810166712244,0.28270105892538666
1586,119.1,10.911731042695248,17.796610169491526,-6.884879126796278,0.5696536264873299,0.5705408256337244,0.5520161286027807,0.14703334545447697,0.28270105892538666
1587,118.1,9.773055782255133,17.28813559322034,-7.515079810965206,0.5697613531256647,0.5717384352476303,0.552116402829782,0.14729971963185085,0.28270105892538666
1588,117.1,10.160432865207456,19.83050847457627,-9.670075609368814,0.5698789100540728,0.5686952402178914,0.5522256325832426,0.1476111217398036,0.28270105892538666
1589,116.2,12.073306100289637,20.338983050847457,-8.26567695055782,0.5700300470486764,0.5684058567736127,0.5523697328700424,0.1479329756181428,0.28270105892538666
1590,115.5,14.036215727880672,18.305084745762713,-4.268869017882041,0.5701593041635411,0.5707358220086478,0.5524851696725224,0.1482171562307099,0.28270105892538666
1591,114.9,16.01662479063775,17.28813559322034,-1.2715108025825899,0.5702261648984509,0.571551104966897,0.5525382014571211,0.1484835304080838,0.28270105892538666
1592,114.5,17.325454129991545,18.813559322033896,-1.488105192042351,0.5702461034347803,0.569889182705087,0.5525500946318631,0.1487767158280521,0.28270105892538666
1593,114.1,18.625124173506386,16.779661016949152,1.8454631565572335,0.5702694363322127,0.5731818018042012,0.5525644836379875,0.14903428685521414,0.28270105892538666
1594,113.9,20.003904914285183,16.779661016949152,3.224243897336031,0.5702404617639597,0.5732159793118806,0.5525277223715301,0.14929185788237617,0.28270105892538666
1595,113.7,18.453439619855935,16.779661016949152,1.6737786029067827,0.5701898116945444,0.5753387822897678,0.5524634807635868,0.14954942890953823,0.28270105892538666
1596,113.3,16.82582862450467,16.779661016949152,0.04616760755551752,0.5701635342731687,0.5734236639629511,0.5524272302494128,0.14980699993670027,0.28270105892538666
1597,112.9,14.483670989007065,19.322033898305083,-4.838362909298018,0.5701628099357583,0.569768422308332,0.5524090568791231,0.15010925892492807,0.28270105892538666
1598,112.2,11.326517662551502,24.915254237288135,-13.588736574736632,0.5702385731757287,0.5657608199050541,0.55247797300867,0.15054105307367674,0.28270105892538666
1599,111.4,9.608511987806668,26.440677966101696,-16.832165978295027,0.5704506228166162,0.5645886138000346,0.5526769317828106,0.15102324891937408,0.28270105892538666
1600,110.5,7.883229640584401,20.338983050847457,-12.455753410263057,0.570712947467635,0.5696901413916318,0.5529291795423098,0.15134510279771332,0.28270105892538666
1601,109.5,6.860418145576181,19.322033898305083,-12.461615752728903,0.5709073958705706,0.5714223609775901,0.553112002457643,0.15164736178594113,0.28270105892538666
1602,108.5,7.9501918700465755,18.813559322033896,-10.86336745198732,0.5711019321700255,0.5740513378382067,0.5532948101741652,0.1519405472059094,0.28270105892538666
1603,107.7,10.470345617798257,20.847457627118644,-10.377112009320387,0.5712716223114888,0.5705298528103281,0.5534560345277972,0.15227366387799263,0.28270105892538666
1604,107.1,12.336243532407277,19.83050847457627,-7.494264942168993,0.5714337456710766,0.5729856424564386,0.5536091930525108,0.15258506598594537,0.28270105892538666
1605,106.6,14.903454681908368,20.338983050847457,-5.435528368939089,0.5715509614509532,0.5729853533784565,0.5537127966140862,0.1529069198642846,0.28270105892538666
1606,106.4,16.88141662124686,23.89830508474576,-7.016888463498901,0.5716360455155729,0.5693290049141153,0.5537834820851868,0.15331251185600014,0.28270105892538666
1607,106.2,18.16905437037033,20.338983050847457,-2.1699286804771276,0.571745813617218,0.5744253233431096,0.5538775078976331,0.1536343657343394,0.28270105892538666
1608,106.2,19.534795111111116,20.338983050847457,-0.804187939736341,0.5717798236932161,0.5766685640893509,0.5538983634680834,0.1539562196126786,0.28270105892538666
1609,106.2,20.900535851851892,21.864406779661017,-0.9638709278091255,0.5717924348370721,0.5721166316449533,0.5539044652319607,0.1543125338321019,0.28270105892538666
1610,106.4,21.670511271452494,21.864406779661017,-0.19389550820852364,0.5718075491261737,0.5735462055298525,0.5539105109195641,0.15466884805152514,0.28270105892538666
1611,106.5,22.398961484053398,22.3728813559322,0.026080128121197532,0.5718105904961135,0.5740841195332466,0.5539053582360028,0.15503711052223154,0.28270105892538666
1612,106.8,24.592422131687286,22.3728813559322,2.2195407757550853,0.5718101813775461,0.5741093714666771,0.5538900309614799,0.1554053729929379,0.28270105892538666
1613,107.2,26.846661573540636,24.915254237288135,1.9314073362525015,0.5717753329750325,0.570257731226377,0.5538432832505673,0.1558371671416866,0.28270105892538666
1614,107.8,29.219201008382854,22.3728813559322,6.846319652450653,0.5717450118788009,0.5741448017281522,0.5538042034070194,0.15620542961239298,0.28270105892538666
1615,108.5,31.67061368074612,23.389830508474574,8.280783172271544,0.5716373195597689,0.5723709983769203,0.5536832351185322,0.1565983233602577,0.28270105892538666
1616,109.4,34.96742112056084,27.966101694915253,7.00131942564559,0.5715069868043036,0.5671902651938616,0.553542952111805,0.15713711646370598,0.28270105892538666
1617,110.5,37.72505062823884,22.3728813559322,15.35216927230664,0.5713968472500579,0.5744866958911521,0.5534246760365001,0.15750537893441235,0.28270105892538666
1618,111.7,39.8770547345489,22.881355932203387,16.995698802345512,0.5711545197207227,0.5727215633907015,0.5531747942170845,0.15788583209640086,0.28270105892538666
1619,113.0,39.953525910684284,25.93220338983051,14.021322520853776,0.5708860648693407,0.5686875500688716,0.5528924297991102,0.15835048224217346,0.28270105892538666
1620,114.1,38.434151951284065,23.389830508474574,15.04432144280949,0.5706648540130904,0.5722681029709523,0.5526595947470967,0.15874337599003818,0.28270105892538666
1621,115.1,36.82161097944292,20.338983050847457,16.482627928595466,0.5704274005115304,0.5776504500153821,0.552410995414087,0.1590652298683774,0.28270105892538666
1622,115.9,34.31651671774492,21.35593220338983,12.960584514355087,0.5701670879412528,0.5750321435770945,0.5521442067306397,0.15940983111550572,0.28270105892538666
1623,116.5,30.166387991064596,22.3728813559322,7.793506635132395,0.5699626873791974,0.5733920274060178,0.5519291750622993,0.1597780935862121,0.28270105892538666
1624,116.7,25.02136825668726,25.423728813559322,-0.4023605568720612,0.5698400305061102,0.5693198210993685,0.5517941812249018,0.16022580132260178,0.28270105892538666
1625,116.6,20.47353613290665,30.0,-9.526463867093351,0.5698463423055132,0.565425779533825,0.5517887458121036,0.16085080132260177,0.28270105892538666
1626,116.2,13.567647664075686,25.93220338983051,-12.364555725754823,0.5699952435801535,0.5691835570214363,0.5519248602881311,0.16131545146837437,0.28270105892538666
1627,115.2,5.76973511111108,24.915254237288135,-19.145519126177057,0.5701882868237428,0.5722170924936676,0.5521050183645854,0.16174724561712303,0.28270105892538666
1628,113.8,0.0,25.423728813559322,-25.423728813559322,0.5704864016477418,0.571253505296983,0.5523910009112504,0.16219495335351272,0.28270105892538666
1629,112.0,0.0,27.457627118644066,-27.457627118644066,0.5708813004611134,0.5692194423693454,0.5527772360255572,0.1627141841227435,0.28270105892538666
1630,110.1,0.0,24.915254237288135,-24.915254237288135,0.5713074420489199,0.573774031089548,0.5531889700171966,0.16314597827149216,0.28270105892538666
1631,108.3,0.0,25.423728813559322,-25.423728813559322,0.5716944926676029,0.5723050182889232,0.553565570942647,0.16359368600788185,0.28270105892538666
1632,107.0,4.733041685718649,24.915254237288135,-20.182212551569485,0.5720893518633459,0.5746895972852705,0.5539518318449872,0.16402548015663052,0.28270105892538666
1633,106.1,11.306541385821463,24.915254237288135,-13.608712851466672,0.5724034323417504,0.5774398001919472,0.5542529528322149,0.1644572743053792,0.28270105892538666
1634,105.8,16.64789236335925,25.93220338983051,-9.284311026471258,0.5726157535187026,0.5731835055301522,0.5544566026843815,0.1649219244511518,0.28270105892538666
1635,105.7,18.648166219459753,25.93220338983051,-7.284037170370755,0.5727608499402347,0.5743144077459188,0.554589945089462,0.16538657459692438,0.28270105892538666
1636,105.7,18.648166219459664,28.47457627118644,-9.826410051726775,0.5728747743356403,0.5712843251665431,0.5546933574505274,0.16594568002823432,0.28270105892538666
1637,105.6,16.570573102880665,26.440677966101696,-9.87010486322103,0.5730283066045386,0.57406886309882,0.5548333302540677,0.16642787587393165,0.28270105892538666
1638,105.3,14.423832041666707,26.440677966101696,-12.016845924434989,0.5731825169366006,0.5765006882424522,0.5549789746808534,0.16691007171962896,0.28270105892538666
1639,104.9,12.929445402968296,26.94915254237288,-14.019707139404582,0.5733701069808218,0.5745854796239664,0.5551522030619936,0.16741044936313348,0.28270105892538666
1640,104.4,12.75562422222222,26.94915254237288,-14.193528320150659,0.5735887874726838,0.5750838464459714,0.5553595513375712,0.167910827006638,0.28270105892538666
1641,104.0,14.623898338667859,27.966101694915253,-13.342203356247394,0.5738101601040169,0.5741934555576556,0.5555722064774328,0.1684496201100863,0.28270105892538666
1642,103.8,17.888667028806566,27.966101694915253,-10.077434666108687,0.5740183204588624,0.5759987560772972,0.5557752345643466,0.16898841321353458,0.28270105892538666
1643,103.9,22.60463030485066,27.457627118644066,-4.852996813793407,0.5741757441549887,0.5781257065215492,0.5559258846305354,0.16950764398276535,0.28270105892538666
1644,104.4,26.852846444444413,28.47457627118644,-1.6217298267420261,0.5742517103767991,0.5749520088444664,0.5559916567414956,0.17006674941407526,0.28270105892538666
1645,105.1,30.570156328856097,28.983050847457626,1.5871054813984706,0.5742771284883821,0.5738177593094721,0.5560077074472622,0.17064696114045963,0.28270105892538666
1646,106.1,33.820044472241335,30.0,3.820044472241335,0.5742522212868753,0.5684304541865016,0.5559677487697966,0.17127196114045964,0.28270105892538666
1647,107.2,36.49686733485753,29.491525423728813,7.005341911128713,0.5741922178455603,0.5731746775674633,0.555893087091298,0.17187412060889817,0.28270105892538666
1648,108.5,39.34486779597241,30.0,9.344867795972412,0.5740820400374941,0.5713764527974987,0.5557751510100314,0.1724991206088982,0.28270105892538666
1649,109.9,40.90427495162697,30.0,10.904274951626967,0.5739349270847726,0.57101924219698,0.555612270298901,0.17312412060889817,0.28270105892538666
1650,111.3,41.77929456224281,28.47457627118644,13.304718291056371,0.5737631547619318,0.5755646105166344,0.5554325906163675,0.1736832260402081,0.28270105892538666
1651,112.7,41.21842388616454,30.0,11.218423886164537,0.5735533622363777,0.5721137677245505,0.5552107465550459,0.1743082260402081,0.28270105892538666
1652,113.9,39.77821046984064,30.0,9.778210469840637,0.5733766130183598,0.57069634605973,0.5550222844898742,0.17493322604020808,0.28270105892538666
1653,115.0,38.98081085200423,27.966101694915253,11.01470915708898,0.573222641941519,0.57491011313996,0.5548541444647044,0.17547201914365637,0.28270105892538666
1654,116.0,37.35728859929888,27.966101694915253,9.39118690438363,0.573049111677053,0.5745210231618414,0.5546680252941305,0.17601081224710466,0.28270105892538666
1655,116.8,36.33624759274496,27.966101694915253,8.370145897829708,0.5729012537464446,0.5734589380526283,0.5545041640631753,0.17654960535055295,0.28270105892538666
1656,117.6,36.81158190946517,27.457627118644066,9.353954790821103,0.5727695239533286,0.5740604943768766,0.5543646061426298,0.17706883611978372,0.28270105892538666
1657,118.4,37.29155354854458,30.0,7.291553548544577,0.5726222509136444,0.5708022855503023,0.5542004274166968,0.17769383611978373,0.28270105892538666
1658,119.2,37.776194056393805,27.457627118644066,10.31856693774974,0.5725075431250592,0.5729643320202514,0.5540756125802414,0.1782130668890145,0.28270105892538666
1659,120.0,38.265534979423826,30.0,8.265534979423826,0.5723450159254745,0.5703497981479281,0.5539021240052372,0.1788380668890145,0.28270105892538666
1660,120.8,38.75960786404508,26.94915254237288,11.810455321672201,0.5722149318131285,0.5769797522692169,0.5537578125099573,0.17933844453251901,0.28270105892538666
1661,121.6,38.476551252552895,28.47457627118644,10.001974981366455,0.5720287891594572,0.5715806075650629,0.5535600139355664,0.17989754996382892,0.28270105892538666
1662,122.3,38.91246443211775,27.457627118644066,11.454837313473686,0.5718712622673239,0.5724265710358729,0.553395678600447,0.18041678073305972,0.28270105892538666
1663,123.1,39.41517339675729,26.94915254237288,12.46602085438441,0.5716907450991284,0.5730712174297843,0.5532009839951868,0.18091715837656422,0.28270105892538666
1664,123.8,38.2669464374334,28.47457627118644,9.792370166246958,0.5714942092627318,0.5707111052571656,0.5529933437250149,0.18147626380787416,0.28270105892538666
1665,124.4,37.84275123030034,26.94915254237288,10.893598687927458,0.571339989559724,0.573106675744493,0.5528310466987646,0.18197664145137868,0.28270105892538666
1666,125.0,36.609844154854464,30.0,6.609844154854464,0.5711683481028321,0.5683010317340201,0.5526457558762577,0.18260164145137867,0.28270105892538666
1667,125.4,35.24332080658434,27.966101694915253,7.2772191116690905,0.5710643803083696,0.5715438881141668,0.5525262607513003,0.18314043455482695,0.28270105892538666
1668,125.8,34.676644794391045,30.0,4.676644794391045,0.5709498834862277,0.5681046068068755,0.552396765055144,0.18376543455482694,0.28270105892538666
1669,126.1,34.0463686110922,29.491525423728813,4.554843187363385,0.5708763791333309,0.5696907872429273,0.5523159435471233,0.1843675940232655,0.28270105892538666
1670,126.4,33.41293366133203,26.94915254237288,6.4637811189591545,0.5708047922244754,0.5745863968363866,0.5522318489037487,0.18486797166677002,0.28270105892538666
1671,126.6,31.903498699588337,27.966101694915253,3.937397004673084,0.5707031247095904,0.5714006269667892,0.5521171089474363,0.1854067647702183,0.28270105892538666
1672,126.7,31.146969180708016,26.94915254237288,4.197816638335137,0.570641256389991,0.5737132098739384,0.5520469805423026,0.18590714241372283,0.28270105892538666
1673,126.8,31.204560936747495,26.94915254237288,4.255408394374616,0.5705752888669458,0.5753065951951533,0.55197258164544,0.18640752005722735,0.28270105892538666
1674,126.9,30.446258597222243,26.94915254237288,3.4971060548493647,0.5705084143870056,0.5756739017558302,0.5518953860117488,0.18690789770073188,0.28270105892538666
1675,126.9,29.630286375,27.966101694915253,1.6641846800847482,0.5704534731391938,0.5717950005195385,0.5518274477325757,0.18744669080418014,0.28270105892538666
1676,126.9,28.814314152777754,28.983050847457626,-0.16873669467987185,0.5704273470217517,0.570083587087318,0.5517916532717221,0.1880269025305645,0.28270105892538666
1677,126.8,27.1279148462124,28.47457627118644,-1.346661424974041,0.5704299940962559,0.570492892183948,0.5517819994665253,0.18858600796187444,0.28270105892538666
1678,126.6,25.391153020576013,28.983050847457626,-3.5918978268816133,0.5704511100719937,0.5700745715872512,0.5517936538072854,0.18916621968825878,0.28270105892538666
1679,126.3,24.42046861059677,30.0,-5.579531389403229,0.5705073815435602,0.5654783320479092,0.5518385958982137,0.1897912196882588,0.28270105892538666
1680,126.0,24.26452777777785,30.0,-5.73547222222215,0.5705947224395332,0.5667117381497827,0.5519135529938679,0.19041621968825878,0.28270105892538666
1681,125.7,25.72579799434147,30.0,-4.27420200565853,0.5706844981967738,0.5655425214819161,0.5519954213411173,0.1910412196882588,0.28270105892538666
1682,125.6,28.095759095869507,30.0,-1.9042409041304929,0.5707514393490032,0.5659896353835789,0.5520562344169518,0.19166621968825878,0.28270105892538666
1683,125.6,30.518598602042413,26.94915254237288,3.5694460596695343,0.5707812908688189,0.5737307710948965,0.5520769443283166,0.1921665973317633,0.28270105892538666
1684,125.8,33.8677456174365,27.457627118644066,6.410118498792432,0.5707252127998074,0.5720929218932468,0.5520112159250714,0.19268582810099408,0.28270105892538666
1685,126.2,35.72900730437431,27.457627118644066,8.271380185730248,0.5706243908242271,0.5714187645193134,0.5518981703900843,0.19320505887022485,0.28270105892538666
1686,126.6,35.97371474897116,30.0,5.973714748971162,0.5704941953110918,0.568095630694696,0.5517570788865621,0.19383005887022486,0.28270105892538666
1687,127.0,36.21967024843793,25.93220338983051,10.28746685860742,0.5704002519630436,0.5738404497886072,0.551647994073102,0.19429470901599746,0.28270105892538666
1688,127.4,34.82850326047852,28.983050847457626,5.845452413020894,0.5702381874848852,0.5690850122131392,0.5514794925357607,0.19487492074238183,0.28270105892538666
1689,127.6,33.30905922237452,30.0,3.309059222374522,0.5701462639372312,0.5676381295456818,0.5513772351279467,0.19549992074238182,0.28270105892538666
1690,127.8,32.60654488888896,30.0,2.606544888888962,0.5700942793118323,0.5676731609977369,0.551312733931566,0.19612492074238183,0.28270105892538666
1691,127.9,31.84324016767647,25.93220338983051,5.911036777845961,0.5700533423684461,0.572039111388318,0.5512546718324358,0.1965895708881544,0.28270105892538666
1692,128.0,31.90177351013549,24.915254237288135,6.986519272847357,0.5699603835530743,0.5729926026530708,0.5511500114225345,0.1970213650369031,0.28270105892538666
1693,128.1,31.96038571862123,26.94915254237288,5.01123317624835,0.5698504629957163,0.5695832984134968,0.5510259078084421,0.19752174268040762,0.28270105892538666
1694,128.2,32.019076854748,26.94915254237288,5.069924312375122,0.569771681871959,0.5699178327597643,0.5509382828436975,0.19802212032391214,0.28270105892538666
1695,128.3,32.07784698012885,26.440677966101696,5.637169014027151,0.5696919756594374,0.5701063476061787,0.5508450720863857,0.19850431616960948,0.28270105892538666
1696,128.4,32.136696156378434,27.966101694915253,4.170594461463182,0.5696033307964542,0.5679559273785102,0.5507496966580753,0.19904310927305774,0.28270105892538666
1697,128.5,32.19562444511131,26.94915254237288,5.246471902738428,0.5695377859946812,0.568889225674596,0.5506732462253677,0.19954348691656226,0.28270105892538666
1698,128.6,31.427728615759815,28.983050847457626,2.4446777683021885,0.5694552967253415,0.5661331899239312,0.5505741665610925,0.20012369864294663,0.28270105892538666
1699,128.6,29.773922031397625,22.881355932203387,6.892566099194237,0.5694169023799734,0.5718024474574428,0.5505232566900528,0.20050415180493514,0.28270105892538666
1700,128.5,28.064323004782178,25.423728813559322,2.6405941912228563,0.5693084590859679,0.5692012126733825,0.55039739270231,0.2009518595413248,0.28270105892538666
1701,128.3,27.12800130111636,23.89830508474576,3.2296962163705984,0.5692669840512714,0.5705609848626112,0.5503434414746893,0.20135745153304038,0.28270105892538666
1702,128.1,27.01825608899167,24.915254237288135,2.103001851703535,0.5692162440244202,0.5694274629329628,0.5502810473319171,0.20178924568178905,0.28270105892538666
1703,127.9,26.08642432405512,30.0,-3.9135756759448803,0.569183219636948,0.5634767146002057,0.5502357007905851,0.20241424568178906,0.28270105892538666
1704,127.6,25.924799963115476,25.93220338983051,-0.0074034267150331345,0.5692445293220302,0.5676959263508667,0.5502840047270839,0.20287889582756166,0.28270105892538666
1705,127.4,26.63663083249517,16.779661016949152,9.85696981554602,0.5692446454831701,0.5734366801810323,0.5502736277629372,0.2031364668547237,0.28270105892538666
1706,127.2,26.5283024362139,22.3728813559322,4.155421080281698,0.5690893745326738,0.5695868331646404,0.5501091205180487,0.20350472932543007,0.28270105892538666
1707,127.0,27.236902758725737,24.915254237288135,2.321648521437602,0.5690240657386298,0.5673167481892849,0.5500271685203875,0.20393652347417876,0.28270105892538666
1708,126.9,27.99834193055551,23.389830508474574,4.608511422080937,0.5689876040612716,0.5681374895549761,0.5499811238299263,0.20432941722204348,0.28270105892538666
1709,126.8,27.943244064319416,20.847457627118644,7.095786437200772,0.5689151604743153,0.5691691027835805,0.5498952337582974,0.20466253389412667,0.28270105892538666
1710,126.7,29.517596752724433,22.3728813559322,7.1447153967922326,0.5688035059411531,0.5677403168137677,0.5497760587399885,0.20503079636483307,0.28270105892538666
1711,126.8,31.204560936747495,20.338983050847457,10.865577885900038,0.5686910782121585,0.5682549548002204,0.5496542069955305,0.20535265024317229,0.28270105892538666
1712,126.9,32.07820304166653,17.796610169491526,14.281592872175,0.5685198414316732,0.5694530872007276,0.5494706762048823,0.2056278940305268,0.28270105892538666
1713,127.1,33.82957990262547,13.728813559322033,20.100766343303434,0.5682944548663147,0.571173447953525,0.5492391118943961,0.20584082778447005,0.28270105892538666
1714,127.4,34.82850326047873,9.661016949152541,25.167486311326194,0.5679764734953822,0.5722611572360959,0.5489093178322247,0.20600294382542567,0.28270105892538666
1715,127.7,35.8319911101011,9.152542372881356,26.679448737219744,0.5675775008870065,0.5717110405047166,0.5484980002284956,0.20615811623921876,0.28270105892538666
1716,128.1,36.902515348250994,8.135593220338983,28.76692212791201,0.5671542816038778,0.5718171262676156,0.5480623738750573,0.2062989613096413,0.28270105892538666
1717,128.5,37.97944646157238,14.745762711864407,23.23368374970797,0.5666975384358146,0.5682465177564128,0.5475930688996719,0.20652341951397565,0.28270105892538666
1718,129.0,39.127257201646124,11.1864406779661,27.940816523680024,0.5663294736760582,0.5690960593898798,0.5472075807101364,0.20670553871927366,0.28270105892538666
1719,129.5,40.28348503705592,19.83050847457627,20.45297656247965,0.5658859665228245,0.5641355248513382,0.5467513687112888,0.2070169408272264,0.28270105892538666
1720,130.1,40.67822182477904,14.745762711864407,25.93245911291463,0.565562299657486,0.5659021040328439,0.5464201693671099,0.20724139903156077,0.28270105892538666
1721,130.6,39.32984623197684,16.779661016949152,22.550185215027685,0.5651509847877985,0.5641316596816921,0.545997339160762,0.2074989700587228,0.28270105892538666
1722,131.0,37.06406500533447,7.627118644067796,29.436946361266674,0.5647938003971553,0.5683487492946809,0.5456286520403977,0.20763418640487666,0.28270105892538666
1723,131.2,34.660439296448786,15.762711864406779,18.897727432042007,0.5643261937079407,0.5631490568659366,0.5451480025665315,0.20787434754525472,0.28270105892538666
1724,131.3,32.189457544257735,16.779661016949152,15.409796527308583,0.5640272884503423,0.5620184665562071,0.5448382959445641,0.20813191857241675,0.28270105892538666
1725,131.2,27.067846703855977,15.254237288135592,11.813609415720386,0.5637838917532952,0.5623712642081334,0.5445848650806182,0.20836347152085766,0.28270105892538666
1726,130.7,20.065684904683064,18.305084745762713,1.7606001589203508,0.5635975648122208,0.5604083093416913,0.5443887538217177,0.20864765213342473,0.28270105892538666
1727,129.8,12.103435929888834,15.762711864406779,-3.659275934517945,0.5635699079122594,0.561302345141743,0.5443503404069827,0.20888781327380282,0.28270105892538666
1728,128.4,3.240091218106854,5.59322033898305,-2.353129120876196,0.563627266751846,0.5675707067049213,0.5444047254929305,0.20899990566510715,0.28270105892538666
1729,126.5,0.0,10.169491525423728,-10.169491525423728,0.5636641708403861,0.564011447588852,0.5444274941102089,0.20916882458402605,0.28270105892538666
1730,124.1,0.0,15.762711864406779,-15.762711864406779,0.5638231651449997,0.561139832708654,0.5445753250285732,0.2094089857244041,0.28270105892538666
1731,121.6,0.0,5.59322033898305,-5.59322033898305,0.5640690617869949,0.5673925438510438,0.5448054002181301,0.20952107811570847,0.28270105892538666
1732,119.0,0.0,5.59322033898305,-5.59322033898305,0.5641566640626512,0.5674769918358056,0.5448814561223191,0.2096331705070128,0.28270105892538666
1733,116.5,0.0,14.745762711864407,-14.745762711864407,0.564244265690702,0.5621653621264004,0.5449574597315395,0.20985762871134717,0.28270105892538666
1734,114.1,0.0,10.677966101694915,-10.677966101694915,0.5644743816420812,0.5639626152894816,0.5451776085256104,0.2100332139956281,0.28270105892538666
1735,111.8,0.0,11.1864406779661,-11.1864406779661,0.5646412808301188,0.563862961143568,0.545334659235089,0.2102153332009261,0.28270105892538666
1736,109.5,0.0,10.169491525423728,-10.169491525423728,0.5648160901231778,0.5642634757296088,0.5454986113046966,0.21038425211984502,0.28270105892538666
1737,107.1,0.0,14.745762711864407,-14.745762711864407,0.5649750690287947,0.5622632635221153,0.5456463339367287,0.21060871032417938,0.28270105892538666
1738,104.8,0.0,16.271186440677965,-16.271186440677965,0.5652051708913468,0.5612552826296807,0.5458673163996951,0.21085754391671438,0.28270105892538666
1739,102.5,0.0,20.338983050847457,-20.338983050847457,0.5654589197876542,0.5592248632667549,0.5461072380305866,0.2111793977950536,0.28270105892538666
1740,100.4,0.0,7.11864406779661,-7.11864406779661,0.5657755956959442,0.566767970535914,0.5464095984101451,0.21130934829010312,0.28270105892538666
1741,98.6,0.0,18.813559322033896,-18.813559322033896,0.565887006120499,0.5601650777860907,0.5465107371141084,0.2116025337100714,0.28270105892538666
1742,97.2,0.0,11.1864406779661,-11.1864406779661,0.5661800951562731,0.5640331440096912,0.5467937186792212,0.21178465291536944,0.28270105892538666
1743,95.9,0.79080883403823,10.677966101694915,-9.887157267656685,0.5663548818527107,0.5643801323734405,0.5469602014818253,0.21196023819965037,0.28270105892538666
1744,94.8,2.406230115226284,6.101694915254237,-3.695464800027953,0.5665094442576825,0.5672995562876865,0.547099402233467,0.21207865925228198,0.28270105892538666
1745,93.8,2.8023199628105107,13.220338983050848,-10.418019020240337,0.5665673551337296,0.5631189970666128,0.5471487702320541,0.21228566562170872,0.28270105892538666
1746,92.8,2.594621310166173,9.152542372881356,-6.557921062715184,0.5667301793232917,0.5650447528370925,0.547301391691943,0.21244083803550182,0.28270105892538666
1747,91.8,3.5731960000000753,9.152542372881356,-5.579346372881281,0.5668328286657194,0.5650051481302456,0.5473915515921836,0.21259601044929494,0.28270105892538666
1748,91.0,4.575666133211437,0.0,4.575666133211437,0.5669201937485338,0.570708640719761,0.5474663847317329,0.21259601044929494,0.28270105892538666
1749,90.2,5.561148538942154,5.084745762711864,0.47640277623029004,0.5668482547733991,0.5679724712499991,0.5473810693648693,0.21270134752794662,0.28270105892538666
1750,89.6,7.153290700807695,7.11864406779661,0.03464663301108484,0.5668407769637593,0.566379666182229,0.5473629891954269,0.21283129802299613,0.28270105892538666
1751,89.1,7.604536958333311,16.271186440677965,-8.666649482344654,0.5668402332317954,0.5652566148616626,0.5473480547942617,0.2130801316155311,0.28270105892538666
1752,88.6,7.481023982319822,14.745762711864407,-7.264738729544584,0.5669757756083165,0.5664993108467082,0.5474723604410355,0.21330458981986547,0.28270105892538666
1753,88.1,7.35887575824956,19.322033898305083,-11.963158140055523,0.5670894544206978,0.5637198472657209,0.5475763219872858,0.21360684880809327,0.28270105892538666
1754,87.6,7.238084584362123,15.254237288135592,-8.016152703773468,0.5672763058293758,0.5659472235503133,0.5477511651334538,0.21383840175653415,0.28270105892538666
1755,87.1,7.118642758897253,15.762711864406779,-8.644069105509526,0.5674017023539333,0.5656741781391835,0.5478640609900406,0.2140785628969122,0.28270105892538666
1756,86.6,7.00054258009448,17.28813559322034,-10.287593013125859,0.567536886400966,0.5648920793713367,0.5479847427556878,0.2143449370742861,0.28270105892538666
1757,86.1,6.330149802983578,20.338983050847457,-14.00883324786388,0.5676976673121611,0.5627551900990746,0.5481296568883162,0.2146667909526253,0.28270105892538666
1758,85.5,6.195638310185224,14.23728813559322,-8.041649825407996,0.5679162830020221,0.567298547297925,0.5483359537724424,0.21488554095262533,0.28270105892538666
1759,85.0,6.08499466544738,10.677966101694915,-4.592971436247535,0.5680420703317269,0.5687297331339957,0.5484528398717803,0.21506112623690626,0.28270105892538666
1760,84.4,5.41125441579023,20.338983050847457,-14.927728635057226,0.5681140108982624,0.5632057109421297,0.5485101151086775,0.21538298011524548,0.28270105892538666
1761,83.8,5.285939746380079,24.406779661016948,-19.120839914636868,0.5683468744179543,0.5609402075755251,0.5487304710039042,0.21580153609710806,0.28270105892538666
1762,83.2,5.1624838506325474,8.135593220338983,-2.9731093697064352,0.5686446535890722,0.569839162499488,0.5490198214661429,0.2159423811675306,0.28270105892538666
1763,82.6,5.040873419905523,15.254237288135592,-10.213363868230068,0.5686912495456875,0.5663463832470214,0.549056922372851,0.21617393411597147,0.28270105892538666
1764,82.0,4.3938317710714925,0.0,4.3938317710714925,0.568850859539804,0.5727316537660997,0.5492059710828813,0.21617393411597147,0.28270105892538666
1765,81.3,2.69260232973254,12.711864406779661,-10.01926207704712,0.5687817957564628,0.5676408280665198,0.5491308841946713,0.21637489874619656,0.28270105892538666
1766,80.4,0.0,0.0,0.0,0.5689383831981943,0.5727168630403534,0.5492722009928384,0.21637489874619656,0.28270105892538666
1767,79.1,0.0,14.23728813559322,-14.23728813559322,0.5689383831981943,0.5672870157579373,0.5492613771906836,0.21659364874619655,0.28270105892538666
1768,77.4,0.0,0.0,0.0,0.5691605210488963,0.5721311974551515,0.5494665821427693,0.21659364874619655,0.28270105892538666
1769,75.1,0.0,12.203389830508474,-12.203389830508474,0.5691605210488963,0.5682307420420281,0.5494535850678033,0.21678845394100174,0.28270105892538666
1770,72.3,0.0,11.694915254237287,-11.694915254237287,0.569351073483349,0.5685582980649542,0.5496331625837584,0.21697697853116565,0.28270105892538666
1771,69.1,0.0,0.0,0.0,0.5695337198260644,0.5724744399582248,0.5498037787839609,0.21697697853116565,0.28270105892538666
1772,65.9,0.0,13.728813559322033,-13.728813559322033,0.5695337198260644,0.567988333156393,0.5497902248477355,0.21718991228510887,0.28270105892538666
1773,62.7,0.0,8.135593220338983,-8.135593220338983,0.5697479562230205,0.5698274141295654,0.5499895265323306,0.2173307573555314,0.28270105892538666
1774,59.7,0.0,0.0,0.0,0.5698751886695003,0.5731629193083212,0.5501037393515995,0.2173307573555314,0.28270105892538666
1775,57.0,0.0,0.0,0.0,0.5698751886695003,0.570822617462156,0.5500957159634037,0.2173307573555314,0.28270105892538666
1776,54.6,0.0,15.762711864406779,-15.762711864406779,0.5698751886695003,0.5665836170448157,0.5500860811149352,0.21757091849590945,0.28270105892538666
1777,52.2,0.0,0.0,0.0,0.5701209607856416,0.574659716698012,0.5503197790366942,0.21757091849590945,0.28270105892538666
1778,49.7,0.0,0.0,0.0,0.5701209607856416,0.5714697784927814,0.5503137792526511,0.21757091849590945,0.28270105892538666
1779,46.8,0.0,0.0,0.0,0.5701209607856416,0.5708217505762221,0.5503008888556092,0.21757091849590945,0.28270105892538666
1780,43.5,0.0,15.254237288135592,-15.254237288135592,0.5701209607856416,0.5673660375909376,0.5502900919890884,0.21780247144435033,0.28270105892538666
1781,39.9,0.0,15.254237288135592,-15.254237288135592,0.5703588472296454,0.5675964532333246,0.5505162206921397,0.21803402439279124,0.28270105892538666
1782,36.4,0.0,0.0,0.0,0.5705967289366696,0.5722971217123614,0.5507490744039,0.21803402439279124,0.28270105892538666
1783,33.2,0.0,0.0,0.0,0.5705967289366696,0.5712442458674333,0.5507353011099559,0.21803402439279124,0.28270105892538666
1784,30.5,0.0,0.0,0.0,0.5705967289366696,0.5732533820388984,0.5507235536802665,0.21803402439279124,0.28270105892538666
1785,28.3,0.0,0.0,0.0,0.5705967289366696,0.573494472086413,0.550711819403442,0.21803402439279124,0.28270105892538666
1786,26.3,0.0,0.0,0.0,0.5705967289366696,0.5745036693474271,0.5507015346317778,0.21803402439279124,0.28270105892538666
1787,24.4,0.0,0.0,0.0,0.5705967289366696,0.5722630147688674,0.5506895324492058,0.21803402439279124,0.28270105892538666
1788,22.5,0.0,0.0,0.0,0.5705967289366696,0.5717736351912748,0.5506819492855634,0.21803402439279124,0.28270105892538666
1789,20.5,0.0,13.220338983050848,-13.220338983050848,0.5705967289366696,0.5695035108454854,0.5506731491603342,0.21824103076221799,0.28270105892538666
1790,18.2,0.0,17.28813559322034,-17.28813559322034,0.5708030534379158,0.567876968839463,0.5508706274827702,0.21850740493959184,0.28270105892538666
1791,15.5,0.0,0.0,0.0,0.5710724283113014,0.5730088333972793,0.5511229891022585,0.21850740493959184,0.28270105892538666
1792,12.3,0.0,14.745762711864407,-14.745762711864407,0.5710724283113014,0.568878098908152,0.5511065436369748,0.2187318631439262,0.28270105892538666
1793,8.7,0.0,19.83050847457627,-19.83050847457627,0.5713024126924419,0.5674939235754917,0.551325218979921,0.21904326525187895,0.28270105892538666
1794,5.2,0.0,19.83050847457627,-19.83050847457627,0.5716110823853305,0.5681012000334386,0.5516247100474686,0.2193546673598317,0.28270105892538666
1795,0.0,0.0,15.254237288135592,-15.254237288135592,0.5719197441319442,0.5696955503913487,0.5519188173940645,0.21958622030827257,0.28270105892538666
1796,0.0,0.0,0.0,0.0,0.5721575947618287,0.5726735993806022,0.5521425891924665,0.21958622030827257,0.28270105892538666
1797,0.0,0.0,14.23728813559322,-14.23728813559322,0.5721575947618287,0.5689303624581294,0.5521250790848218,0.21980497030827256,0.28270105892538666
1798,0.0,0.0,0.0,0.0,0.5723796727144342,0.5738318794996822,0.5523325480562057,0.21980497030827256,0.28270105892538666
1799,0.0,0.0,0.0,0.0,0.5723796727144342,0.5751362731181577,0.5523241407752002,0.21980497030827256,0.28270105892538666
1800,0.0,0.0,0.0,0.0,0.5723796727144342,0.5727208080671903,0.5523120959280807,0.21980497030827256,0.28270105892538666
