time,speed_kmh,P_load_kW,P_fc_kW,P_bat_kW,SOC,m_H2_cumul_kg,H2_eq_kg
0,0.0,0.0,0.0,0.0,0.6,0.0,0.14026792876977712
1,0.5,0.06299896881191891,0.0,0.06299896881191891,0.6,0.0,0.14026792876977712
2,0.9,0.11340331944444443,0.0,0.11340331944444443,0.5999990140760011,0.0,0.14026792876977712
3,1.4,0.17642169669257735,0.0,0.17642169669257735,0.5999972392961632,0.0,0.14026792876977712
4,1.8,0.20370340740740744,0.0,0.20370340740740744,0.5999944781993216,0.0,0.14026792876977712
5,2.1,0.22417611985596708,0.0,0.22417611985596708,0.5999912900934032,0.0,0.14026792876977712
6,2.4,0.25623455144032914,0.0,0.25623455144032914,0.599987781545251,0.0,0.14026792876977712
7,2.7,0.2709451805555555,0.0,0.2709451805555555,0.5999837712029936,0.0,0.14026792876977712
8,2.9,0.2537543090039627,0.0,0.2537543090039627,0.5999795305976069,0.0,0.14026792876977712
9,3.0,0.22394238683127568,0.0,0.22394238683127568,0.5999755590749114,0.0,0.14026792876977712
10,3.0,0.20465226337448555,0.0,0.20465226337448555,0.599972054180546,0.0,0.14026792876977712
11,3.0,0.18536213991769543,0.0,0.18536213991769543,0.5999688512170677,0.0,0.14026792876977712
12,2.9,0.14187159295458013,0.0,0.14187159295458013,0.5999659501801063,0.0,0.14026792876977712
13,2.7,0.09733406944444446,0.0,0.09733406944444446,0.599963729836011,0.0,0.14026792876977712
14,2.4,2.385864181069959,0.0,2.385864181069959,0.5999622065476408,0.0,0.14026792876977712
15,17.1,17.049618069444445,0.0,17.049618069444445,0.5999248335503227,0.0,0.14026792876977712
16,16.8,0.43701904526748897,0.0,0.43701904526748897,0.5996561849451274,0.0,0.14026792876977712
17,16.4,0.2134719710409998,0.0,0.2134719710409998,0.5996493444514036,0.0,0.14026792876977712
18,15.9,0.20432675051440333,0.0,0.20432675051440333,0.599646003349971,0.0,0.14026792876977712
19,15.5,0.19718728328379823,0.0,0.19718728328379823,0.5996428053932997,0.0,0.14026792876977712
20,15.0,0.09202674897119377,0.0,0.09202674897119377,0.5996397191856926,0.0,0.14026792876977712
21,14.5,0.17999850203855972,0.0,0.17999850203855972,0.5996382789210369,0.0,0.14026792876977712
22,14.1,0.17337659310699585,0.0,0.17337659310699585,0.5996354617557507,0.0,0.14026792876977712
23,13.6,0.1652942155159275,0.0,0.1652942155159275,0.5996327482367672,0.0,0.14026792876977712
24,13.2,0.3287326008230459,0.0,0.3287326008230459,0.5996301612228696,0.0,0.14026792876977712
25,12.9,0.40317169393004154,0.0,0.40317169393004154,0.5996250159057329,0.0,0.14026792876977712
26,12.6,0.39280577777777814,0.0,0.39280577777777814,0.5996187052799539,0.0,0.14026792876977712
27,12.3,0.46159923816872317,0.0,0.46159923816872317,0.5996125569282044,0.0,0.14026792876977712
28,12.1,0.6090941906531,0.0,0.6090941906531,0.5996053315928707,0.0,0.14026792876977712
29,12.0,0.7580843621399178,0.0,0.7580843621399178,0.5995957969796744,0.0,0.14026792876977712
30,12.0,0.8352448559670781,0.0,0.8352448559670781,0.5995839293986819,0.0,0.14026792876977712
31,12.0,0.9124053497942383,0.0,0.9124053497942383,0.5995708534797188,0.0,0.14026792876977712
32,12.1,1.075915178307424,0.0,1.075915178307424,0.5995565691448114,0.0,0.14026792876977712
33,12.3,1.2524942998971205,0.0,1.2524942998971205,0.5995397238363105,0.0,0.14026792876977712
34,12.6,1.3650279999999995,0.0,1.3650279999999995,0.5995201124731684,0.0,0.14026792876977712
35,12.9,1.3985420643004112,0.0,1.3985420643004112,0.5994987380833406,0.0,0.14026792876977712
36,13.2,1.517004205761316,0.0,1.517004205761316,0.5994768385798169,0.0,0.14026792876977712
37,13.6,1.7393682895900016,0.0,1.7393682895900016,0.599453082937679,0.0,0.14026792876977712
38,14.1,1.80532103755144,0.0,1.80532103755144,0.5994258427056198,0.0,0.14026792876977712
39,14.5,1.8582392427793033,0.0,1.8582392427793033,0.5993975687814982,0.0,0.14026792876977712
40,15.0,2.0210390946502055,0.0,2.0210390946502055,0.5993684654001077,0.0,0.14026792876977712
41,15.5,1.9911687647652798,0.0,1.9911687647652798,0.599336810151644,0.0,0.14026792876977712
42,15.9,2.044604528292181,0.0,2.044604528292181,0.599305623044875,0.0,0.14026792876977712
43,16.4,2.1116201191891477,0.0,2.1116201191891477,0.5992735982238399,0.0,0.14026792876977712
44,16.8,0.0,0.0,0.0,0.5992405227603378,0.0,0.14026792876977712
45,2.1,0.0,0.0,0.0,0.5992405227603378,0.0,0.14026792876977712
46,2.4,0.25623455144032914,0.0,0.25623455144032914,0.5992405227603378,0.0,0.14026792876977712
47,2.7,0.2709451805555555,0.0,0.2709451805555555,0.5992365121647649,0.0,0.14026792876977712
48,2.9,0.2537543090039627,0.0,0.2537543090039627,0.5992322712915148,0.0,0.14026792876977712
49,3.0,0.22394238683127568,0.0,0.22394238683127568,0.5992282995179561,0.0,0.14026792876977712
50,3.0,0.20465226337448555,0.0,0.20465226337448555,0.5992247944022073,0.0,0.14026792876977712
51,3.0,0.18536213991769543,0.0,0.18536213991769543,0.5992215912364198,0.0,0.14026792876977712
52,2.9,0.14187159295458013,0.0,0.14187159295458013,0.5992186900162227,0.0,0.14026792876977712
53,2.7,0.09733406944444446,0.0,0.09733406944444446,0.5992164695318904,0.0,0.14026792876977712
54,2.4,0.07104936625514405,0.0,0.07104936625514405,0.5992149461473127,0.0,0.14026792876977712
55,2.1,0.06213908281893006,0.0,0.06213908281893006,0.5992138341585262,0.0,0.14026792876977712
56,1.8,0.04166637037037033,0.0,0.04166637037037033,0.5992128616273256,0.0,0.14026792876977712
57,1.4,0.01438465965554031,0.0,0.01438465965554031,0.5992122095172928,0.0,0.14026792876977712
58,0.9,0.009236652777777783,0.0,0.009236652777777783,0.5992119843889756,0.0,0.14026792876977712
59,0.5,0.7285082280711782,0.0,0.7285082280711782,0.5992118398302625,0.0,0.14026792876977712
60,32.0,46.96093949093126,0.0,46.96093949093126,0.5992004350183585,0.0,0.14026792876977712
61,31.5,0.643987847222222,0.0,0.643987847222222,0.5984512415044385,0.0,0.14026792876977712
62,31.1,0.6278132908283799,0.0,0.6278132908283799,0.5984411595508898,0.0,0.14026792876977712
63,30.6,0.6080257777777778,0.0,0.6080257777777778,0.598431330872912,0.0,0.14026792876977712
64,30.2,0.9809099929888724,0.0,0.9809099929888724,0.598421812043567,0.0,0.14026792876977712
65,29.9,1.157888089868164,0.0,1.157888089868164,0.598406453310761,0.0,0.14026792876977712
66,29.6,1.1408447474470398,0.0,1.1408447474470398,0.5983883222205626,0.0,0.14026792876977712
67,29.3,1.3123657507049205,0.0,1.3123657507049205,0.5983704581015441,0.0,0.14026792876977712
68,29.1,1.6741457031892968,0.0,1.6741457031892968,0.5983499067586293,0.0,0.14026792876977712
69,29.0,2.039604785855809,0.0,2.039604785855809,0.5983236862090301,0.0,0.14026792876977712
70,29.0,2.226075979271452,0.0,2.226075979271452,0.5982917371073211,0.0,0.14026792876977712
71,29.0,2.4125471726870957,0.0,2.4125471726870957,0.5982568643724014,0.0,0.14026792876977712
72,29.1,2.7968308883744895,0.0,2.7968308883744895,0.5982190675447965,0.0,0.14026792876977712
73,29.3,3.1963678083180946,0.0,3.1963678083180946,0.5981752433875385,0.0,0.14026792876977712
74,29.6,3.4247953647309823,0.0,3.4247953647309823,0.598125150641917,0.0,0.14026792876977712
75,29.9,3.4649868553002547,0.0,3.4649868553002547,0.5980714729187445,0.0,0.14026792876977712
76,30.2,3.69953139216583,0.0,3.69953139216583,0.598017164146811,0.0,0.14026792876977712
77,30.6,4.149692444444444,0.0,4.149692444444444,0.597959173532849,0.0,0.14026792876977712
78,31.1,4.227350327865417,0.0,4.227350327865417,0.5978941145916481,0.0,0.14026792876977712
79,31.5,4.289821180555554,0.0,4.289821180555554,0.59782783571029,0.0,0.14026792876977712
80,32.0,4.57410821521109,0.0,4.57410821521109,0.5977605753200043,0.0,0.14026792876977712
81,32.5,4.447365528787518,0.0,4.447365528787518,0.5976888490298019,0.0,0.14026792876977712
82,32.9,4.510940505848955,0.0,4.510940505848955,0.5976191132860509,0.0,0.14026792876977712
83,33.4,4.590865787532387,0.0,4.590865787532387,0.5975483784587876,0.0,0.14026792876977712
84,33.8,4.220505285169958,0.0,4.220505285169958,0.5974763876168394,0.0,0.14026792876977712
85,34.1,4.045834019566386,0.0,4.045834019566386,0.5974102138924864,0.0,0.14026792876977712
86,34.4,4.0886872385307065,0.0,4.0886872385307065,0.5973467829199842,0.0,0.14026792876977712
87,34.7,3.908608786713157,0.0,3.908608786713157,0.5972826786501364,0.0,0.14026792876977712
88,34.9,3.4873086879096076,0.0,3.4873086879096076,0.5972214017988718,0.0,0.14026792876977712
89,35.0,0.0,0.0,0.0,0.5971667387391357,0.0,0.14026792876977712
90,3.0,0.0,0.0,0.0,0.5971667387391357,0.0,0.14026792876977712
91,3.0,0.18536213991769543,0.0,0.18536213991769543,0.5971667387391357,0.0,0.14026792876977712
92,2.9,0.14187159295458013,0.0,0.14187159295458013,0.5971638370149484,0.0,0.14026792876977712
93,2.7,0.09733406944444446,0.0,0.09733406944444446,0.597161616144894,0.0,0.14026792876977712
94,2.4,0.07104936625514405,0.0,0.07104936625514405,0.5971600924956973,0.0,0.14026792876977712
95,2.1,0.06213908281893006,0.0,0.06213908281893006,0.5971589803137571,0.0,0.14026792876977712
96,1.8,0.04166637037037033,0.0,0.04166637037037033,0.5971580076136279,0.0,0.14026792876977712
97,1.4,0.01438465965554031,0.0,0.01438465965554031,0.5971573553903256,0.0,0.14026792876977712
98,0.9,0.009236652777777783,0.0,0.009236652777777783,0.597157130222905,0.0,0.14026792876977712
99,0.5,0.005128598441548543,0.0,0.005128598441548543,0.597156985639083,0.0,0.14026792876977712
100,0.0,0.0,0.0,0.0,0.5971569053598756,0.0,0.14026792876977712
101,0.0,0.0,0.0,0.0,0.5971569053598756,0.0,0.14026792876977712
102,0.0,0.0,0.0,0.0,0.5971569053598756,0.0,0.14026792876977712
103,0.0,0.0,0.0,0.0,0.5971569053598756,0.0,0.14026792876977712
104,0.0,0.0,0.0,0.0,0.5971569053598756,0.0,0.14026792876977712
105,47.9,70.91955289439491,0.0,70.91955289439491,0.5971569053598756,0.0,0.14026792876977712
106,47.6,2.5138452001219194,0.0,2.5138452001219194,0.5960136420134824,0.0,0.14026792876977712
107,47.3,2.78831401202181,0.0,2.78831401202181,0.5959742491010632,0.0,0.14026792876977712
108,47.1,3.3731022772633867,0.0,3.3731022772633867,0.5959305502353157,0.0,0.14026792876977712
109,47.0,3.96582289285169,0.0,3.96582289285169,0.5958776739662622,0.0,0.14026792876977712
110,47.0,4.268034827008077,0.0,4.268034827008077,0.5958154913193516,0.0,0.14026792876977712
111,47.0,4.570246761164465,0.0,4.570246761164465,0.5957485616776137,0.0,0.14026792876977712
112,47.1,5.19023190689299,0.0,5.19023190689299,0.5956768838149417,0.0,0.14026792876977712
113,47.3,5.829723477042355,0.0,5.829723477042355,0.5955954617088687,0.0,0.14026792876977712
114,47.6,6.186684706294783,0.0,6.186684706294783,0.5955039835270529,0.0,0.14026792876977712
115,47.9,6.239768943777639,0.0,6.239768943777639,0.59540688940845,0.0,0.14026792876977712
116,48.2,6.603046783112332,0.0,6.603046783112332,0.5953089592960604,0.0,0.14026792876977712
117,48.6,7.302168,0.0,7.302168,0.5952053117892131,0.0,0.14026792876977712
118,49.1,7.401923774367475,0.0,7.401923774367475,0.5950906571322746,0.0,0.14026792876977712
119,49.5,7.482272569444444,0.0,7.482272569444444,0.5949744303870308,0.0,0.14026792876977712
120,50.0,7.90489730986129,0.0,7.90489730986129,0.5948569370426802,0.0,0.14026792876977712
121,50.5,7.685288111092039,0.0,7.685288111092039,0.5947327849993338,0.0,0.14026792876977712
122,50.9,7.767362100499161,0.0,7.767362100499161,0.594612091424452,0.0,0.14026792876977712
123,51.4,7.87066068465173,0.0,7.87066068465173,0.5944901036537934,0.0,0.14026792876977712
124,51.8,7.287716972412744,0.0,7.287716972412744,0.5943664871595584,0.0,0.14026792876977712
125,52.1,7.011595120389435,0.0,7.011595120389435,0.5942520519045271,0.0,0.14026792876977712
126,52.4,7.068838308489575,0.0,7.068838308489575,0.5941419635532764,0.0,0.14026792876977712
127,52.7,6.787508899881861,0.0,6.787508899881861,0.5940309728490749,0.0,0.14026792876977712
128,52.9,6.14444262823882,0.0,6.14444262823882,0.5939244104125245,0.0,0.14026792876977712
129,53.0,5.480237158969678,0.0,5.480237158969678,0.5938279679305577,0.0,0.14026792876977712
130,53.0,5.13944497789971,0.0,5.13944497789971,0.5937419728847809,0.0,0.14026792876977712
131,53.0,4.7986527968297406,0.0,4.7986527968297406,0.5936613358935896,0.0,0.14026792876977712
132,52.9,4.103547566510454,0.0,4.103547566510454,0.5935860556074166,0.0,0.14026792876977712
133,52.7,3.3988772126390963,0.0,3.3988772126390963,0.5935216974442349,0.0,0.14026792876977712
134,52.4,0.0,0.0,0.0,0.5934684057020652,0.0,0.14026792876977712
135,2.1,0.0,0.0,0.0,0.5934684057020652,0.0,0.14026792876977712
136,1.8,0.04166637037037033,0.0,0.04166637037037033,0.5934684057020652,0.0,0.14026792876977712
137,1.4,0.01438465965554031,0.0,0.01438465965554031,0.5934677532752822,0.0,0.14026792876977712
138,0.9,0.009236652777777783,0.0,0.009236652777777783,0.5934675280376155,0.0,0.14026792876977712
139,0.5,0.005128598441548543,0.0,0.005128598441548543,0.5934673834086874,0.0,0.14026792876977712
140,0.0,0.0,0.0,0.0,0.5934673031044353,0.0,0.14026792876977712
141,0.0,0.0,0.0,0.0,0.5934673031044353,0.0,0.14026792876977712
142,0.0,0.0,0.0,0.0,0.5934673031044353,0.0,0.14026792876977712
143,0.0,0.0,0.0,0.0,0.5934673031044353,0.0,0.14026792876977712
144,0.0,0.0,0.0,0.0,0.5934673031044353,0.0,0.14026792876977712
145,0.0,0.0,0.0,0.0,0.5934673031044353,0.0,0.14026792876977712
146,0.0,0.0,0.0,0.0,0.5934673031044353,0.0,0.14026792876977712
147,0.0,0.0,0.0,0.0,0.5934673031044353,0.0,0.14026792876977712
148,0.0,0.0,0.0,0.0,0.5934673031044353,0.0,0.14026792876977712
149,0.0,0.0,0.0,0.0,0.5934673031044353,0.0,0.14026792876977712
150,32.0,46.96093949093126,0.0,46.96093949093126,0.5934673031044353,0.0,0.14026792876977712
151,32.0,2.7222563633592367,0.0,2.7222563633592367,0.5927177320603593,0.0,0.14026792876977712
152,32.1,3.1456850190329124,0.0,3.1456850190329124,0.5926750578089545,0.0,0.14026792876977712
153,32.3,3.5849371173030047,0.0,3.5849371173030047,0.5926257373624076,0.0,0.14026792876977712
154,32.6,3.834371057460748,0.0,3.834371057460748,0.592569519903784,0.0,0.14026792876977712
155,32.9,3.8762954441205695,0.0,3.8762954441205695,0.592509384656814,0.0,0.14026792876977712
156,33.2,4.131879636335941,0.0,4.131879636335941,0.5924485905736386,0.0,0.14026792876977712
157,33.6,4.622979522633744,0.0,4.622979522633744,0.5923837810767432,0.0,0.14026792876977712
158,34.1,4.703627229442921,0.0,4.703627229442921,0.5923112539423397,0.0,0.14026792876977712
159,34.5,4.768523212448546,0.0,4.768523212448546,0.5922374587430577,0.0,0.14026792876977712
160,35.0,5.07517337296143,0.0,5.07517337296143,0.5921626429824383,0.0,0.14026792876977712
161,35.5,4.932259776044048,0.0,4.932259776044048,0.5920830057690366,0.0,0.14026792876977712
162,35.9,4.99836339508078,0.0,4.99836339508078,0.5920056149851697,0.0,0.14026792876977712
163,36.4,5.081491068739521,0.0,5.081491068739521,0.5919271843996263,0.0,0.14026792876977712
164,36.8,4.6751455046486825,0.0,4.6751455046486825,0.59184744625647,0.0,0.14026792876977712
165,37.1,4.483149912913422,0.0,4.483149912913422,0.5917740958539113,0.0,0.14026792876977712
166,37.4,4.527985565005344,0.0,4.527985565005344,0.5917037627108833,0.0,0.14026792876977712
167,37.7,4.330616058661032,0.0,4.330616058661032,0.5916327244749915,0.0,0.14026792876977712
168,37.9,3.8720776676764097,0.0,3.8720776676764097,0.5915647876575655,0.0,0.14026792876977712
169,38.0,3.396572892851706,0.0,3.396572892851706,0.591504054960273,0.0,0.14026792876977712
170,38.0,3.1522313290656907,0.0,3.1522313290656907,0.5914507902854915,0.0,0.14026792876977712
171,38.0,2.9078897652796756,0.0,2.9078897652796756,0.5914013619420521,0.0,0.14026792876977712
172,37.9,2.40988630965174,0.0,2.40988630965174,0.5913557692309116,0.0,0.14026792876977712
173,37.7,1.9064905442577318,0.0,1.9064905442577318,0.5913179920535845,0.0,0.14026792876977712
174,37.4,1.6421830958695214,0.0,1.6421830958695214,0.5912881119631945,0.0,0.14026792876977712
175,37.1,1.6204955919257786,0.0,1.6204955919257786,0.5912623769602401,0.0,0.14026792876977712
176,36.8,1.3623883030025885,0.0,1.3623883030025885,0.591236981990722,0.0,0.14026792876977712
177,36.4,0.8685281057765585,0.0,0.8685281057765585,0.5912156339971373,0.0,0.14026792876977712
178,35.9,0.8432708024881873,0.0,0.8432708024881873,0.5912020272133249,0.0,0.14026792876977712
179,35.5,0.0,0.0,0.0,0.5911888162402169,0.0,0.14026792876977712
180,0.0,0.0,0.0,0.0,0.5911888162402169,0.0,0.14026792876977712
181,0.0,0.0,0.0,0.0,0.5911888162402169,0.0,0.14026792876977712
182,0.0,0.0,0.0,0.0,0.5911888162402169,0.0,0.14026792876977712
183,0.0,0.0,0.0,0.0,0.5911888162402169,0.0,0.14026792876977712
184,0.0,0.0,0.0,0.0,0.5911888162402169,0.0,0.14026792876977712
185,0.0,0.0,0.0,0.0,0.5911888162402169,0.0,0.14026792876977712
186,0.0,0.0,0.0,0.0,0.5911888162402169,0.0,0.14026792876977712
187,0.0,0.0,0.0,0.0,0.5911888162402169,0.0,0.14026792876977712
188,0.0,0.0,0.0,0.0,0.5911888162402169,0.0,0.14026792876977712
189,0.0,0.0,0.0,0.0,0.5911888162402169,0.0,0.14026792876977712
190,0.0,0.0,0.0,0.0,0.5911888162402169,0.0,0.14026792876977712
191,0.0,0.0,0.0,0.0,0.5911888162402169,0.0,0.14026792876977712
192,0.0,0.0,0.0,0.0,0.5911888162402169,0.0,0.14026792876977712
193,0.0,0.0,0.0,0.0,0.5911888162402169,0.0,0.14026792876977712
194,0.0,0.0,0.0,0.0,0.5911888162402169,0.0,0.14026792876977712
195,0.0,0.0,0.0,0.0,0.5911888162402169,0.0,0.14026792876977712
196,0.5,0.06299896881191891,0.0,0.06299896881191891,0.5911888162402169,0.0,0.14026792876977712
197,0.9,0.11340331944444443,0.0,0.11340331944444443,0.5911878295815083,0.0,0.14026792876977712
198,1.4,0.17642169669257735,0.0,0.17642169669257735,0.5911860534790526,0.0,0.14026792876977712
199,1.8,0.20370340740740744,0.0,0.20370340740740744,0.5911832903244574,0.0,0.14026792876977712
200,2.1,0.22417611985596708,0.0,0.22417611985596708,0.5911800998424972,0.0,0.14026792876977712
201,2.4,0.25623455144032914,0.0,0.25623455144032914,0.5911765886794389,0.0,0.14026792876977712
202,2.7,0.2709451805555555,0.0,0.2709451805555555,0.5911725753482124,0.0,0.14026792876977712
203,2.9,0.2537543090039627,0.0,0.2537543090039627,0.591168331582199,0.0,0.14026792876977712
204,3.0,0.22394238683127568,0.0,0.22394238683127568,0.5911643570994689,0.0,0.14026792876977712
205,3.0,0.20465226337448555,0.0,0.20465226337448555,0.591160849592914,0.0,0.14026792876977712
206,3.0,0.18536213991769543,0.0,0.18536213991769543,0.5911576442423099,0.0,0.14026792876977712
207,2.9,0.14187159295458013,0.0,0.14187159295458013,0.5911547410432765,0.0,0.14026792876977712
208,2.7,0.09733406944444446,0.0,0.09733406944444446,0.5911525190444692,0.0,0.14026792876977712
209,2.4,2.385864181069959,0.0,2.385864181069959,0.5911509946209078,0.0,0.14026792876977712
210,17.1,17.049618069444445,0.0,17.049618069444445,0.5911135937215439,0.0,0.14026792876977712
211,16.8,0.43701904526748897,0.0,0.43701904526748897,0.5908447421593622,0.0,0.14026792876977712
212,16.4,0.2134719710409998,0.0,0.2134719710409998,0.590837896566294,0.0,0.14026792876977712
213,15.9,0.20432675051440333,0.0,0.20432675051440333,0.590834552974629,0.0,0.14026792876977712
214,15.5,0.19718728328379823,0.0,0.19718728328379823,0.5908313526344317,0.0,0.14026792876977712
215,15.0,0.09202674897119377,0.0,0.09202674897119377,0.5908282641266001,0.0,0.14026792876977712
216,14.5,0.17999850203855972,0.0,0.17999850203855972,0.5908268227885698,0.0,0.14026792876977712
217,14.1,0.17337659310699585,0.0,0.17337659310699585,0.5908240035236098,0.0,0.14026792876977712
218,13.6,0.1652942155159275,0.0,0.1652942155159275,0.5908212879822112,0.0,0.14026792876977712
219,13.2,0.3287326008230459,0.0,0.3287326008230459,0.5908186990401958,0.0,0.14026792876977712
220,12.9,0.40317169393004154,0.0,0.40317169393004154,0.5908135498877217,0.0,0.14026792876977712
221,12.6,0.39280577777777814,0.0,0.39280577777777814,0.5908072345576977,0.0,0.14026792876977712
222,12.3,0.46159923816872317,0.0,0.46159923816872317,0.590801081622703,0.0,0.14026792876977712
223,12.1,0.6090941906531,0.0,0.6090941906531,0.5907938509009941,0.0,0.14026792876977712
224,12.0,0.7580843621399178,0.0,0.7580843621399178,0.5907843091790496,0.0,0.14026792876977712
225,12.0,0.8352448559670781,0.0,0.8352448559670781,0.5907724327488488,0.0,0.14026792876977712
226,12.0,0.9124053497942383,0.0,0.9124053497942383,0.5907593470790473,0.0,0.14026792876977712
227,12.1,1.075915178307424,0.0,1.075915178307424,0.5907450520914965,0.0,0.14026792876977712
228,12.3,1.2524942998971205,0.0,1.2524942998971205,0.5907281942188233,0.0,0.14026792876977712
229,12.6,1.3650279999999995,0.0,1.3650279999999995,0.590708568226333,0.0,0.14026792876977712
230,12.9,1.3985420643004112,0.0,1.3985420643004112,0.5906871778905233,0.0,0.14026792876977712
231,13.2,1.517004205761316,0.0,1.517004205761316,0.5906652620487708,0.0,0.14026792876977712
232,13.6,1.7393682895900016,0.0,1.7393682895900016,0.5906414886818853,0.0,0.14026792876977712
233,14.1,1.80532103755144,0.0,1.80532103755144,0.5906142281214467,0.0,0.14026792876977712
234,14.5,1.8582392427793033,0.0,1.8582392427793033,0.5905859330963332,0.0,0.14026792876977712
235,15.0,2.0210390946502055,0.0,2.0210390946502055,0.5905568079939023,0.0,0.14026792876977712
236,15.5,1.9911687647652798,0.0,1.9911687647652798,0.5905251291166537,0.0,0.14026792876977712
237,15.9,2.044604528292181,0.0,2.044604528292181,0.5904939187309693,0.0,0.14026792876977712
238,16.4,2.1116201191891477,0.0,2.1116201191891477,0.5904618700045813,0.0,0.14026792876977712
239,16.8,0.0,0.0,0.0,0.5904287698500073,0.0,0.14026792876977712
240,2.1,0.0,0.0,0.0,0.5904287698500073,0.0,0.14026792876977712
241,2.4,0.25623455144032914,0.0,0.25623455144032914,0.5904287698500073,0.0,0.14026792876977712
242,2.7,0.2709451805555555,0.0,0.2709451805555555,0.5904247562648974,0.0,0.14026792876977712
243,2.9,0.2537543090039627,0.0,0.2537543090039627,0.59042051223042,0.0,0.14026792876977712
244,3.0,0.22394238683127568,0.0,0.22394238683127568,0.5904165374962643,0.0,0.14026792876977712
245,3.0,0.20465226337448555,0.0,0.20465226337448555,0.5904130297678298,0.0,0.14026792876977712
246,3.0,0.18536213991769543,0.0,0.18536213991769543,0.590409824214463,0.0,0.14026792876977712
247,2.9,0.14187159295458013,0.0,0.14187159295458013,0.590406920831783,0.0,0.14026792876977712
248,2.7,0.09733406944444446,0.0,0.09733406944444446,0.5904046986924244,0.0,0.14026792876977712
249,2.4,0.07104936625514405,0.0,0.07104936625514405,0.5904031741724397,0.0,0.14026792876977712
250,2.1,0.06213908281893006,0.0,0.06213908281893006,0.5904020613548843,0.0,0.14026792876977712
251,1.8,0.04166637037037033,0.0,0.04166637037037033,0.5904010880988578,0.0,0.14026792876977712
252,1.4,0.01438465965554031,0.0,0.01438465965554031,0.5904004355028165,0.0,0.14026792876977712
253,0.9,0.009236652777777783,0.0,0.009236652777777783,0.5904002102067178,0.0,0.14026792876977712
254,0.5,0.7285082280711782,0.0,0.7285082280711782,0.5904000655402699,0.0,0.14026792876977712
255,32.0,46.96093949093126,0.0,46.96093949093126,0.590388652223874,0.0,0.14026792876977712
256,31.5,0.643987847222222,0.0,0.643987847222222,0.5896388782886347,0.0,0.14026792876977712
257,31.1,0.6278132908283799,0.0,0.6278132908283799,0.5896287888165592,0.0,0.14026792876977712
258,30.6,0.6080257777777778,0.0,0.6080257777777778,0.5896189528090143,0.0,0.14026792876977712
259,30.2,0.9809099929888724,0.0,0.9809099929888724,0.5896094268812664,0.0,0.14026792876977712
260,29.9,1.157888089868164,0.0,1.157888089868164,0.5895940566916947,0.0,0.14026792876977712
261,29.6,1.1408447474470398,0.0,1.1408447474470398,0.5895759120747648,0.0,0.14026792876977712
262,29.3,1.3123657507049205,0.0,1.3123657507049205,0.5895580346283289,0.0,0.14026792876977712
263,29.1,1.6741457031892968,0.0,1.6741457031892968,0.5895374679510694,0.0,0.14026792876977712
264,29.0,2.039604785855809,0.0,2.039604785855809,0.5895112278313513,0.0,0.14026792876977712
265,29.0,2.226075979271452,0.0,2.226075979271452,0.5894792548768764,0.0,0.14026792876977712
266,29.0,2.4125471726870957,0.0,2.4125471726870957,0.5894443561024336,0.0,0.14026792876977712
267,29.1,2.7968308883744895,0.0,2.7968308883744895,0.5894065310475165,0.0,0.14026792876977712
268,29.3,3.1963678083180946,0.0,3.1963678083180946,0.5893626741513871,0.0,0.14026792876977712
269,29.6,3.4247953647309823,0.0,3.4247953647309823,0.5893125439717223,0.0,0.14026792876977712
270,29.9,3.4649868553002547,0.0,3.4649868553002547,0.5892588261278101,0.0,0.14026792876977712
271,30.2,3.69953139216583,0.0,3.69953139216583,0.5892044767617935,0.0,0.14026792876977712
272,30.6,4.149692444444444,0.0,4.149692444444444,0.5891464427931624,0.0,0.14026792876977712
273,31.1,4.227350327865417,0.0,4.227350327865417,0.5890813351949117,0.0,0.14026792876977712
274,31.5,4.289821180555554,0.0,4.289821180555554,0.5890150067404923,0.0,0.14026792876977712
275,32.0,4.57410821521109,0.0,4.57410821521109,0.5889476960399476,0.0,0.14026792876977712
276,32.5,4.447365528787518,0.0,4.447365528787518,0.5888759160862052,0.0,0.14026792876977712
277,32.9,4.510940505848955,0.0,4.510940505848955,0.5888061281728394,0.0,0.14026792876977712
278,33.4,4.590865787532387,0.0,4.590865787532387,0.588735340425222,0.0,0.14026792876977712
279,33.8,4.220505285169958,0.0,4.220505285169958,0.5886632957191362,0.0,0.14026792876977712
280,34.1,4.045834019566386,0.0,4.045834019566386,0.5885970724971278,0.0,0.14026792876977712
281,34.4,4.0886872385307065,0.0,4.0886872385307065,0.588533594084632,0.0,0.14026792876977712
282,34.7,3.908608786713157,0.0,3.908608786713157,0.5884694418690711,0.0,0.14026792876977712
283,34.9,3.4873086879096076,0.0,3.4873086879096076,0.5884081191929148,0.0,0.14026792876977712
284,35.0,0.0,0.0,0.0,0.5883534152676431,0.0,0.14026792876977712
285,3.0,0.0,0.0,0.0,0.5883534152676431,0.0,0.14026792876977712
286,3.0,0.18536213991769543,0.0,0.18536213991769543,0.5883534152676431,0.0,0.14026792876977712
287,2.9,0.14187159295458013,0.0,0.14187159295458013,0.5883505113798387,0.0,0.14026792876977712
288,2.7,0.09733406944444446,0.0,0.09733406944444446,0.5883482888538902,0.0,0.14026792876977712
289,2.4,0.07104936625514405,0.0,0.07104936625514405,0.5883467640686911,0.0,0.14026792876977712
290,2.1,0.06213908281893006,0.0,0.06213908281893006,0.5883456510575474,0.0,0.14026792876977712
291,1.8,0.04166637037037033,0.0,0.04166637037037033,0.5883446776322124,0.0,0.14026792876977712
292,1.4,0.01438465965554031,0.0,0.01438465965554031,0.5883440249226466,0.0,0.14026792876977712
293,0.9,0.009236652777777783,0.0,0.009236652777777783,0.5883437995873567,0.0,0.14026792876977712
294,0.5,0.005128598441548543,0.0,0.005128598441548543,0.5883436548957435,0.0,0.14026792876977712
295,0.0,0.0,0.0,0.0,0.5883435745566858,0.0,0.14026792876977712
296,0.0,0.0,0.0,0.0,0.5883435745566858,0.0,0.14026792876977712
297,0.0,0.0,0.0,0.0,0.5883435745566858,0.0,0.14026792876977712
298,0.0,0.0,0.0,0.0,0.5883435745566858,0.0,0.14026792876977712
299,0.0,0.0,0.0,0.0,0.5883435745566858,0.0,0.14026792876977712
300,47.9,70.91955289439491,0.0,70.91955289439491,0.5883435745566858,0.0,0.14026792876977712
301,47.6,2.5138452001219194,0.0,2.5138452001219194,0.5871994063559418,0.0,0.14026792876977712
302,47.3,2.78831401202181,0.0,2.78831401202181,0.5871599840104714,0.0,0.14026792876977712
303,47.1,3.3731022772633867,0.0,3.3731022772633867,0.587116252487037,0.0,0.14026792876977712
304,47.0,3.96582289285169,0.0,3.96582289285169,0.5870633366829452,0.0,0.14026792876977712
305,47.0,4.268034827008077,0.0,4.268034827008077,0.5870011075202558,0.0,0.14026792876977712
306,47.0,4.570246761164465,0.0,4.570246761164465,0.5869341277991074,0.0,0.14026792876977712
307,47.1,5.19023190689299,0.0,5.19023190689299,0.5868623962906293,0.0,0.14026792876977712
308,47.3,5.829723477042355,0.0,5.829723477042355,0.5867809132148534,0.0,0.14026792876977712
309,47.6,6.186684706294783,0.0,6.186684706294783,0.5866893664971516,0.0,0.14026792876977712
310,47.9,6.239768943777639,0.0,6.239768943777639,0.5865921996131968,0.0,0.14026792876977712
311,48.2,6.603046783112332,0.0,6.603046783112332,0.586494196104592,0.0,0.14026792876977712
312,48.6,7.302168,0.0,7.302168,0.5863904708925151,0.0,0.14026792876977712
313,49.1,7.401923774367475,0.0,7.401923774367475,0.5862757302283677,0.0,0.14026792876977712
314,49.5,7.482272569444444,0.0,7.482272569444444,0.5861594162879223,0.0,0.14026792876977712
315,50.0,7.90489730986129,0.0,7.90489730986129,0.5860418347906986,0.0,0.14026792876977712
316,50.5,7.685288111092039,0.0,7.685288111092039,0.5859175895650298,0.0,0.14026792876977712
317,50.9,7.767362100499161,0.0,7.767362100499161,0.585796805417672,0.0,0.14026792876977712
318,51.4,7.87066068465173,0.0,7.87066068465173,0.5856747260953935,0.0,0.14026792876977712
319,51.8,7.287716972412744,0.0,7.287716972412744,0.5855510168175342,0.0,0.14026792876977712
320,52.1,7.011595120389435,0.0,7.011595120389435,0.5854364957085756,0.0,0.14026792876977712
321,52.4,7.068838308489575,0.0,7.068838308489575,0.5853263247813463,0.0,0.14026792876977712
322,52.7,6.787508899881861,0.0,6.787508899881861,0.5852152508189246,0.0,0.14026792876977712
323,52.9,6.14444262823882,0.0,6.14444262823882,0.5851086084625261,0.0,0.14026792876977712
324,53.0,5.480237158969678,0.0,5.480237158969678,0.585012093686536,0.0,0.14026792876977712
325,53.0,5.13944497789971,0.0,5.13944497789971,0.5849260342115108,0.0,0.14026792876977712
326,53.0,4.7986527968297406,0.0,4.7986527968297406,0.5848453368210602,0.0,0.14026792876977712
327,52.9,4.103547566510454,0.0,4.103547566510454,0.5847700001625696,0.0,0.14026792876977712
328,52.7,3.3988772126390963,0.0,3.3988772126390963,0.5847055938321153,0.0,0.14026792876977712
329,52.4,0.0,0.0,0.0,0.584652262227104,0.0,0.14026792876977712
330,2.1,0.0,0.0,0.0,0.584652262227104,0.0,0.14026792876977712
331,1.8,0.04166637037037033,0.0,0.04166637037037033,0.584652262227104,0.0,0.14026792876977712
332,1.4,0.01438465965554031,0.0,0.01438465965554031,0.5846516093135986,0.0,0.14026792876977712
333,0.9,0.009236652777777783,0.0,0.009236652777777783,0.584651383907904,0.0,0.14026792876977712
334,0.5,0.005128598441548543,0.0,0.005128598441548543,0.584651239171083,0.0,0.14026792876977712
335,0.0,0.0,0.0,0.0,0.5846511588069241,0.0,0.14026792876977712
336,0.0,0.0,0.0,0.0,0.5846511588069241,0.0,0.14026792876977712
337,0.0,0.0,0.0,0.0,0.5846511588069241,0.0,0.14026792876977712
338,0.0,0.0,0.0,0.0,0.5846511588069241,0.0,0.14026792876977712
339,0.0,0.0,0.0,0.0,0.5846511588069241,0.0,0.14026792876977712
340,0.0,0.0,0.0,0.0,0.5846511588069241,0.0,0.14026792876977712
341,0.0,0.0,0.0,0.0,0.5846511588069241,0.0,0.14026792876977712
342,0.0,0.0,0.0,0.0,0.5846511588069241,0.0,0.14026792876977712
343,0.0,0.0,0.0,0.0,0.5846511588069241,0.0,0.14026792876977712
344,0.0,0.0,0.0,0.0,0.5846511588069241,0.0,0.14026792876977712
345,32.0,46.96093949093126,0.0,46.96093949093126,0.5846511588069241,0.0,0.14026792876977712
346,32.0,2.7222563633592367,0.0,2.7222563633592367,0.5839010064567904,0.0,0.14026792876977712
347,32.1,3.1456850190329124,0.0,3.1456850190329124,0.5838583002973732,0.0,0.14026792876977712
348,32.3,3.5849371173030047,0.0,3.5849371173030047,0.5838089429606325,0.0,0.14026792876977712
349,32.6,3.834371057460748,0.0,3.834371057460748,0.583752683437935,0.0,0.14026792876977712
350,32.9,3.8762954441205695,0.0,3.8762954441205695,0.5836925031860395,0.0,0.14026792876977712
351,33.2,4.131879636335941,0.0,4.131879636335941,0.5836316636028769,0.0,0.14026792876977712
352,33.6,4.622979522633744,0.0,4.622979522633744,0.58356680559032,0.0,0.14026792876977712
353,34.1,4.703627229442921,0.0,4.703627229442921,0.5834942241409585,0.0,0.14026792876977712
354,34.5,4.768523212448546,0.0,4.768523212448546,0.5834203736728211,0.0,0.14026792876977712
355,35.0,5.07517337296143,0.0,5.07517337296143,0.583345501875379,0.0,0.14026792876977712
356,35.5,4.932259776044048,0.0,4.932259776044048,0.5832658049984724,0.0,0.14026792876977712
357,35.9,4.99836339508078,0.0,4.99836339508078,0.583188356239963,0.0,0.14026792876977712
358,36.4,5.081491068739521,0.0,5.081491068739521,0.583109866896957,0.0,0.14026792876977712
359,36.8,4.6751455046486825,0.0,4.6751455046486825,0.5830300690119812,0.0,0.14026792876977712
360,37.1,4.483149912913422,0.0,4.483149912913422,0.5829566636706123,0.0,0.14026792876977712
361,37.4,4.527985565005344,0.0,4.527985565005344,0.5828862778561213,0.0,0.14026792876977712
362,37.7,4.330616058661032,0.0,4.330616058661032,0.5828151864181846,0.0,0.14026792876977712
363,37.9,3.8720776676764097,0.0,3.8720776676764097,0.5827471987288614,0.0,0.14026792876977712
364,38.0,3.396572892851706,0.0,3.396572892851706,0.5826864205703717,0.0,0.14026792876977712
365,38.0,3.1522313290656907,0.0,3.1522313290656907,0.5826331160393041,0.0,0.14026792876977712
366,38.0,2.9078897652796756,0.0,2.9078897652796756,0.5825836507170764,0.0,0.14026792876977712
367,37.9,2.40988630965174,0.0,2.40988630965174,0.5825380239030715,0.0,0.14026792876977712
368,37.7,1.9064905442577318,0.0,1.9064905442577318,0.5825002184798378,0.0,0.14026792876977712
369,37.4,1.6421830958695214,0.0,1.6421830958695214,0.5824703160570074,0.0,0.14026792876977712
370,37.1,1.6204955919257786,0.0,1.6204955919257786,0.5824445618236173,0.0,0.14026792876977712
371,36.8,1.3623883030025885,0.0,1.3623883030025885,0.5824191478779984,0.0,0.14026792876977712
372,36.4,0.8685281057765585,0.0,0.8685281057765585,0.5823977839355836,0.0,0.14026792876977712
373,35.9,0.8432708024881873,0.0,0.8432708024881873,0.5823841669902697,0.0,0.14026792876977712
374,35.5,0.0,0.0,0.0,0.582370946151426,0.0,0.14026792876977712
375,0.0,0.0,0.0,0.0,0.582370946151426,0.0,0.14026792876977712
376,0.0,0.0,0.0,0.0,0.582370946151426,0.0,0.14026792876977712
377,0.0,0.0,0.0,0.0,0.582370946151426,0.0,0.14026792876977712
378,0.0,0.0,0.0,0.0,0.582370946151426,0.0,0.14026792876977712
379,0.0,0.0,0.0,0.0,0.582370946151426,0.0,0.14026792876977712
380,0.0,0.0,0.0,0.0,0.582370946151426,0.0,0.14026792876977712
381,0.0,0.0,0.0,0.0,0.582370946151426,0.0,0.14026792876977712
382,0.0,0.0,0.0,0.0,0.582370946151426,0.0,0.14026792876977712
383,0.0,0.0,0.0,0.0,0.582370946151426,0.0,0.14026792876977712
384,0.0,0.0,0.0,0.0,0.582370946151426,0.0,0.14026792876977712
385,0.0,0.0,0.0,0.0,0.582370946151426,0.0,0.14026792876977712
386,0.0,0.0,0.0,0.0,0.582370946151426,0.0,0.14026792876977712
387,0.0,0.0,0.0,0.0,0.582370946151426,0.0,0.14026792876977712
388,0.0,0.0,0.0,0.0,0.582370946151426,0.0,0.14026792876977712
389,0.0,0.0,0.0,0.0,0.582370946151426,0.0,0.14026792876977712
390,0.0,0.0,0.0,0.0,0.582370946151426,0.0,0.14026792876977712
391,0.5,0.06299896881191891,0.0,0.06299896881191891,0.582370946151426,0.0,0.14026792876977712
392,0.9,0.11340331944444443,0.0,0.11340331944444443,0.582369958756353,0.0,0.14026792876977712
393,1.4,0.17642169669257735,0.0,0.17642169669257735,0.5823681813283008,0.0,0.14026792876977712
394,1.8,0.20370340740740744,0.0,0.20370340740740744,0.5823654161113173,0.0,0.14026792876977712
395,2.1,0.22417611985596708,0.0,0.22417611985596708,0.5823622232479635,0.0,0.14026792876977712
396,2.4,0.25623455144032914,0.0,0.25623455144032914,0.5823587094641093,0.0,0.14026792876977712
397,2.7,0.2709451805555555,0.0,0.2709451805555555,0.5823546931371814,0.0,0.14026792876977712
398,2.9,0.2537543090039627,0.0,0.2537543090039627,0.5823504462034219,0.0,0.14026792876977712
399,3.0,0.22394238683127568,0.0,0.22394238683127568,0.5823464687539901,0.0,0.14026792876977712
400,3.0,0.20465226337448555,0.0,0.20465226337448555,0.5823429586293623,0.0,0.14026792876977712
401,3.0,0.18536213991769543,0.0,0.18536213991769543,0.5823397508862556,0.0,0.14026792876977712
402,2.9,0.14187159295458013,0.0,0.14187159295458013,0.5823368455202804,0.0,0.14026792876977712
403,2.7,0.09733406944444446,0.0,0.09733406944444446,0.5823346218630344,0.0,0.14026792876977712
404,2.4,2.385864181069959,0.0,2.385864181069959,0.5823330963017251,0.0,0.14026792876977712
405,17.1,17.049618069444445,0.0,17.049618069444445,0.5822956674373612,0.0,0.14026792876977712
406,16.8,0.43701904526748897,0.0,0.43701904526748897,0.5820266124548114,0.0,0.14026792876977712
407,16.4,0.2134719710409998,0.0,0.2134719710409998,0.5820197617509105,0.0,0.14026792876977712
408,15.9,0.20432675051440333,0.0,0.20432675051440333,0.5820164156634038,0.0,0.14026792876977712
409,15.5,0.19718728328379823,0.0,0.19718728328379823,0.5820132129343117,0.0,0.14026792876977712
410,15.0,0.09202674897119377,0.0,0.09202674897119377,0.5820101221210744,0.0,0.14026792876977712
411,14.5,0.17999850203855972,0.0,0.17999850203855972,0.5820086797072519,0.0,0.14026792876977712
412,14.1,0.17337659310699585,0.0,0.17337659310699585,0.5820058583378888,0.0,0.14026792876977712
413,13.6,0.1652942155159275,0.0,0.1652942155159275,0.5820031407695199,0.0,0.14026792876977712
414,13.2,0.3287326008230459,0.0,0.3287326008230459,0.5820005498950436,0.0,0.14026792876977712
415,12.9,0.40317169393004154,0.0,0.40317169393004154,0.5819953968985923,0.0,0.14026792876977712
416,12.6,0.39280577777777814,0.0,0.39280577777777814,0.5819890768537254,0.0,0.14026792876977712
417,12.3,0.46159923816872317,0.0,0.46159923816872317,0.5819829193251602,0.0,0.14026792876977712
418,12.1,0.6090941906531,0.0,0.6090941906531,0.581975683204941,0.0,0.14026792876977712
419,12.0,0.7580843621399178,0.0,0.7580843621399178,0.5819661343582307,0.0,0.14026792876977712
420,12.0,0.8352448559670781,0.0,0.8352448559670781,0.58195424905888,0.0,0.14026792876977712
421,12.0,0.9124053497942383,0.0,0.9124053497942383,0.5819411536162653,0.0,0.14026792876977712
422,12.1,1.075915178307424,0.0,1.075915178307424,0.5819268479520625,0.0,0.14026792876977712
423,12.3,1.2524942998971205,0.0,1.2524942998971205,0.5819099774868964,0.0,0.14026792876977712
424,12.6,1.3650279999999995,0.0,1.3650279999999995,0.5818903368320778,0.0,0.14026792876977712
425,12.9,1.3985420643004112,0.0,1.3985420643004112,0.5818689305143342,0.0,0.14026792876977712
426,13.2,1.517004205761316,0.0,1.517004205761316,0.5818469982975155,0.0,0.14026792876977712
427,13.6,1.7393682895900016,0.0,1.7393682895900016,0.5818232071659151,0.0,0.14026792876977712
428,14.1,1.80532103755144,0.0,1.80532103755144,0.5817959262312506,0.0,0.14026792876977712
429,14.5,1.8582392427793033,0.0,1.8582392427793033,0.5817676100575537,0.0,0.14026792876977712
430,15.0,2.0210390946502055,0.0,2.0210390946502055,0.5817384631850898,0.0,0.14026792876977712
431,15.5,1.9911687647652798,0.0,1.9911687647652798,0.5817067606257537,0.0,0.14026792876977712
432,15.9,2.044604528292181,0.0,2.044604528292181,0.5816755269086415,0.0,0.14026792876977712
433,16.4,2.1116201191891477,0.0,2.1116201191891477,0.5816434542229725,0.0,0.14026792876977712
434,16.8,0.0,0.0,0.0,0.5816103293216225,0.0,0.14026792876977712
435,2.1,0.0,0.0,0.0,0.5816103293216225,0.0,0.14026792876977712
436,2.4,0.25623455144032914,0.0,0.25623455144032914,0.5816103293216225,0.0,0.14026792876977712
437,2.7,0.2709451805555555,0.0,0.2709451805555555,0.5816063127402411,0.0,0.14026792876977712
438,2.9,0.2537543090039627,0.0,0.2537543090039627,0.5816020655374149,0.0,0.14026792876977712
439,3.0,0.22394238683127568,0.0,0.22394238683127568,0.5815980878359929,0.0,0.14026792876977712
440,3.0,0.20465226337448555,0.0,0.20465226337448555,0.5815945774889871,0.0,0.14026792876977712
441,3.0,0.18536213991769543,0.0,0.18536213991769543,0.5815913695426624,0.0,0.14026792876977712
442,2.9,0.14187159295458013,0.0,0.14187159295458013,0.5815884639926283,0.0,0.14026792876977712
443,2.7,0.09733406944444446,0.0,0.09733406944444446,0.5815862401945154,0.0,0.14026792876977712
444,2.4,0.07104936625514405,0.0,0.07104936625514405,0.5815847145365663,0.0,0.14026792876977712
445,2.1,0.06213908281893006,0.0,0.06213908281893006,0.5815836008883754,0.0,0.14026792876977712
446,1.8,0.04166637037037033,0.0,0.04166637037037033,0.5815826269058907,0.0,0.14026792876977712
447,1.4,0.01438465965554031,0.0,0.01438465965554031,0.5815819738227461,0.0,0.14026792876977712
448,0.9,0.009236652777777783,0.0,0.009236652777777783,0.5815817483584882,0.0,0.14026792876977712
449,0.5,0.7285082280711782,0.0,0.7285082280711782,0.5815816035840627,0.0,0.14026792876977712
450,32.0,46.96093949093126,0.0,46.96093949093126,0.5815701817440094,0.0,0.14026792876977712
451,31.5,0.643987847222222,0.0,0.643987847222222,0.5808198260280331,0.0,0.14026792876977712
452,31.1,0.6278132908283799,0.0,0.6278132908283799,0.5808097290204859,0.0,0.14026792876977712
453,30.6,0.6080257777777778,0.0,0.6080257777777778,0.5807998856668551,0.0,0.14026792876977712
454,30.2,0.9809099929888724,0.0,0.9809099929888724,0.5807903526247068,0.0,0.14026792876977712
455,29.9,1.157888089868164,0.0,1.157888089868164,0.5807749709525418,0.0,0.14026792876977712
456,29.6,1.1408447474470398,0.0,1.1408447474470398,0.580756812778382,0.0,0.14026792876977712
457,29.3,1.3123657507049205,0.0,1.3123657507049205,0.5807389219744802,0.0,0.14026792876977712
458,29.1,1.6741457031892968,0.0,1.6741457031892968,0.5807183399282977,0.0,0.14026792876977712
459,29.0,2.039604785855809,0.0,2.039604785855809,0.5806920801943182,0.0,0.14026792876977712
460,29.0,2.226075979271452,0.0,2.226075979271452,0.5806600833332588,0.0,0.14026792876977712
461,29.0,2.4125471726870957,0.0,2.4125471726870957,0.5806251584605315,0.0,0.14026792876977712
462,29.1,2.7968308883744895,0.0,2.7968308883744895,0.580587305114594,0.0,0.14026792876977712
463,29.3,3.1963678083180946,0.0,3.1963678083180946,0.5805434154056796,0.0,0.14026792876977712
464,29.6,3.4247953647309823,0.0,3.4247953647309823,0.58049324770743,0.0,0.14026792876977712
465,29.9,3.4649868553002547,0.0,3.4649868553002547,0.5804394896521518,0.0,0.14026792876977712
466,30.2,3.69953139216583,0.0,3.69953139216583,0.5803850996003528,0.0,0.14026792876977712
467,30.6,4.149692444444444,0.0,4.149692444444444,0.580327022179098,0.0,0.14026792876977712
468,31.1,4.227350327865417,0.0,4.227350327865417,0.5802618658138223,0.0,0.14026792876977712
469,31.5,4.289821180555554,0.0,4.289821180555554,0.580195487674288,0.0,0.14026792876977712
470,32.0,4.57410821521109,0.0,4.57410821521109,0.580128126549757,0.0,0.14026792876977712
471,32.5,4.447365528787518,0.0,4.447365528787518,0.5800562928111382,0.0,0.14026792876977712
472,32.9,4.510940505848955,0.0,4.510940505848955,0.57998645261021,0.0,0.14026792876977712
473,33.4,4.590865787532387,0.0,4.590865787532387,0.5799156118225858,0.0,0.14026792876977712
474,33.8,4.220505285169958,0.0,4.220505285169958,0.5798435131305667,0.0,0.14026792876977712
475,34.1,4.045834019566386,0.0,4.045834019566386,0.5797772402990121,0.0,0.14026792876977712
476,34.4,4.0886872385307065,0.0,4.0886872385307065,0.5797137143392971,0.0,0.14026792876977712
477,34.7,3.908608786713157,0.0,3.908608786713157,0.5796495140696496,0.0,0.14026792876977712
478,34.9,3.4873086879096076,0.0,3.4873086879096076,0.5795881454650357,0.0,0.14026792876977712
479,35.0,0.0,0.0,0.0,0.5795334005819008,0.0,0.14026792876977712
480,3.0,0.0,0.0,0.0,0.5795334005819008,0.0,0.14026792876977712
481,3.0,0.18536213991769543,0.0,0.18536213991769543,0.5795334005819008,0.0,0.14026792876977712
482,2.9,0.14187159295458013,0.0,0.14187159295458013,0.579530494525604,0.0,0.14026792876977712
483,2.7,0.09733406944444446,0.0,0.09733406944444446,0.57952827034003,0.0,0.14026792876977712
484,2.4,0.07104936625514405,0.0,0.07104936625514405,0.5795267444162688,0.0,0.14026792876977712
485,2.1,0.06213908281893006,0.0,0.06213908281893006,0.5795256305740533,0.0,0.14026792876977712
486,1.8,0.04166637037037033,0.0,0.04166637037037033,0.5795246564218784,0.0,0.14026792876977712
487,1.4,0.01438465965554031,0.0,0.01438465965554031,0.5795240032249536,0.0,0.14026792876977712
488,0.9,0.009236652777777783,0.0,0.009236652777777783,0.5795237777214161,0.0,0.14026792876977712
489,0.5,0.005128598441548543,0.0,0.005128598441548543,0.5795236329217686,0.0,0.14026792876977712
490,0.0,0.0,0.0,0.0,0.5795235525227259,0.0,0.14026792876977712
491,0.0,0.0,0.0,0.0,0.5795235525227259,0.0,0.14026792876977712
492,0.0,0.0,0.0,0.0,0.5795235525227259,0.0,0.14026792876977712
493,0.0,0.0,0.0,0.0,0.5795235525227259,0.0,0.14026792876977712
494,0.0,0.0,0.0,0.0,0.5795235525227259,0.0,0.14026792876977712
495,47.9,70.91955289439491,0.0,70.91955289439491,0.5795235525227259,0.0,0.14026792876977712
496,47.6,2.5138452001219194,0.0,2.5138452001219194,0.5783784773012486,0.0,0.14026792876977712
497,47.3,2.78831401202181,0.0,2.78831401202181,0.5783390254562659,0.0,0.14026792876977712
498,47.1,3.3731022772633867,0.0,3.3731022772633867,0.5782952612013856,0.0,0.14026792876977712
499,47.0,3.96582289285169,0.0,3.96582289285169,0.5782423057729214,0.0,0.14026792876977712
500,47.0,4.268034827008077,0.0,4.268034827008077,0.5781800299892945,0.0,0.14026792876977712
501,47.0,4.570246761164465,0.0,4.570246761164465,0.5781130000754922,0.0,0.14026792876977712
502,47.1,5.19023190689299,0.0,5.19023190689299,0.5780412147998694,0.0,0.14026792876977712
503,47.3,5.829723477042355,0.0,5.829723477042355,0.5779596706164161,0.0,0.14026792876977712
504,47.6,6.186684706294783,0.0,6.186684706294783,0.57786805520765,0.0,0.14026792876977712
505,47.9,6.239768943777639,0.0,6.239768943777639,0.5777708153935388,0.0,0.14026792876977712
506,48.2,6.603046783112332,0.0,6.603046783112332,0.5776727383224758,0.0,0.14026792876977712
507,48.6,7.302168,0.0,7.302168,0.5775689352291121,0.0,0.14026792876977712
508,49.1,7.401923774367475,0.0,7.401923774367475,0.5774541083627759,0.0,0.14026792876977712
509,49.5,7.482272569444444,0.0,7.482272569444444,0.5773377070294363,0.0,0.14026792876977712
510,50.0,7.90489730986129,0.0,7.90489730986129,0.5772200371794585,0.0,0.14026792876977712
511,50.5,7.685288111092039,0.0,7.685288111092039,0.5770956985601062,0.0,0.14026792876977712
512,50.9,7.767362100499161,0.0,7.767362100499161,0.5769748236348631,0.0,0.14026792876977712
513,51.4,7.87066068465173,0.0,7.87066068465173,0.5768526525533169,0.0,0.14026792876977712
514,51.8,7.287716972412744,0.0,7.287716972412744,0.5767288502813691,0.0,0.14026792876977712
515,52.1,7.011595120389435,0.0,7.011595120389435,0.5766142431238251,0.0,0.14026792876977712
516,52.4,7.068838308489575,0.0,7.068838308489575,0.5765039894334293,0.0,0.14026792876977712
517,52.7,6.787508899881861,0.0,6.787508899881861,0.5763928320240406,0.0,0.14026792876977712
518,52.9,6.14444262823882,0.0,6.14444262823882,0.5762861095666527,0.0,0.14026792876977712
519,53.0,5.480237158969678,0.0,5.480237158969678,0.5761895223328638,0.0,0.14026792876977712
520,53.0,5.13944497789971,0.0,5.13944497789971,0.5761033982827072,0.0,0.14026792876977712
521,53.0,4.7986527968297406,0.0,4.7986527968297406,0.5760226403562743,0.0,0.14026792876977712
522,52.9,4.103547566510454,0.0,4.103547566510454,0.5759472471978918,0.0,0.14026792876977712
523,52.7,3.3988772126390963,0.0,3.3988772126390963,0.5758827925912181,0.0,0.14026792876977712
524,52.4,0.0,0.0,0.0,0.5758294210332515,0.0,0.14026792876977712
525,2.1,0.0,0.0,0.0,0.5758294210332515,0.0,0.14026792876977712
526,1.8,0.04166637037037033,0.0,0.04166637037037033,0.5758294210332515,0.0,0.14026792876977712
527,1.4,0.01438465965554031,0.0,0.01438465965554031,0.5758287676319264,0.0,0.14026792876977712
528,0.9,0.009236652777777783,0.0,0.009236652777777783,0.5758285420578251,0.0,0.14026792876977712
529,0.5,0.005128598441548543,0.0,0.005128598441548543,0.5758283972128676,0.0,0.14026792876977712
530,0.0,0.0,0.0,0.0,0.575828316788667,0.0,0.14026792876977712
531,0.0,0.0,0.0,0.0,0.575828316788667,0.0,0.14026792876977712
532,0.0,0.0,0.0,0.0,0.575828316788667,0.0,0.14026792876977712
533,0.0,0.0,0.0,0.0,0.575828316788667,0.0,0.14026792876977712
534,0.0,0.0,0.0,0.0,0.575828316788667,0.0,0.14026792876977712
535,0.0,0.0,0.0,0.0,0.575828316788667,0.0,0.14026792876977712
536,0.0,0.0,0.0,0.0,0.575828316788667,0.0,0.14026792876977712
537,0.0,0.0,0.0,0.0,0.575828316788667,0.0,0.14026792876977712
538,0.0,0.0,0.0,0.0,0.575828316788667,0.0,0.14026792876977712
539,0.0,0.0,0.0,0.0,0.575828316788667,0.0,0.14026792876977712
540,32.0,46.96093949093126,0.0,46.96093949093126,0.575828316788667,0.0,0.14026792876977712
541,32.0,2.7222563633592367,0.0,2.7222563633592367,0.5750775817695837,0.0,0.14026792876977712
542,32.1,3.1456850190329124,0.0,3.1456850190329124,0.5750348436300516,0.0,0.14026792876977712
543,32.3,3.5849371173030047,0.0,3.5849371173030047,0.5749854493197277,0.0,0.14026792876977712
544,32.6,3.834371057460748,0.0,3.834371057460748,0.5749291476378374,0.0,0.14026792876977712
545,32.9,3.8762954441205695,0.0,3.8762954441205695,0.5748689222792264,0.0,0.14026792876977712
546,33.2,4.131879636335941,0.0,4.131879636335941,0.5748080370931622,0.0,0.14026792876977712
547,33.6,4.622979522633744,0.0,4.622979522633744,0.574743130455185,0.0,0.14026792876977712
548,34.1,4.703627229442921,0.0,4.703627229442921,0.5746704945679368,0.0,0.14026792876977712
549,34.5,4.768523212448546,0.0,4.768523212448546,0.574596588705847,0.0,0.14026792876977712
550,35.0,5.07517337296143,0.0,5.07517337296143,0.574521660744739,0.0,0.14026792876977712
551,35.5,4.932259776044048,0.0,4.932259776044048,0.5744419040692398,0.0,0.14026792876977712
552,35.9,4.99836339508078,0.0,4.99836339508078,0.5743643972048376,0.0,0.14026792876977712
553,36.4,5.081491068739521,0.0,5.081491068739521,0.5742858489713375,0.0,0.14026792876977712
554,36.8,4.6751455046486825,0.0,4.6751455046486825,0.5742059912092712,0.0,0.14026792876977712
555,37.1,4.483149912913422,0.0,4.483149912913422,0.5741325308047351,0.0,0.14026792876977712
556,37.4,4.527985565005344,0.0,4.527985565005344,0.5740620921995734,0.0,0.14026792876977712
557,37.7,4.330616058661032,0.0,4.330616058661032,0.5739909474391773,0.0,0.14026792876977712
558,37.9,3.8720776676764097,0.0,3.8720776676764097,0.5739229087628329,0.0,0.14026792876977712
559,38.0,3.396572892851706,0.0,3.396572892851706,0.5738620850403032,0.0,0.14026792876977712
560,38.0,3.1522313290656907,0.0,3.1522313290656907,0.5738087405628195,0.0,0.14026792876977712
561,38.0,2.9078897652796756,0.0,2.9078897652796756,0.5737592381781962,0.0,0.14026792876977712
562,37.9,2.40988630965174,0.0,2.40988630965174,0.5737135771842362,0.0,0.14026792876977712
563,37.7,1.9064905442577318,0.0,1.9064905442577318,0.5736757434512699,0.0,0.14026792876977712
564,37.4,1.6421830958695214,0.0,1.6421830958695214,0.5736458186455555,0.0,0.14026792876977712
565,37.1,1.6204955919257786,0.0,1.6204955919257786,0.5736200451383017,0.0,0.14026792876977712
566,36.8,1.3623883030025885,0.0,1.3623883030025885,0.5735946121737288,0.0,0.14026792876977712
567,36.4,0.8685281057765585,0.0,0.8685281057765585,0.5735732322464744,0.0,0.14026792876977712
568,35.9,0.8432708024881873,0.0,0.8432708024881873,0.5735596051167251,0.0,0.14026792876977712
569,35.5,0.0,0.0,0.0,0.5735463743898799,0.0,0.14026792876977712
570,0.0,0.0,0.0,0.0,0.5735463743898799,0.0,0.14026792876977712
571,0.0,0.0,0.0,0.0,0.5735463743898799,0.0,0.14026792876977712
572,0.0,0.0,0.0,0.0,0.5735463743898799,0.0,0.14026792876977712
573,0.0,0.0,0.0,0.0,0.5735463743898799,0.0,0.14026792876977712
574,0.0,0.0,0.0,0.0,0.5735463743898799,0.0,0.14026792876977712
575,0.0,0.0,0.0,0.0,0.5735463743898799,0.0,0.14026792876977712
576,0.0,0.0,0.0,0.0,0.5735463743898799,0.0,0.14026792876977712
577,0.0,0.0,0.0,0.0,0.5735463743898799,0.0,0.14026792876977712
578,0.0,0.0,0.0,0.0,0.5735463743898799,0.0,0.14026792876977712
579,0.0,0.0,0.0,0.0,0.5735463743898799,0.0,0.14026792876977712
580,0.0,0.0,0.0,0.0,0.5735463743898799,0.0,0.14026792876977712
581,0.0,0.0,0.0,0.0,0.5735463743898799,0.0,0.14026792876977712
582,0.0,0.0,0.0,0.0,0.5735463743898799,0.0,0.14026792876977712
583,0.0,0.0,0.0,0.0,0.5735463743898799,0.0,0.14026792876977712
584,0.0,0.0,0.0,0.0,0.5735463743898799,0.0,0.14026792876977712
585,0.0,0.0,0.0,0.0,0.5735463743898799,0.0,0.14026792876977712
586,0.5,0.06299896881191891,0.0,0.06299896881191891,0.5735463743898799,0.0,0.14026792876977712
587,0.9,0.11340331944444443,0.0,0.11340331944444443,0.5735453862567815,0.0,0.14026792876977712
588,1.4,0.17642169669257735,0.0,0.17642169669257735,0.5735436075001429,0.0,0.14026792876977712
589,1.8,0.20370340740740744,0.0,0.20370340740740744,0.573540840216119,0.0,0.14026792876977712
590,2.1,0.22417611985596708,0.0,0.22417611985596708,0.5735376449659997,0.0,0.14026792876977712
591,2.4,0.25623455144032914,0.0,0.25623455144032914,0.5735341285554376,0.0,0.14026792876977712
592,2.7,0.2709451805555555,0.0,0.2709451805555555,0.5735301092260503,0.0,0.14026792876977712
593,2.9,0.2537543090039627,0.0,0.2537543090039627,0.5735258591173988,0.0,0.14026792876977712
594,3.0,0.22394238683127568,0.0,0.22394238683127568,0.5735218786945727,0.0,0.14026792876977712
595,3.0,0.20465226337448555,0.0,0.20465226337448555,0.573518365945966,0.0,0.14026792876977712
596,3.0,0.18536213991769543,0.0,0.18536213991769543,0.5735151558049598,0.0,0.14026792876977712
597,2.9,0.14187159295458013,0.0,0.14187159295458013,0.5735122482671549,0.0,0.14026792876977712
598,2.7,0.09733406944444446,0.0,0.09733406944444446,0.5735100229477292,0.0,0.14026792876977712
599,2.4,2.385864181069959,0.0,2.385864181069959,0.5735084962461058,0.0,0.14026792876977712
600,17.1,17.049618069444445,0.0,17.049618069444445,0.5734710393535496,0.0,0.14026792876977712
601,16.8,0.43701904526748897,0.0,0.43701904526748897,0.5732017804854775,0.0,0.14026792876977712
602,16.4,0.2134719710409998,0.0,0.2134719710409998,0.5731949246592124,0.0,0.14026792876977712
603,15.9,0.20432675051440333,0.0,0.20432675051440333,0.5731915760702335,0.0,0.14026792876977712
604,15.5,0.19718728328379823,0.0,0.19718728328379823,0.5731883709468575,0.0,0.14026792876977712
605,15.0,0.09202674897119377,0.0,0.09202674897119377,0.5731852778230137,0.0,0.14026792876977712
606,14.5,0.17999850203855972,0.0,0.17999850203855972,0.5731838343309723,0.0,0.14026792876977712
607,14.1,0.17337659310699585,0.0,0.17337659310699585,0.5731810108524588,0.0,0.14026792876977712
608,13.6,0.1652942155159275,0.0,0.1652942155159275,0.573178291252547,0.0,0.14026792876977712
609,13.2,0.3287326008230459,0.0,0.3287326008230459,0.5731756984412506,0.0,0.14026792876977712
610,12.9,0.40317169393004154,0.0,0.40317169393004154,0.5731705415921495,0.0,0.14026792876977712
611,12.6,0.39280577777777814,0.0,0.39280577777777814,0.5731642168218019,0.0,0.14026792876977712
612,12.3,0.46159923816872317,0.0,0.46159923816872317,0.573158054689302,0.0,0.14026792876977712
613,12.1,0.6090941906531,0.0,0.6090941906531,0.5731508131583913,0.0,0.14026792876977712
614,12.0,0.7580843621399178,0.0,0.7580843621399178,0.5731412571708373,0.0,0.14026792876977712
615,12.0,0.8352448559670781,0.0,0.8352448559670781,0.57312936298232,0.0,0.14026792876977712
616,12.0,0.9124053497942383,0.0,0.9124053497942383,0.5731162577448342,0.0,0.14026792876977712
617,12.1,1.075915178307424,0.0,1.075915178307424,0.5731019413798801,0.0,0.14026792876977712
618,12.3,1.2524942998971205,0.0,1.2524942998971205,0.5730850582937936,0.0,0.14026792876977712
619,12.6,1.3650279999999995,0.0,1.3650279999999995,0.5730654029435417,0.0,0.14026792876977712
620,12.9,1.3985420643004112,0.0,1.3985420643004112,0.5730439806077767,0.0,0.14026792876977712
621,13.2,1.517004205761316,0.0,1.517004205761316,0.5730220319789154,0.0,0.14026792876977712
622,13.6,1.7393682895900016,0.0,1.7393682895900016,0.5729982230424817,0.0,0.14026792876977712
623,14.1,1.80532103755144,0.0,1.80532103755144,0.5729709216875716,0.0,0.14026792876977712
624,14.5,1.8582392427793033,0.0,1.8582392427793033,0.5729425843175197,0.0,0.14026792876977712
625,15.0,2.0210390946502055,0.0,2.0210390946502055,0.5729134156258453,0.0,0.14026792876977712
626,15.5,1.9911687647652798,0.0,1.9911687647652798,0.5728816893309177,0.0,0.14026792876977712
627,15.9,2.044604528292181,0.0,2.044604528292181,0.5728504322296669,0.0,0.14026792876977712
628,16.4,2.1116201191891477,0.0,2.1116201191891477,0.5728183355305849,0.0,0.14026792876977712
629,16.8,0.0,0.0,0.0,0.5727851858265447,0.0,0.14026792876977712
630,2.1,0.0,0.0,0.0,0.5727851858265447,0.0,0.14026792876977712
631,2.4,0.25623455144032914,0.0,0.25623455144032914,0.5727851858265447,0.0,0.14026792876977712
632,2.7,0.2709451805555555,0.0,0.2709451805555555,0.5727811662421317,0.0,0.14026792876977712
633,2.9,0.2537543090039627,0.0,0.2537543090039627,0.5727769158638084,0.0,0.14026792876977712
634,3.0,0.22394238683127568,0.0,0.22394238683127568,0.5727729351884254,0.0,0.14026792876977712
635,3.0,0.20465226337448555,0.0,0.20465226337448555,0.5727694222169407,0.0,0.14026792876977712
636,3.0,0.18536213991769543,0.0,0.18536213991769543,0.5727662118722596,0.0,0.14026792876977712
637,2.9,0.14187159295458013,0.0,0.14187159295458013,0.5727633041499818,0.0,0.14026792876977712
638,2.7,0.09733406944444446,0.0,0.09733406944444446,0.5727610786893724,0.0,0.14026792876977712
639,2.4,0.07104936625514405,0.0,0.07104936625514405,0.5727595518908919,0.0,0.14026792876977712
640,2.1,0.06213908281893006,0.0,0.06213908281893006,0.5727584374101915,0.0,0.14026792876977712
641,1.8,0.04166637037037033,0.0,0.04166637037037033,0.5727574626996098,0.0,0.14026792876977712
642,1.4,0.01438465965554031,0.0,0.01438465965554031,0.5727568091282632,0.0,0.14026792876977712
643,0.9,0.009236652777777783,0.0,0.009236652777777783,0.5727565834954667,0.0,0.14026792876977712
644,0.5,0.7285082280711782,0.0,0.7285082280711782,0.5727564386128201,0.0,0.14026792876977712
645,32.0,46.96093949093126,0.0,46.96093949093126,0.5727450082298714,0.0,0.14026792876977712
646,31.5,0.643987847222222,0.0,0.643987847222222,0.571994069368405,0.0,0.14026792876977712
647,31.1,0.6278132908283799,0.0,0.6278132908283799,0.5719839648083775,0.0,0.14026792876977712
648,30.6,0.6080257777777778,0.0,0.6080257777777778,0.57197411409208,0.0,0.14026792876977712
649,30.2,0.9809099929888724,0.0,0.9809099929888724,0.5719645739194733,0.0,0.14026792876977712
650,29.9,1.157888089868164,0.0,1.157888089868164,0.5719491807387901,0.0,0.14026792876977712
651,29.6,1.1408447474470398,2.542372881355932,-1.4015281339088923,0.5719310089767868,7.022471910112357e-05,0.14026792876977712
652,29.3,1.3123657507049205,3.0508474576271185,-1.738481706922198,0.571952982004693,0.0001491720875221762,0.14026792876977712
653,29.1,1.6741457031892968,3.559322033898305,-1.8851763307090081,0.5719802340548317,0.00023580575088851284,0.14026792876977712
654,29.0,2.039604785855809,3.559322033898305,-1.5197172480424959,0.5720097838646304,0.00032243941425484944,0.14026792876977712
655,29.0,2.226075979271452,3.559322033898305,-1.3332460546268528,0.5720336085711403,0.00040907307762118604,0.14026792876977712
656,29.0,2.4125471726870957,3.559322033898305,-1.1467748612112092,0.5720545114655137,0.0004957067409875227,0.14026792876977712
657,29.1,2.7968308883744895,4.067796610169491,-1.270965721795002,0.5720724921304894,0.0005891646849127563,0.14026792876977712
658,29.3,3.1963678083180946,4.067796610169491,-0.8714288018513967,0.5720924190099101,0.00068262262883799,0.14026792876977712
659,29.6,3.4247953647309823,4.067796610169491,-0.643001245438509,0.5721060838864488,0.0007760805727632236,0.14026792876977712
660,29.9,3.4649868553002547,4.067796610169491,-0.6028097548692366,0.5721161676957456,0.0008695385166884573,0.14026792876977712
661,30.2,3.69953139216583,4.067796610169491,-0.3682652180036614,0.572125621348875,0.0009629964606136909,0.14026792876977712
662,30.6,4.149692444444444,4.067796610169491,0.0818958342749525,0.5721313972576744,0.0010564544045389246,0.14026792876977712
663,31.1,4.227350327865417,4.067796610169491,0.15955371769592563,0.5721301125653127,0.0011499123484641582,0.14026792876977712
664,31.5,4.289821180555554,4.576271186440678,-0.2864500058851238,0.5721276095831663,0.001249469870588052,0.14026792876977712
665,32.0,4.57410821521109,4.576271186440678,-0.0021629712295885284,0.5721321024396431,0.001349027392711946,0.14026792876977712
666,32.5,4.447365528787518,4.576271186440678,-0.12890565765315998,0.5721321363688333,0.0014485849148358396,0.14026792876977712
667,32.9,4.510940505848955,4.576271186440678,-0.06533068059172287,0.5721341583299027,0.0015481424369597333,0.14026792876977712
668,33.4,4.590865787532387,4.576271186440678,0.014594601091708626,0.5721351831058501,0.0016476999590836273,0.14026792876977712
669,33.8,4.220505285169958,4.067796610169491,0.1527086750004667,0.5721349541679113,0.001741157903008861,0.14026792876977712
670,34.1,4.045834019566386,4.067796610169491,-0.021962590603105347,0.5721325585741719,0.0018346158469340944,0.14026792876977712
671,34.4,4.0886872385307065,4.067796610169491,0.020890628361215136,0.5721329030849975,0.001928073790859328,0.14026792876977712
672,34.7,3.908608786713157,4.067796610169491,-0.15918782345633442,0.5721325753836581,0.0020215317347845618,0.14026792876977712
673,34.9,3.4873086879096076,4.067796610169491,-0.5804879222598838,0.5721350723080831,0.0021149896787097952,0.14026792876977712
674,35.0,0.0,4.067796610169491,-4.067796610169491,0.572144175962147,0.0022084476226350283,0.14026792876977712
675,3.0,0.0,4.067796610169491,-4.067796610169491,0.5722078818255353,0.0023019055665602617,0.14026792876977712
676,3.0,0.18536213991769543,4.067796610169491,-3.882434470251796,0.5722715873462592,0.002395363510485495,0.14026792876977712
677,2.9,0.14187159295458013,4.067796610169491,-3.925925017214911,0.5723323940659502,0.0024888214544107287,0.14026792876977712
678,2.7,0.09733406944444446,4.067796610169491,-3.970462540725047,0.5723938805582393,0.002582279398335962,0.14026792876977712
679,2.4,0.07104936625514405,0.0,0.07104936625514405,0.5724560631603588,0.002582279398335962,0.14026792876977712
680,2.1,0.06213908281893006,0.0,0.06213908281893006,0.5724549486510071,0.002582279398335962,0.14026792876977712
681,1.8,0.04166637037037033,4.067796610169491,-4.026130239799121,0.5724539739153675,0.0026757373422611956,0.14026792876977712
682,1.4,0.01438465965554031,4.067796610169491,-4.053411950513951,0.5725170266335879,0.002769195286186429,0.14026792876977712
683,0.9,0.009236652777777783,0.0,0.009236652777777783,0.572580505582309,0.002769195286186429,0.14026792876977712
684,0.5,0.005128598441548543,0.0,0.005128598441548543,0.5725803606975016,0.002769195286186429,0.14026792876977712
685,0.0,0.0,4.067796610169491,-4.067796610169491,0.5725802802511746,0.0028626532301116625,0.14026792876977712
686,0.0,0.0,4.576271186440678,-4.576271186440678,0.5726439837688958,0.0029622107522355562,0.14026792876977712
687,0.0,0.0,4.576271186440678,-4.576271186440678,0.5727156353922944,0.00306176827435945,0.14026792876977712
688,0.0,0.0,4.576271186440678,-4.576271186440678,0.5727872865824128,0.0031613257964833437,0.14026792876977712
689,0.0,0.0,4.576271186440678,-4.576271186440678,0.5728589373392589,0.003260883318607238,0.14026792876977712
690,47.9,70.91955289439491,4.576271186440678,66.34328170795423,0.5729305876628402,0.0033604408407311315,0.14026792876977712
691,47.6,2.5138452001219194,4.067796610169491,-1.553951410047572,0.5718608957403039,0.003453898784656365,0.14026792876977712
692,47.3,2.78831401202181,4.067796610169491,-1.2794825981476814,0.5718852571130278,0.0035473567285815985,0.14026792876977712
693,47.1,3.3731022772633867,4.576271186440678,-1.2031689091772915,0.571905317774423,0.003646914250705492,0.14026792876977712
694,47.0,3.96582289285169,4.576271186440678,-0.6104482935889881,0.571924182475151,0.003746471772829386,0.14026792876977712
695,47.0,4.268034827008077,4.576271186440678,-0.30823635943260097,0.5719337560472783,0.0038460292949532796,0.14026792876977712
696,47.0,4.570246761164465,4.576271186440678,-0.006024425276213385,0.5719385906515994,0.003945586817077173,0.14026792876977712
697,47.1,5.19023190689299,5.084745762711864,0.10548614418112567,0.5719386851544315,0.004050923895728859,0.14026792876977712
698,47.3,5.829723477042355,4.576271186440678,1.2534522906016772,0.5719370303604872,0.0041504814178527525,0.14026792876977712
699,47.6,6.186684706294783,4.576271186440678,1.610413519854105,0.5719173580541959,0.004250038939976646,0.14026792876977712
700,47.9,6.239768943777639,4.576271186440678,1.6634977573369607,0.571892079774969,0.004349596462100539,0.14026792876977712
701,48.2,6.603046783112332,4.576271186440678,2.026775596671654,0.5718659676354199,0.004449153984224433,0.14026792876977712
702,48.6,7.302168,4.576271186440678,2.725896813559322,0.5718341483883265,0.004548711506348326,0.14026792876977712
703,49.1,7.401923774367475,4.576271186440678,2.825652587926797,0.5717913412496447,0.004648269028472219,0.14026792876977712
704,49.5,7.482272569444444,4.576271186440678,2.9060013830037654,0.5717469656271107,0.004747826550596112,0.14026792876977712
705,50.0,7.90489730986129,4.576271186440678,3.3286261234206114,0.5717013265235258,0.004847384072720006,0.14026792876977712
706,50.5,7.685288111092039,4.067796610169491,3.6174915009225472,0.5716490410033602,0.00494084201664524,0.14026792876977712
707,50.9,7.767362100499161,4.067796610169491,3.69956549032967,0.5715922112089658,0.005034299960570474,0.14026792876977712
708,51.4,7.87066068465173,4.067796610169491,3.8028640744822386,0.5715340898641883,0.005127757904495708,0.14026792876977712
709,51.8,7.287716972412744,4.067796610169491,3.2199203622432524,0.5714743428994388,0.0052212158484209415,0.14026792876977712
710,52.1,7.011595120389435,3.559322033898305,3.45227308649113,0.5714237661371905,0.005307849511787278,0.14026792876977712
711,52.4,7.068838308489575,3.559322033898305,3.50951627459127,0.5713695344279802,0.005394483175153615,0.14026792876977712
712,52.7,6.787508899881861,3.0508474576271185,3.736661442254743,0.571314401968915,0.0054734305435746675,0.14026792876977712
713,52.9,6.14444262823882,3.0508474576271185,3.0935951706117013,0.5712556955772612,0.00555237791199572,0.14026792876977712
714,53.0,5.480237158969678,3.0508474576271185,2.4293897013425596,0.5712071046167809,0.005631325280416772,0.14026792876977712
715,53.0,5.13944497789971,2.0338983050847457,3.105546672814964,0.571168956281168,0.005691566244272193,0.14026792876977712
716,53.0,4.7986527968297406,0.0,4.7986527968297406,0.5711201770063732,0.005691566244272193,0.14026792876977712
717,52.9,4.103547566510454,0.0,4.103547566510454,0.5710447524162658,0.005691566244272193,0.14026792876977712
718,52.7,3.3988772126390963,0.0,3.3988772126390963,0.5709802709528436,0.005691566244272193,0.14026792876977712
719,52.4,0.0,0.0,0.0,0.5709268771685005,0.005691566244272193,0.14026792876977712
720,2.1,0.0,0.0,0.0,0.5709268771685005,0.005691566244272193,0.14026792876977712
721,1.8,0.04166637037037033,0.0,0.04166637037037033,0.5709268771685005,0.005691566244272193,0.14026792876977712
722,1.4,0.01438465965554031,0.0,0.01438465965554031,0.5709262234957958,0.005691566244272193,0.14026792876977712
723,0.9,0.009236652777777783,0.0,0.009236652777777783,0.5709259978280081,0.005691566244272193,0.14026792876977712
724,0.5,0.005128598441548543,0.0,0.005128598441548543,0.5709258529228932,0.005691566244272193,0.14026792876977712
725,0.0,0.0,0.0,0.0,0.5709257724652906,0.005691566244272193,0.14026792876977712
726,0.0,0.0,0.0,0.0,0.5709257724652906,0.005691566244272193,0.14026792876977712
727,0.0,0.0,0.0,0.0,0.5709257724652906,0.005691566244272193,0.14026792876977712
728,0.0,0.0,0.0,0.0,0.5709257724652906,0.005691566244272193,0.14026792876977712
729,0.0,0.0,2.0338983050847457,-2.0338983050847457,0.5709257724652906,0.005751807208127615,0.14026792876977712
730,0.0,0.0,2.0338983050847457,-2.0338983050847457,0.570957654423584,0.0058120481719830365,0.14026792876977712
731,0.0,0.0,0.0,0.0,0.5709895362959074,0.0058120481719830365,0.14026792876977712
732,0.0,0.0,2.0338983050847457,-2.0338983050847457,0.5709895362959074,0.005872289135838458,0.14026792876977712
733,0.0,0.0,2.0338983050847457,-2.0338983050847457,0.5710214180822616,0.00593253009969388,0.14026792876977712
734,0.0,0.0,2.0338983050847457,-2.0338983050847457,0.5710532997826471,0.005992771063549301,0.14026792876977712
735,32.0,46.96093949093126,0.0,46.96093949093126,0.5710851813970647,0.005992771063549301,0.14026792876977712
736,32.0,2.7222563633592367,0.0,2.7222563633592367,0.5703341327550818,0.005992771063549301,0.14026792876977712
737,32.1,3.1456850190329124,0.0,3.1456850190329124,0.5702913774033023,0.005992771063549301,0.14026792876977712
738,32.3,3.5849371173030047,0.0,3.5849371173030047,0.5702419631931485,0.005992771063549301,0.14026792876977712
739,32.6,3.834371057460748,0.0,3.834371057460748,0.5701856388204282,0.005992771063549301,0.14026792876977712
740,32.9,3.8762954441205695,0.0,3.8762954441205695,0.5701253891845688,0.005992771063549301,0.14026792876977712
741,33.2,4.131879636335941,0.0,4.131879636335941,0.5700644794541982,0.005992771063549301,0.14026792876977712
742,33.6,4.622979522633744,0.0,4.622979522633744,0.5699995466451308,0.005992771063549301,0.14026792876977712
743,34.1,4.703627229442921,0.0,4.703627229442921,0.5699268814583961,0.005992771063549301,0.14026792876977712
744,34.5,4.768523212448546,0.0,4.768523212448546,0.5698529457822432,0.005992771063549301,0.14026792876977712
745,35.0,5.07517337296143,0.0,5.07517337296143,0.5697779875927946,0.005992771063549301,0.14026792876977712
746,35.5,4.932259776044048,0.0,4.932259776044048,0.5696981987325545,0.005992771063549301,0.14026792876977712
747,35.9,4.99836339508078,0.0,4.99836339508078,0.56962066059446,0.005992771063549301,0.14026792876977712
748,36.4,5.081491068739521,0.0,5.081491068739521,0.5695420806649768,0.005992771063549301,0.14026792876977712
749,36.8,4.6751455046486825,0.0,4.6751455046486825,0.569462190675918,0.005992771063549301,0.14026792876977712
750,37.1,4.483149912913422,0.0,4.483149912913422,0.5693887006353509,0.005992771063549301,0.14026792876977712
751,37.4,4.527985565005344,0.0,4.527985565005344,0.5693182336172652,0.005992771063549301,0.14026792876977712
752,37.7,4.330616058661032,0.0,4.330616058661032,0.5692470601577244,0.005992771063549301,0.14026792876977712
753,37.9,3.8720776676764097,0.0,3.8720776676764097,0.5691789940392188,0.005992771063549301,0.14026792876977712
754,38.0,3.396572892851706,0.0,3.396572892851706,0.569118145793292,0.005992771063549301,0.14026792876977712
755,38.0,3.1522313290656907,0.0,3.1522313290656907,0.5690647798159327,0.005992771063549301,0.14026792876977712
756,38.0,2.9078897652796756,0.0,2.9078897652796756,0.5690152574836717,0.005992771063549301,0.14026792876977712
757,37.9,2.40988630965174,0.0,2.40988630965174,0.5689695780934605,0.005992771063549301,0.14026792876977712
758,37.7,1.9064905442577318,0.0,1.9064905442577318,0.5689317291237099,0.005992771063549301,0.14026792876977712
759,37.4,1.6421830958695214,0.0,1.6421830958695214,0.5689017922711511,0.005992771063549301,0.14026792876977712
760,37.1,1.6204955919257786,0.0,1.6204955919257786,0.5688760083903835,0.005992771063549301,0.14026792876977712
761,36.8,1.3623883030025885,0.0,1.3623883030025885,0.5688505651894938,0.005992771063549301,0.14026792876977712
762,36.4,0.8685281057765585,0.0,0.8685281057765585,0.5688291766589364,0.005992771063549301,0.14026792876977712
763,35.9,0.8432708024881873,0.0,0.8432708024881873,0.5688155440477606,0.005992771063549301,0.14026792876977712
764,35.5,0.0,0.0,0.0,0.5688023079990343,0.005992771063549301,0.14026792876977712
765,0.0,0.0,0.0,0.0,0.5688023079990343,0.005992771063549301,0.14026792876977712
766,0.0,0.0,0.0,0.0,0.5688023079990343,0.005992771063549301,0.14026792876977712
767,0.0,0.0,0.0,0.0,0.5688023079990343,0.005992771063549301,0.14026792876977712
768,0.0,0.0,0.0,0.0,0.5688023079990343,0.005992771063549301,0.14026792876977712
769,0.0,0.0,0.0,0.0,0.5688023079990343,0.005992771063549301,0.14026792876977712
770,0.0,0.0,0.0,0.0,0.5688023079990343,0.005992771063549301,0.14026792876977712
771,0.0,0.0,0.0,0.0,0.5688023079990343,0.005992771063549301,0.14026792876977712
772,0.0,0.0,0.0,0.0,0.5688023079990343,0.005992771063549301,0.14026792876977712
773,0.0,0.0,0.0,0.0,0.5688023079990343,0.005992771063549301,0.14026792876977712
774,0.0,0.0,0.0,0.0,0.5688023079990343,0.005992771063549301,0.14026792876977712
775,0.0,0.0,0.0,0.0,0.5688023079990343,0.005992771063549301,0.14026792876977712
776,0.0,0.0,0.0,0.0,0.5688023079990343,0.005992771063549301,0.14026792876977712
777,0.0,0.0,0.0,0.0,0.5688023079990343,0.005992771063549301,0.14026792876977712
778,0.0,0.0,0.0,0.0,0.5688023079990343,0.005992771063549301,0.14026792876977712
779,0.0,0.0,0.0,0.0,0.5688023079990343,0.005992771063549301,0.14026792876977712
780,0.0,0.0,0.0,0.0,0.5688023079990343,0.005992771063549301,0.14026792876977712
781,0.5,0.0662139893880506,0.0,0.0662139893880506,0.5688023079990343,0.005992771063549301,0.14026792876977712
782,1.0,0.1324356805365036,0.0,0.1324356805365036,0.5688012690198103,0.005992771063549301,0.14026792876977712
783,1.5,0.1986727752057613,0.0,0.1986727752057613,0.5687991908854351,0.005992771063549301,0.14026792876977712
784,2.0,0.26493297515622616,0.0,0.26493297515622616,0.5687960732988128,0.005992771063549301,0.14026792876977712
785,2.5,0.315148879267642,0.0,0.315148879267642,0.5687919158416531,0.005992771063549301,0.14026792876977712
786,2.9,0.34698990571178173,0.0,0.34698990571178173,0.5687869702712633,0.005992771063549301,0.14026792876977712
787,3.3,0.39493462397119355,0.0,0.39493462397119355,0.5687815249543426,0.005992771063549301,0.14026792876977712
788,3.7,0.41912072220317037,0.0,0.41912072220317037,0.568775327118929,0.005992771063549301,0.14026792876977712
789,4.0,0.4274782045419904,0.0,0.4274782045419904,0.5687687496564015,0.005992771063549301,0.14026792876977712
790,4.3,0.459649020214144,0.0,0.459649020214144,0.568762041009781,0.005992771063549301,0.14026792876977712
791,4.6,0.46226549123609195,0.0,0.46226549123609195,0.5687548273924435,0.005992771063549301,0.14026792876977712
792,4.8,0.42072826337448566,2.0338983050847457,-1.61317004171026,0.5687475727008501,0.0060530120274047226,0.14026792876977712
793,4.9,0.3980350425049535,3.0508474576271185,-2.652812415122165,0.5687728685136684,0.006131959395825775,0.14026792876977712
794,5.0,0.3740588324950464,4.067796610169491,-3.693737777674445,0.5688144494702517,0.006225417339751009,0.14026792876977712
795,5.0,0.34190862673372957,4.576271186440678,-4.234362559706948,0.5688723220504205,0.006324974861874902,0.14026792876977712
796,5.0,0.30975842097241285,5.084745762711864,-4.774987341739451,0.5689386504470574,0.006430311940526588,0.14026792876977712
797,4.9,0.2720062359205913,5.084745762711864,-4.8127395267912725,0.5690134309030045,0.006535649019178274,0.14026792876977712
798,4.8,0.23554307818930023,5.59322033898305,-5.35767726079375,0.5690888009868889,0.006647741410482621,0.14026792876977712
799,4.6,0.1664835982319769,6.101694915254237,-5.93521131702226,0.569172686431258,0.0067661624631142,0.14026792876977712
800,4.3,0.1278588967573542,6.610169491525424,-6.4823105947680695,0.5692655924418103,0.00689052470801216,0.14026792876977712
801,4.0,0.1188362292333487,7.627118644067796,-7.508282414834447,0.5693670396261202,0.007025741054166005,0.14026792876977712
802,3.7,0.08604459051592739,8.135593220338983,-8.049548629823056,0.5694844944403232,0.00716658612458854,0.14026792876977712
803,3.3,0.05542845113168707,8.135593220338983,-8.080164769207295,0.5696103883069958,0.007307431195011075,0.14026792876977712
804,2.9,0.04863599624676116,8.135593220338983,-8.086957224092222,0.5697367581384547,0.00744827626543361,0.14026792876977712
805,2.5,0.02579702741579034,9.661016949152541,-9.635219921736752,0.5698632325158092,0.007610392306389241,0.14026792876977712
806,2.0,0.007731329065691195,9.661016949152541,-9.65328562008685,0.5700138270064967,0.0077725083473448725,0.14026792876977712
807,1.5,0.0057715406378600785,9.661016949152541,-9.65524540851468,0.5701647008716852,0.007934624388300502,0.14026792876977712
808,1.0,0.003834857491236098,10.169491525423728,-10.165656667932492,0.5703156033361654,0.008103543307219421,0.14026792876977712
809,0.5,0.0019135778654168541,10.169491525423728,-10.167577947558312,0.5704744490821995,0.00827246222613834,0.14026792876977712
810,0.0,0.0,10.169491525423728,-10.169491525423728,0.5706333226084773,0.008441381145057261,0.14026792876977712
811,0.0,0.0,10.169491525423728,-10.169491525423728,0.5707922237939872,0.00861030006397618,0.14026792876977712
812,0.0,0.0,10.169491525423728,-10.169491525423728,0.5709511228575878,0.008779218982895099,0.14026792876977712
813,0.0,0.0,10.169491525423728,-10.169491525423728,0.5711100197993638,0.008948137901814018,0.14026792876977712
814,0.0,0.0,10.169491525423728,-10.169491525423728,0.5712689146194001,0.009117056820732937,0.14026792876977712
815,0.0,0.0,10.169491525423728,-10.169491525423728,0.5714278073177814,0.009285975739651857,0.14026792876977712
816,0.0,0.0,10.169491525423728,-10.169491525423728,0.5715866978945925,0.009454894658570776,0.14026792876977712
817,0.0,0.0,10.169491525423728,-10.169491525423728,0.5717455863499181,0.009623813577489695,0.14026792876977712
818,0.0,0.0,9.661016949152541,-9.661016949152541,0.571904472683843,0.009785929618445327,0.14026792876977712
819,0.0,0.0,9.661016949152541,-9.661016949152541,0.5720554429258576,0.009948045659400957,0.14026792876977712
820,0.0,0.0,9.661016949152541,-9.661016949152541,0.5722064112519281,0.010110161700356588,0.14026792876977712
821,0.0,0.0,9.661016949152541,-9.661016949152541,0.5723573776621272,0.01027227774131222,0.14026792876977712
822,0.0,0.0,9.661016949152541,-9.661016949152541,0.5725083421565278,0.010434393782267851,0.14026792876977712
823,0.0,0.0,9.661016949152541,-9.661016949152541,0.5726593047352025,0.010596509823223481,0.14026792876977712
824,0.0,0.0,9.661016949152541,-9.661016949152541,0.5728102653982242,0.010758625864179113,0.14026792876977712
825,0.0,0.0,9.661016949152541,-9.661016949152541,0.5729612241456655,0.010920741905134744,0.14026792876977712
826,0.0,0.0,9.661016949152541,-9.661016949152541,0.5731121809775993,0.011082857946090374,0.14026792876977712
827,0.0,0.0,9.661016949152541,-9.661016949152541,0.5732631358940982,0.011244973987046006,0.14026792876977712
828,0.0,0.0,9.661016949152541,-9.661016949152541,0.5734140888952349,0.011407090028001637,0.14026792876977712
829,0.0,0.0,9.661016949152541,-9.661016949152541,0.5735650399810822,0.011569206068957267,0.14026792876977712
830,65.7,98.6380369861111,9.661016949152541,88.97702003695856,0.5737159891517128,0.011731322109912899,0.14026792876977712
831,66.0,9.994846707818894,9.661016949152541,0.33382975866635256,0.5722671087597914,0.01189343815086853,0.14026792876977712
832,66.3,10.493611923353937,9.152542372881356,1.3410695504725805,0.5722618715374636,0.012048610564661633,0.14026792876977712
833,66.7,11.022244523643485,8.64406779661017,2.378176727033315,0.5722408239656281,0.012196694188355013,0.14026792876977712
834,67.1,11.125222941034126,8.135593220338983,2.9896297206951434,0.5722034838602876,0.012337539258777548,0.14026792876977712
835,67.5,11.662890625000054,8.135593220338983,3.5272974046610717,0.5721565316127015,0.012478384329200084,0.14026792876977712
836,68.0,12.233834552659667,8.135593220338983,4.0982413323206845,0.5721011231323694,0.01261922939962262,0.14026792876977712
837,68.5,12.371798141956269,7.627118644067796,4.744679497888473,0.5720367309672065,0.012754445745776466,0.14026792876977712
838,69.0,12.51081687242794,7.627118644067796,4.883698228360144,0.5719621621481608,0.012889662091930314,0.14026792876977712
839,69.5,12.650898445835193,7.627118644067796,5.023779801767397,0.5718854037037159,0.01302487843808416,0.14026792876977712
840,70.0,12.792050563938435,7.627118644067796,5.164931919870639,0.5718064386070385,0.013160094784238007,0.14026792876977712
841,70.5,12.934280928497953,7.627118644067796,5.307162284430158,0.5717252497025418,0.013295311130391854,0.14026792876977712
842,71.0,13.077597241274207,7.627118644067796,5.450478597206411,0.5716418197057458,0.0134305274765457,0.14026792876977712
843,71.5,13.222007204027602,7.627118644067796,5.594888559959806,0.5715561312031355,0.013565743822699547,0.14026792876977712
844,72.0,13.367518518518533,7.627118644067796,5.740399874450738,0.5714681666520178,0.013700960168853393,0.14026792876977712
845,72.5,13.047960902968297,7.627118644067796,5.420842258900501,0.5713779083803757,0.01383617651500724,0.14026792876977712
846,72.9,12.694738874999986,7.627118644067796,5.0676202309321905,0.5712926848988763,0.013971392861161088,0.14026792876977712
847,73.3,12.808413497237451,7.627118644067796,5.181294853169655,0.571213025290395,0.014106609207314933,0.14026792876977712
848,73.7,12.448916696521081,7.627118644067796,4.8217980524532855,0.5711315745267874,0.01424182555346878,0.14026792876977712
849,74.0,12.05743914799575,7.627118644067796,4.430320503927954,0.57105578551266,0.014377041899622627,0.14026792876977712
850,74.3,12.140265982186426,7.627118644067796,4.51314733811863,0.5709861602216756,0.014512258245776474,0.14026792876977712
851,74.6,11.743823759792658,7.627118644067796,4.116705115724862,0.5709152304798538,0.014647474591930321,0.14026792876977712
852,74.8,10.836325878067406,7.627118644067796,3.20920723399961,0.5708505412109407,0.014782690938084167,0.14026792876977712
853,74.9,10.380717025053377,7.627118644067796,2.753598380985581,0.5708001302701136,0.014917907284238014,0.14026792876977712
854,75.0,9.92386831275715,7.627118644067796,2.2967496686893547,0.5707568838341129,0.01505312363039186,0.14026792876977712
855,75.0,9.441615226337447,7.627118644067796,1.8144965822696513,0.5707208188592091,0.015188339976545707,0.14026792876977712
856,75.0,8.959362139917742,7.627118644067796,1.332243495849946,0.5706923319230319,0.015323556322699555,0.14026792876977712
857,74.9,8.454276695835212,7.627118644067796,0.827158051767416,0.5706714201632646,0.0154587726688534,0.14026792876977712
858,74.8,7.950523408931524,7.627118644067796,0.32340476486372793,0.5706584391477344,0.015593989015007248,0.14026792876977712
859,74.6,6.94701306020429,7.627118644067796,-0.6801055838635062,0.570653364805333,0.015729205361161094,0.14026792876977712
860,74.3,6.4072412908283605,8.135593220338983,-1.7283519295106222,0.5706640316543572,0.01587005043158363,0.14026792876977712
861,74.0,6.347562604785835,8.135593220338983,-1.788030615553148,0.5706911279759717,0.016010895502006163,0.14026792876977712
862,73.7,5.814400235615786,8.135593220338983,-2.321192984723197,0.5707191591832238,0.0161517405724287,0.14026792876977712
863,73.3,5.267261233862992,8.64406779661017,-3.376806562747178,0.5707555410496157,0.01629982419612208,0.14026792876977712
864,72.9,5.194738875000014,9.661016949152541,-4.466278074152528,0.5708084460111773,0.016461940237077713,0.14026792876977712
865,72.5,4.656757199264593,9.661016949152541,-5.004259749887948,0.5708783893350645,0.016624056278033345,0.14026792876977712
866,72.0,4.108259259259246,9.661016949152541,-5.552757689893295,0.570956740445775,0.016786172318988976,0.14026792876977712
867,71.5,4.0270483562909485,9.661016949152541,-5.633968592861593,0.5710436598589176,0.016948288359944604,0.14026792876977712
868,71.0,3.9469388050601903,9.661016949152541,-5.714078144092351,0.5711318470140295,0.017110404400900236,0.14026792876977712
869,70.5,3.86792290380657,9.661016949152541,-5.793094045345971,0.5712212846021368,0.017272520441855867,0.14026792876977712
870,70.0,3.7899929507696855,9.661016949152541,-5.8710239983828565,0.5713119554379359,0.0174346364828115,0.14026792876977712
871,69.5,3.713141244189191,9.661016949152541,-5.947875704963351,0.5714038424597312,0.01759675252376713,0.14026792876977712
872,69.0,3.6373600823045713,9.661016949152541,-6.02365686684797,0.5714969287293735,0.017758868564722762,0.14026792876977712
873,68.5,3.5626417633554213,9.661016949152541,-6.098375185797121,0.571591197432199,0.01792098460567839,0.14026792876977712
874,68.0,3.4889785855814535,9.661016949152541,-6.1720383635710885,0.5716866318769682,0.018083100646634022,0.14026792876977712
875,67.5,3.850390624999945,9.661016949152541,-5.810626324152596,0.5717832154958066,0.018245216687589653,0.14026792876977712
876,67.1,4.221930759964193,9.661016949152541,-5.439086189188348,0.5718741557983316,0.018407332728545285,0.14026792876977712
877,66.7,4.160104605948039,9.661016949152541,-5.500912343204503,0.5719592931138223,0.018569448769500917,0.14026792876977712
878,66.3,4.5252477258230135,9.661016949152541,-5.135769223329528,0.5720453954595199,0.018731564810456548,0.14026792876977712
879,66.0,4.902254115226372,9.661016949152541,-4.75876283392617,0.5721257934919263,0.018893680851412176,0.14026792876977712
880,65.7,4.853314763888924,9.661016949152541,-4.807702185263618,0.5722003002932434,0.019055796892367808,0.14026792876977712
881,65.4,5.225264427983533,9.661016949152541,-4.435752521169008,0.572275571392843,0.01921791293332344,0.14026792876977712
882,65.2,6.0302740152415435,9.661016949152541,-3.630742933910998,0.5723450289154876,0.01938002897427907,0.14026792876977712
883,65.1,6.4309100859053245,9.661016949152541,-3.230106863247217,0.5724018989674348,0.019542145015234703,0.14026792876977712
884,65.0,6.830300259106829,9.661016949152541,-2.830716690045713,0.5724525014705307,0.019704261056190334,0.14026792876977712
885,65.0,7.248252934003961,9.661016949152541,-2.4127640151485803,0.5724968540157404,0.019866377097145962,0.14026792876977712
886,65.0,7.666205608901092,9.661016949152541,-1.9948113402514496,0.5725346640861414,0.020028493138101594,0.14026792876977712
887,65.1,8.105292801954755,9.661016949152541,-1.555724147197786,0.5725659295761735,0.020190609179057226,0.14026792876977712
888,65.2,8.545706114007046,9.661016949152541,-1.115310835145495,0.5725903172682947,0.020352725220012857,0.14026792876977712
889,65.4,9.430511341563793,9.661016949152541,-0.23050560758874816,0.5726078040244066,0.02051484126096849,0.14026792876977712
890,65.7,9.922759208333298,9.661016949152541,0.2617422591807568,0.5726114193484169,0.02067695730192412,0.14026792876977712
891,66.0,9.994846707818894,9.152542372881356,0.8423043349375376,0.5726073132944198,0.020832129715717223,0.14026792876977712
892,66.3,10.493611923353937,8.64406779661017,1.8495441267437673,0.5725940966696146,0.020980213339410605,0.14026792876977712
893,66.7,11.022244523643485,8.135593220338983,2.886651303304502,0.5725650637073573,0.02112105840983314,0.14026792876977712
894,67.1,11.125222941034126,8.135593220338983,2.9896297206951434,0.5725197319988071,0.021261903480255674,0.14026792876977712
895,67.5,11.662890625000054,8.135593220338983,3.5272974046610717,0.5724727810119581,0.02140274855067821,0.14026792876977712
896,68.0,12.233834552659667,7.627118644067796,4.606715908591871,0.5724173740200784,0.02153796489683206,0.14026792876977712
897,68.5,12.371798141956269,7.11864406779661,5.253154074159659,0.5723449798254492,0.021667915391881565,0.14026792876977712
898,69.0,12.51081687242794,6.610169491525424,5.900647380902516,0.5722624049945092,0.021792277636779524,0.14026792876977712
899,69.5,12.650898445835193,6.101694915254237,6.5492035305809555,0.5721696273993014,0.021910698689411104,0.14026792876977712
900,70.0,12.792050563938435,5.59322033898305,7.198830224955385,0.5720666247286215,0.02202279108071545,0.14026792876977712
901,70.5,12.934280928497953,5.084745762711864,7.849535165786089,0.5719533744873574,0.022128128159367138,0.14026792876977712
902,71.0,13.077597241274207,5.084745762711864,7.992851478562343,0.571829853995824,0.022233465238018824,0.14026792876977712
903,71.5,13.222007204027602,5.084745762711864,8.137261441315736,0.5717040696957942,0.02233880231667051,0.14026792876977712
904,72.0,13.367518518518533,4.576271186440678,8.791247332077855,0.5715760039842477,0.022438359838794403,0.14026792876977712
905,72.5,13.047960902968297,4.067796610169491,8.980164292798806,0.5714376077651362,0.022531817782719638,0.14026792876977712
906,72.9,12.694738874999986,4.067796610169491,8.626942264830495,0.5712962250890801,0.022625275726644873,0.14026792876977712
907,73.3,12.808413497237451,2.0338983050847457,10.774515192152705,0.571160421190907,0.02268551669050029,0.14026792876977712
908,73.7,12.448916696521081,0.0,12.448916696521081,0.5709906615952046,0.02268551669050029,0.14026792876977712
909,74.0,12.05743914799575,0.0,12.05743914799575,0.5707943850195155,0.02268551669050029,0.14026792876977712
910,74.3,12.140265982186426,0.0,12.140265982186426,0.5706043076177272,0.02268551669050029,0.14026792876977712
911,74.6,11.743823759792658,0.0,11.743823759792658,0.5704129149812001,0.02268551669050029,0.14026792876977712
912,74.8,10.836325878067406,0.0,10.836325878067406,0.5702277989583419,0.02268551669050029,0.14026792876977712
913,74.9,10.380717025053377,0.0,10.380717025053377,0.5700570476234371,0.02268551669050029,0.14026792876977712
914,75.0,9.92386831275715,0.0,9.92386831275715,0.5698935031689273,0.02268551669050029,0.14026792876977712
915,75.0,9.441615226337447,0.0,9.441615226337447,0.5697371828482551,0.02268551669050029,0.14026792876977712
916,75.0,8.959362139917742,0.0,8.959362139917742,0.5695884859057141,0.02268551669050029,0.14026792876977712
917,74.9,8.454276695835212,0.0,8.454276695835212,0.569447409660816,0.02268551669050029,0.14026792876977712
918,74.8,7.950523408931524,0.0,7.950523408931524,0.5693143121037537,0.02268551669050029,0.14026792876977712
919,74.6,6.94701306020429,0.0,6.94701306020429,0.5691891692191533,0.02268551669050029,0.14026792876977712
920,74.3,6.4072412908283605,0.0,6.4072412908283605,0.5690798647769815,0.02268551669050029,0.14026792876977712
921,74.0,6.347562604785835,0.0,6.347562604785835,0.5689790740508697,0.02268551669050029,0.14026792876977712
922,73.7,5.814400235615786,0.0,5.814400235615786,0.5688792236532241,0.02268551669050029,0.14026792876977712
923,73.3,5.267261233862992,0.0,5.267261233862992,0.5687877789840642,0.02268551669050029,0.14026792876977712
924,72.9,5.194738875000014,0.0,5.194738875000014,0.5687049568719722,0.02268551669050029,0.14026792876977712
925,72.5,4.656757199264593,0.0,4.656757199264593,0.5686232768992221,0.02268551669050029,0.14026792876977712
926,72.0,4.108259259259246,0.0,4.108259259259246,0.5685500712271485,0.02268551669050029,0.14026792876977712
927,71.5,4.0270483562909485,0.0,4.0270483562909485,0.5684855019135509,0.02268551669050029,0.14026792876977712
928,71.0,3.9469388050601903,0.0,3.9469388050601903,0.5684222107006177,0.02268551669050029,0.14026792876977712
929,70.5,0.0,0.0,0.0,0.5683601801894711,0.02268551669050029,0.14026792876977712
930,0.0,0.0,0.0,0.0,0.5683601801894711,0.02268551669050029,0.14026792876977712
931,0.0,0.0,0.0,0.0,0.5683601801894711,0.02268551669050029,0.14026792876977712
932,0.0,0.0,0.0,0.0,0.5683601801894711,0.02268551669050029,0.14026792876977712
933,0.0,0.0,0.0,0.0,0.5683601801894711,0.02268551669050029,0.14026792876977712
934,0.0,0.0,0.0,0.0,0.5683601801894711,0.02268551669050029,0.14026792876977712
935,0.0,0.0,0.0,0.0,0.5683601801894711,0.02268551669050029,0.14026792876977712
936,0.0,0.0,0.0,0.0,0.5683601801894711,0.02268551669050029,0.14026792876977712
937,0.0,0.0,0.0,0.0,0.5683601801894711,0.02268551669050029,0.14026792876977712
938,0.0,0.0,2.0338983050847457,-2.0338983050847457,0.5683601801894711,0.022745757654355714,0.14026792876977712
939,0.0,0.0,2.0338983050847457,-2.0338983050847457,0.568392069067426,0.022805998618211136,0.14026792876977712
940,0.0,0.0,2.542372881355932,-2.542372881355932,0.568423957859355,0.02287622333731226,0.14026792876977712
941,0.0,0.0,3.0508474576271185,-3.0508474576271185,0.5684638106801715,0.02295517070573331,0.14026792876977712
942,0.0,0.0,4.067796610169491,-4.067796610169491,0.5685116242380248,0.023048628649658544,0.14026792876977712
943,0.0,0.0,4.576271186440678,-4.576271186440678,0.5685753496464631,0.023148186171782437,0.14026792876977712
944,0.0,0.0,5.084745762711864,-5.084745762711864,0.5686470258816412,0.023253523250434123,0.14026792876977712
945,0.0,0.0,5.084745762711864,-5.084745762711864,0.568726649603758,0.02335886032908581,0.14026792876977712
946,0.0,0.0,5.59322033898305,-5.59322033898305,0.5688062727908515,0.023470952720390157,0.14026792876977712
947,0.0,0.0,6.101694915254237,-6.101694915254237,0.5688938400600717,0.023589373773021737,0.14026792876977712
948,0.0,0.0,6.610169491525424,-6.610169491525424,0.5689893480479742,0.023713736017919696,0.14026792876977712
949,0.0,0.0,6.610169491525424,-6.610169491525424,0.5690927933793195,0.023838098262817655,0.14026792876977712
950,0.0,0.0,7.11864406779661,-7.11864406779661,0.5691962378087354,0.023968048757867164,0.14026792876977712
951,0.0,0.0,7.627118644067796,-7.627118644067796,0.5693076161258311,0.02410326510402101,0.14026792876977712
952,0.0,0.0,8.135593220338983,-8.135593220338983,0.5694269249319868,0.024244110174443546,0.14026792876977712
953,0.0,0.0,8.135593220338983,-8.135593220338983,0.5695541608169082,0.024384955244866082,0.14026792876977712
954,0.0,0.0,8.135593220338983,-8.135593220338983,0.5696813953390333,0.02452580031528862,0.14026792876977712
955,0.0,0.0,10.169491525423728,-10.169491525423728,0.5698086284984055,0.024694719234207536,0.14026792876977712
956,0.0,0.0,10.169491525423728,-10.169491525423728,0.5699675406974907,0.024863638153126456,0.14026792876977712
957,0.0,0.0,10.169491525423728,-10.169491525423728,0.5701264507742265,0.025032557072045374,0.14026792876977712
958,0.0,0.0,10.677966101694915,-10.677966101694915,0.5702853587286978,0.02520814235632631,0.14026792876977712
959,0.0,0.0,10.677966101694915,-10.677966101694915,0.5704521764425209,0.025383727640607246,0.14026792876977712
960,0.0,0.0,10.677966101694915,-10.677966101694915,0.5706189918186054,0.02555931292488818,0.14026792876977712
961,0.5,0.0662139893880506,10.677966101694915,-10.611752112306865,0.5707858048570493,0.02573489820916912,0.14026792876977712
962,1.0,0.1324356805365036,10.677966101694915,-10.545530421158412,0.5709515854876834,0.025910483493450053,0.14026792876977712
963,1.5,0.1986727752057613,11.1864406779661,-10.98776790276034,0.5711163335801852,0.026092602698748062,0.14026792876977712
964,2.0,0.26493297515622616,11.1864406779661,-10.921507702809874,0.5712879582961249,0.026274721904046075,0.14026792876977712
965,2.5,0.315148879267642,11.1864406779661,-10.871291798698458,0.5714585500426538,0.026456841109344088,0.14026792876977712
966,2.9,0.34698990571178173,11.1864406779661,-10.839450772254319,0.5716283583498556,0.026638960314642097,0.14026792876977712
967,3.3,0.39493462397119355,11.694915254237287,-11.299980630266093,0.5717976690109806,0.02682748490480603,0.14026792876977712
968,3.7,0.41912072220317037,11.694915254237287,-11.275794532034118,0.5719741385945047,0.027016009494969965,0.14026792876977712
969,4.0,0.4274782045419904,12.203389830508474,-11.775911625966483,0.5721502295347616,0.02721081468977516,0.14026792876977712
970,4.3,0.459649020214144,12.203389830508474,-11.74374081029433,0.5723340917853389,0.027405619884580353,0.14026792876977712
971,4.6,0.46226549123609195,12.711864406779661,-12.249598915543569,0.5725174512289941,0.027606584514805434,0.14026792876977712
972,4.8,0.42072826337448566,13.220338983050848,-12.799610719676362,0.5727086678675873,0.027813590884232183,0.14026792876977712
973,4.9,0.3980350425049535,13.220338983050848,-12.822303940545893,0.5729084238522902,0.028020597253658935,0.14026792876977712
974,5.0,0.3740588324950464,13.728813559322033,-13.354754726826986,0.5731085288623187,0.028233531007602154,0.14026792876977712
975,5.0,0.34190862673372957,14.23728813559322,-13.89537950885949,0.5733168962657632,0.028452281007602154,0.14026792876977712
976,5.0,0.30975842097241285,14.23728813559322,-13.927529714620807,0.5735336490153965,0.02867103100760215,0.14026792876977712
977,4.9,0.2720062359205913,14.745762711864407,-14.473756475943816,0.5737508965900998,0.028895489211936517,0.14026792876977712
978,4.8,0.23554307818930023,14.745762711864407,-14.510219633675106,0.5739766120153033,0.029119947416270883,0.14026792876977712
979,4.6,6.703263433622923,14.745762711864407,-8.042499278241483,0.5742028885676144,0.029344405620605248,0.14026792876977712
980,104.3,163.6180439485787,15.254237288135592,148.36380666044312,0.5743286225884208,0.029575958569046126,0.14026792876977712
981,104.0,14.623898338667942,15.254237288135592,-0.6303389494676495,0.5726619559217541,0.029807511517487003,0.14026792876977712
982,103.7,13.84856503328375,15.254237288135592,-1.4056722548518419,0.5726718407403852,0.030039064465927884,0.14026792876977712
983,103.3,13.043090640584532,15.254237288135592,-2.2111466475510593,0.5726938773217447,0.03027061741436876,0.14026792876977712
984,102.9,12.90542987294241,15.762711864406779,-2.857281991464369,0.5727285300758075,0.03051077855474682,0.14026792876977712
985,102.5,12.109704301459296,16.271186440677965,-4.16148213921867,0.5727732973376185,0.030759612147281814,0.14026792876977712
986,102.0,11.28766769547323,16.779661016949152,-5.491993321475922,0.5728384645291246,0.031017183174443852,0.14026792876977712
987,101.5,11.126281466716181,17.28813559322034,-6.161854126504158,0.5729244212010091,0.03128355735181772,0.14026792876977712
988,101.0,10.966458695320814,17.796610169491526,-6.830151474170712,0.573020835779606,0.031558801139172234,0.14026792876977712
989,100.5,10.80819167952681,17.796610169491526,-6.988418489964715,0.573127678100534,0.03183404492652675,0.14026792876977712
990,100.0,10.651472717573604,17.796610169491526,-7.145137451917922,0.5732369883293257,0.03210928871388126,0.14026792876977712
991,99.5,10.496294107700793,17.796610169491526,-7.300316061790733,0.5733487419465887,0.032384532501235776,0.14026792876977712
992,99.0,10.34264814814813,17.796610169491526,-7.453962021343395,0.5734629145615044,0.032659776288590285,0.14026792876977712
993,98.5,10.190527137155138,17.796610169491526,-7.606083032336388,0.5735794819117194,0.0329350200759448,0.14026792876977712
994,98.0,10.03992337296142,17.796610169491526,-7.756686796530106,0.5736984198632362,0.03321026386329931,0.14026792876977712
995,97.5,10.51775816615226,17.796610169491526,-7.278852003339265,0.5738197044103066,0.03348550765065382,0.14026792876977712
996,97.1,11.021349467097258,17.796610169491526,-6.775260702394268,0.5739335377908278,0.033760751438008337,0.14026792876977712
997,96.7,10.89896899209345,17.796610169491526,-6.897641177398077,0.5740395156205315,0.034035995225362846,0.14026792876977712
998,96.3,11.396754773148105,17.796610169491526,-6.399855396343421,0.574147401529132,0.034311239012717355,0.14026792876977712
999,96.0,11.921662551440301,17.796610169491526,-5.874947618051225,0.5742475203689295,0.03458648280007187,0.14026792876977712
1000,95.7,11.827889712448611,17.796610169491526,-5.968720457042915,0.5743394459026122,0.03486172658742638,0.14026792876977712
1001,95.4,12.348073481481471,17.796610169491526,-5.448536688010055,0.5744328345147385,0.0351369703747809,0.14026792876977712
1002,95.2,13.509199872580346,17.796610169491526,-4.28741029691118,0.574518101037405,0.03541221416213541,0.14026792876977712
1003,95.1,14.087922071502096,17.796610169491526,-3.7086880979894303,0.5745852269753235,0.035687457949489916,0.14026792876977712
1004,95.0,14.665416857186466,17.796610169491526,-3.1311933123050597,0.5746433051342265,0.03596270173684443,0.14026792876977712
1005,95.0,15.276270766651425,17.796610169491526,-2.5203394028401007,0.5746923507066112,0.03623794552419894,0.14026792876977712
1006,95.0,15.887124676116386,17.796610169491526,-1.90948549337514,0.5747318375580197,0.03651318931155345,0.14026792876977712
1007,95.1,16.533909725822994,17.796610169491526,-1.2627004436685318,0.5747617611562609,0.03678843309890797,0.14026792876977712
1008,95.2,17.182039378753288,17.796610169491526,-0.6145707907382381,0.5747815540090891,0.03706367688626248,0.14026792876977712
1009,95.4,18.48233274074075,17.796610169491526,0.6857225712492223,0.5747911898867661,0.037338920673616986,0.14026792876977712
1010,95.7,19.212148971707762,17.28813559322034,1.9240133784874232,0.5747804328545876,0.03760529485099085,0.14026792876977712
1011,96.0,19.32906995884776,16.779661016949152,2.5494089418986086,0.5747502356238802,0.037862865878152886,0.14026792876977712
1012,96.3,20.065736254629677,15.762711864406779,4.303024390222898,0.5747102127604632,0.03810302701853095,0.14026792876977712
1013,96.7,20.847528662875305,15.254237288135592,5.593291374739714,0.5746426124585428,0.03833457996697183,0.14026792876977712
1014,97.1,21.011061401253603,15.254237288135592,5.756824113118011,0.5745546961648272,0.03856613291541271,0.14026792876977712
1015,97.5,21.80248038837448,15.254237288135592,6.548243100238889,0.5744642028225551,0.038797685863853584,0.14026792876977712
1016,98.0,22.64280403139767,15.254237288135592,7.3885667432620785,0.5743612354153381,0.03902923881229447,0.14026792876977712
1017,98.5,22.857708207114023,14.745762711864407,8.111945495249616,0.5742450141404708,0.039253697016628834,0.14026792876977712
1018,99.0,23.07412962962965,14.745762711864407,8.328366917765242,0.5741173758096082,0.0394781552209632,0.14026792876977712
1019,99.5,23.29207600070494,14.745762711864407,8.546313288840535,0.5739863193310979,0.03970261342529757,0.14026792876977712
1020,100.0,23.51155502210022,14.745762711864407,8.765792310235815,0.573851819911763,0.03992707162963194,0.14026792876977712
1021,100.5,23.732574395576062,14.745762711864407,8.986811683711656,0.5737138526195389,0.04015152983396631,0.14026792876977712
1022,101.0,23.955141822892866,14.745762711864407,9.20937911102846,0.573572392383198,0.04037598803830068,0.14026792876977712
1023,101.5,24.179265005810866,14.745762711864407,9.433502293946459,0.5734274139920725,0.04060044624263504,0.14026792876977712
1024,102.0,24.404951646090552,14.745762711864407,9.659188934226146,0.5732788920957725,0.040824904446969415,0.14026792876977712
1025,102.5,23.97313022738539,14.745762711864407,9.227367515520983,0.5731268012039016,0.04104936265130378,0.14026792876977712
1026,102.9,23.49184962602879,15.254237288135592,8.2376123378932,0.5729815330546728,0.04128091559974466,0.14026792876977712
1027,103.3,23.670662657045398,15.254237288135592,8.416425368909806,0.5728518968858533,0.041512468548185535,0.14026792876977712
1028,103.7,23.183698778139817,15.254237288135592,7.9294614900042255,0.5727194357183967,0.04174402149662642,0.14026792876977712
1029,104.0,22.64858969669252,15.254237288135592,7.39435240855693,0.5725946616389876,0.0419755744450673,0.14026792876977712
1030,104.3,22.780852590553977,14.745762711864407,8.03508987868957,0.5724783315778842,0.04220003264940166,0.14026792876977712
1031,104.6,22.24111155128792,14.745762711864407,7.495348839423512,0.5723518874088682,0.04242449085373603,0.14026792876977712
1032,104.8,20.980971900015298,14.745762711864407,6.2352091881508915,0.5722339612137279,0.0426489490580704,0.14026792876977712
1033,104.9,20.34906988856496,14.745762711864407,5.603307176700552,0.5721359097975307,0.04287340726240477,0.14026792876977712
1034,105.0,19.715946502057538,14.23728813559322,5.478658366464318,0.572047816934681,0.04309215726240477,0.14026792876977712
1035,105.0,19.040792181069957,13.728813559322033,5.311978621747924,0.5719616874112323,0.04330509101634799,0.14026792876977712
1036,105.0,18.365637860082366,13.728813559322033,4.636824300760333,0.5718781832185719,0.04351802477029121,0.14026792876977712
1037,104.9,17.651024621075344,13.220338983050848,4.430685638024496,0.5718053116528972,0.04372503113971796,0.14026792876977712
1038,104.8,16.937762023471972,13.220338983050848,3.7174230404211244,0.5717356850500898,0.043932037509144706,0.14026792876977712
1039,104.6,15.515288506020411,12.711864406779661,2.8034240992407504,0.5716772834518372,0.044133002139369784,0.14026792876977712
1040,104.3,14.733013084381248,12.203389830508474,2.5296232538727743,0.5716332568829953,0.04432780733417498,0.14026792876977712
1041,104.0,14.623898338667942,12.203389830508474,2.420508508159468,0.5715935344399984,0.04452261252898018,0.14026792876977712
1042,103.7,13.84856503328375,11.694915254237287,2.1536497790464626,0.5715555269459892,0.044711137119144116,0.14026792876977712
1043,103.3,13.043090640584532,11.694915254237287,1.3481753863472452,0.5715217132398291,0.04489966170930806,0.14026792876977712
1044,102.9,12.90542987294241,11.1864406779661,1.7189891949763094,0.5715005527565015,0.04508178091460607,0.14026792876977712
1045,102.5,12.109704301459296,11.1864406779661,0.9232636234931952,0.5714735680663714,0.04526390011990409,0.14026792876977712
1046,102.0,11.28766769547323,11.1864406779661,0.1012270175071297,0.5714590792463261,0.0454460193252021,0.14026792876977712
1047,101.5,11.126281466716181,11.1864406779661,-0.06015921124991941,0.571457491204801,0.045628138530500115,0.14026792876977712
1048,101.0,10.966458695320814,11.1864406779661,-0.21998198264528668,0.5714584349172025,0.04581025773579813,0.14026792876977712
1049,100.5,10.80819167952681,10.677966101694915,0.13022557783189548,0.5714618855356431,0.04598584302007907,0.14026792876977712
1050,100.0,10.651472717573604,10.677966101694915,-0.02649338412131108,0.5714598425438382,0.04616142830436,0.14026792876977712
1051,99.5,10.496294107700793,10.677966101694915,-0.18167199399412226,0.5714602581487839,0.04633701358864094,0.14026792876977712
1052,99.0,10.34264814814813,10.677966101694915,-0.3353179535467845,0.5714631078831137,0.04651259887292187,0.14026792876977712
1053,98.5,10.190527137155138,10.677966101694915,-0.487438964539777,0.5714683674078207,0.04668818415720281,0.14026792876977712
1054,98.0,10.03992337296142,10.677966101694915,-0.6380427287334953,0.5714760125121534,0.04686376944148374,0.14026792876977712
1055,97.5,10.51775816615226,10.677966101694915,-0.16020793554265467,0.5714860191135135,0.047039354725764676,0.14026792876977712
1056,97.1,11.021349467097258,10.677966101694915,0.3433833654023424,0.571488532175398,0.04721494001004561,0.14026792876977712
1057,96.7,10.89896899209345,9.152542372881356,1.7464266192120927,0.5714831446972715,0.04737011242383871,0.14026792876977712
1058,96.3,11.396754773148105,8.135593220338983,3.2611615528091225,0.5714557289535032,0.04751095749426125,0.14026792876977712
1059,96.0,11.921662551440301,8.135593220338983,3.7860693311013183,0.5714045034705304,0.047651802564683786,0.14026792876977712
1060,95.7,11.827889712448611,8.135593220338983,3.6922964921096284,0.5713450201138623,0.04779264763510632,0.14026792876977712
1061,95.4,12.348073481481471,7.627118644067796,4.720954837413675,0.5712870119179263,0.047927863981260165,0.14026792876977712
1062,95.2,13.509199872580346,7.11864406779661,6.3905558047837365,0.5712128119384874,0.048057814476309677,0.14026792876977712
1063,95.1,14.087922071502096,6.610169491525424,7.477752579976672,0.571112302619237,0.048182176721207635,0.14026792876977712
1064,95.0,14.665416857186466,5.59322033898305,9.072196518203416,0.5709946416744962,0.04829426911251199,0.14026792876977712
1065,95.0,15.276270766651425,5.084745762711864,10.19152500393956,0.5708517993564773,0.04839960619116367,0.14026792876977712
1066,95.0,15.887124676116386,5.084745762711864,10.802378913404521,0.5706912587166122,0.04850494326981536,0.14026792876977712
1067,95.1,16.533909725822994,5.084745762711864,11.449163963111129,0.5705210513702894,0.048610280348467046,0.14026792876977712
1068,95.2,17.182039378753288,4.576271186440678,12.60576819231261,0.5703406031927075,0.04870983787059094,0.14026792876977712
1069,95.4,18.48233274074075,4.067796610169491,14.414536130571257,0.57014182993173,0.048803295814516166,0.14026792876977712
1070,95.7,19.212148971707762,3.559322033898305,15.652826937809458,0.5699143646606616,0.0488899294778825,0.14026792876977712
1071,96.0,19.32906995884776,3.559322033898305,15.769747924949456,0.569667229768103,0.04897656314124884,0.14026792876977712
1072,96.3,20.065736254629677,3.0508474576271185,17.01488879700256,0.5694182317546483,0.04905551050966989,0.14026792876977712
1073,96.7,20.847528662875305,2.542372881355932,18.305155781519375,0.569149431604832,0.04912573522877102,0.14026792876977712
1074,97.1,21.011061401253603,2.0338983050847457,18.97716309616886,0.5688600891462356,0.04918597619262644,0.14026792876977712
1075,97.5,21.80248038837448,2.0338983050847457,19.768582083289736,0.5685600348160097,0.049246217156481864,0.14026792876977712
1076,98.0,22.64280403139767,2.0338983050847457,20.608905726312926,0.5682473579887996,0.04930645812033728,0.14026792876977712
1077,98.5,22.857708207114023,0.0,22.857708207114023,0.5679212691104516,0.04930645812033728,0.14026792876977712
1078,99.0,23.07412962962965,0.0,23.07412962962965,0.5675592546111051,0.04930645812033728,0.14026792876977712
1079,99.5,0.0,0.0,0.0,0.5671937686158617,0.04930645812033728,0.14026792876977712
1080,0.0,0.0,0.0,0.0,0.5671937686158617,0.04930645812033728,0.14026792876977712
1081,0.5,0.0662139893880506,0.0,0.0662139893880506,0.5671937686158617,0.04930645812033728,0.14026792876977712
1082,1.0,0.1324356805365036,2.0338983050847457,-1.901462624548242,0.5671927294950061,0.0493666990841927,0.14026792876977712
1083,1.5,0.1986727752057613,2.0338983050847457,-1.8352255298789844,0.5672225464701794,0.049426940048048124,0.14026792876977712
1084,2.0,0.26493297515622616,2.542372881355932,-2.2774399061997057,0.5672513254627914,0.04949716476714925,0.14026792876977712
1085,2.5,0.315148879267642,3.0508474576271185,-2.7356985783594765,0.5672870326452826,0.049576112135570304,0.14026792876977712
1086,2.9,0.34698990571178173,3.559322033898305,-3.212332128186523,0.5673299167579828,0.04966274579893664,0.14026792876977712
1087,3.3,0.39493462397119355,4.576271186440678,-4.181336562469484,0.5673802627336508,0.04976230332106053,0.14026792876977712
1088,3.7,0.41912072220317037,5.084745762711864,-4.665625040508694,0.5674457701466561,0.04986764039971222,0.14026792876977712
1089,4.0,0.4274782045419904,5.084745762711864,-4.657267558169874,0.567518850272817,0.049972977478363906,0.14026792876977712
1090,4.3,0.459649020214144,6.101694915254237,-5.642045895040093,0.5675917992831419,0.05009139853099549,0.14026792876977712
1091,4.6,0.46226549123609195,6.610169491525424,-6.147904000289332,0.5676801383046478,0.05021576077589345,0.14026792876977712
1092,4.8,0.42072826337448566,7.627118644067796,-7.2063903806933105,0.5677763776775167,0.050350977122047294,0.14026792876977712
1093,4.9,0.3980350425049535,8.135593220338983,-7.737558177834029,0.5678891384493637,0.05049182219246983,0.14026792876977712
1094,5.0,0.3740588324950464,8.135593220338983,-7.761534387843937,0.568010184005404,0.05063266726289237,0.14026792876977712
1095,5.0,0.34190862673372957,9.152542372881356,-8.810633746147627,0.5681316022543917,0.05078783967668547,0.14026792876977712
1096,5.0,0.30975842097241285,10.169491525423728,-9.859733104451315,0.5682693736718987,0.05095675859560439,0.14026792876977712
1097,4.9,0.2720062359205913,11.1864406779661,-10.91443444204551,0.568423484221754,0.051138877800902406,0.14026792876977712
1098,4.8,0.23554307818930023,12.203389830508474,-11.967846752319174,0.5685940069829688,0.051333682995707605,0.14026792876977712
1099,4.6,0.1664835982319769,12.711864406779661,-12.545380808547684,0.568780907672422,0.051534647625932684,0.14026792876977712
1100,4.3,0.1278588967573542,13.728813559322033,-13.600954662564678,0.568976780108301,0.0517475813798759,0.14026792876977712
1101,4.0,0.1188362292333487,14.745762711864407,-14.626926482631058,0.5691890418410337,0.051972039584210275,0.14026792876977712
1102,3.7,0.08604459051592739,14.745762711864407,-14.65971812134848,0.5694172193869875,0.05219649778854464,0.14026792876977712
1103,3.3,0.05542845113168707,15.254237288135592,-15.198808837003904,0.5696459011672238,0.05242805073698552,0.14026792876977712
1104,2.9,0.04863599624676116,15.762711864406779,-15.714075868160018,0.5698829377886999,0.052668211877363584,0.14026792876977712
1105,2.5,0.02579702741579034,16.271186440677965,-16.245389413262174,0.5701279560781709,0.052917045469898574,0.14026792876977712
1106,2.0,0.007731329065691195,16.779661016949152,-16.77192968788346,0.5703812009095155,0.05317461649706061,0.14026792876977712
1107,1.5,0.0057715406378600785,17.796610169491526,-17.790838628853667,0.5706425944664948,0.053449860284415125,0.14026792876977712
1108,1.0,0.003834857491236098,18.813559322033896,-18.80972446454266,0.5709197514989977,0.05374304570438343,0.14026792876977712
1109,0.5,0.0019135778654168541,19.83050847457627,-19.828594896710854,0.5712126581314463,0.054054447812336155,0.14026792876977712
1110,0.0,0.0,19.83050847457627,-19.83050847457627,0.5715213005792263,0.05436584992028889,0.14026792876977712
1111,0.0,0.0,20.338983050847457,-20.338983050847457,0.5718299646371068,0.05468770379862812,0.14026792876977712
1112,0.0,0.0,21.35593220338983,-21.35593220338983,0.5721464723472723,0.055032305045756444,0.14026792876977712
1113,0.0,0.0,21.864406779661017,-21.864406779661017,0.5724786652514793,0.05538861926517971,0.14026792876977712
1114,0.0,0.0,21.864406779661017,-21.864406779661017,0.5728186909087285,0.05574493348460298,0.14026792876977712
1115,0.0,0.0,22.3728813559322,-22.3728813559322,0.5731587069393446,0.05611319595530937,0.14026792876977712
1116,0.0,0.0,22.3728813559322,-22.3728813559322,0.5735065517820495,0.05648145842601576,0.14026792876977712
1117,0.0,0.0,22.3728813559322,-22.3728813559322,0.5738543865547953,0.056849720896722154,0.14026792876977712
1118,0.0,0.0,22.3728813559322,-22.3728813559322,0.5742022112584514,0.057217983367428546,0.14026792876977712
1119,0.0,0.0,22.3728813559322,-22.3728813559322,0.5745500258938872,0.05758624583813494,0.14026792876977712
1120,0.0,0.0,22.3728813559322,-22.3728813559322,0.5748978304619718,0.05795450830884133,0.14026792876977712
1121,0.0,0.0,22.3728813559322,-22.3728813559322,0.5752456249635745,0.058322770779547714,0.14026792876977712
1122,0.0,0.0,22.3728813559322,-22.3728813559322,0.575593409399564,0.058691033250254106,0.14026792876977712
1123,0.0,0.0,22.3728813559322,-22.3728813559322,0.5759411837708094,0.0590592957209605,0.14026792876977712
1124,0.0,0.0,22.3728813559322,-22.3728813559322,0.5762889480781792,0.05942755819166689,0.14026792876977712
1125,0.0,0.0,22.3728813559322,-22.3728813559322,0.576636702322542,0.05979582066237328,0.14026792876977712
1126,0.0,0.0,22.3728813559322,-22.3728813559322,0.5769844465047664,0.06016408313307967,0.14026792876977712
1127,0.0,0.0,22.3728813559322,-22.3728813559322,0.5773321806257207,0.060532345603786064,0.14026792876977712
1128,0.0,0.0,22.3728813559322,-22.3728813559322,0.577679904686273,0.060900608074492456,0.14026792876977712
1129,0.0,0.0,22.3728813559322,-22.3728813559322,0.5780276186872914,0.06126887054519885,0.14026792876977712
1130,115.7,184.48132910049912,27.966101694915253,156.51522740558386,0.5783753226296439,0.06180766364864712,0.14026792876977712
1131,116.0,28.406671315348397,27.966101694915253,0.44056962043314485,0.5767086559629772,0.0623464567520954,0.14026792876977712
1132,116.3,29.311180443777587,27.966101694915253,1.3450787488623348,0.5767017464795808,0.06288524985554368,0.14026792876977712
1133,116.7,30.274068873971167,27.966101694915253,2.3079671790559146,0.576680643895954,0.06342404295899196,0.14026792876977712
1134,117.1,30.49029397631837,27.966101694915253,2.524192281403117,0.5766444208259797,0.06396283606244023,0.14026792876977712
1135,117.5,31.46320331551973,27.457627118644066,4.005576196875666,0.576604800603705,0.064482066831671,0.14026792876977712
1136,118.0,32.498516956256694,27.457627118644066,5.040889837612628,0.5765418908192795,0.06500129760090177,0.14026792876977712
1137,118.5,32.78011837705763,27.457627118644066,5.322491258413567,0.5764626876062898,0.06552052837013256,0.14026792876977712
1138,119.0,33.06354511507396,26.94915254237288,6.114392572701078,0.5763790498270241,0.06602090601363708,0.14026792876977712
1139,119.5,33.34880487206602,26.94915254237288,6.39965232969314,0.5762829368825704,0.06652128365714162,0.14026792876977712
1140,120.0,33.635905349794264,26.94915254237288,6.686752807421385,0.5761823275617219,0.06702166130064616,0.14026792876977712
1141,120.5,33.92485425001887,26.94915254237288,6.975701707645989,0.5760771916986184,0.0675220389441507,0.14026792876977712
1142,121.0,34.21565927450085,26.440677966101696,7.7749813083991555,0.5759674989787643,0.06800423478984803,0.14026792876977712
1143,121.5,34.50832812500003,26.440677966101696,8.067650158898331,0.5758451971852436,0.06848643063554537,0.14026792876977712
1144,122.0,34.80286850327695,25.93220338983051,8.870665113446439,0.5757182753992157,0.06895108078131795,0.14026792876977712
1145,122.5,34.31160806994001,25.93220338983051,8.379404680109499,0.5755786738124602,0.06941573092709055,0.14026792876977712
1146,122.9,33.75727790296828,25.423728813559322,8.333549089408962,0.5754468279143162,0.06986343866348024,0.14026792876977712
1147,123.3,33.991839356481464,25.423728813559322,8.568110542922142,0.5753157044776086,0.07031114639986992,0.14026792876977712
1148,123.7,33.43222024209339,24.915254237288135,8.516966004805258,0.57518087612102,0.0707429405486186,0.14026792876977712
1149,124.0,32.81059891784781,24.915254237288135,7.895344680559678,0.5750468537966382,0.07117473469736728,0.14026792876977712
1150,124.3,32.98506129730598,24.915254237288135,8.069807060017848,0.5749226429102323,0.07160652884611596,0.14026792876977712
1151,124.6,32.35902982594107,24.915254237288135,7.443775588652937,0.5747956770980861,0.07203832299486464,0.14026792876977712
1152,124.8,30.869957069958915,24.406779661016948,6.4631774089419665,0.5746785891295048,0.07245687897672722,0.14026792876977712
1153,124.9,30.123606990378796,23.89830508474576,6.225301905633035,0.5745769646584954,0.07286247096844278,0.14026792876977712
1154,125.0,29.37604785855817,23.389830508474574,5.986217350083596,0.5744790889503186,0.07325536471630749,0.14026792876977712
1155,125.0,28.572292714525226,23.389830508474574,5.182462206050651,0.5743849804353311,0.07364825846417218,0.14026792876977712
1156,125.0,27.76853757049228,22.881355932203387,4.887181638288894,0.5743035332589548,0.07402871162616069,0.14026792876977712
1157,124.9,26.91115843070792,22.3728813559322,4.538277074775721,0.5742267352487112,0.07439697409686709,0.14026792876977712
1158,124.8,26.055142255143956,22.3728813559322,3.682260899211755,0.5741554294896035,0.07476523656757349,0.14026792876977712
1159,124.6,24.347198550221083,21.35593220338983,2.991266346831253,0.5740975930014182,0.0751098378147018,0.14026792876977712
1160,124.3,23.394011914590074,21.35593220338983,2.0380797112002433,0.5740506225738836,0.07545443906183012,0.14026792876977712
1161,124.0,23.242697683280053,20.847457627118644,2.395240056161409,0.5740186316437984,0.07578755573391333,0.14026792876977712
1162,123.7,22.296674974603775,20.338983050847457,1.9576919237563182,0.5739810290415054,0.07610940961225256,0.14026792876977712
1163,123.3,21.306654171296323,19.83050847457627,1.476145696720053,0.5739503007320014,0.07642081172020529,0.14026792876977712
1164,122.9,21.11324498115763,19.83050847457627,1.2827365065813616,0.5739271352593642,0.07673221382815802,0.14026792876977712
1165,122.5,20.133367329198855,19.322033898305083,0.8113334308937716,0.5739070065133208,0.07703447281638583,0.14026792876977712
1166,122.0,19.113568091754278,19.322033898305083,-0.20846580655080515,0.5738942774135214,0.07733673180461363,0.14026792876977712
1167,121.5,18.883328124999977,18.813559322033896,0.06976880296608101,0.5738975467307339,0.07762991722458194,0.14026792876977712
1168,121.0,18.654959686023446,18.813559322033896,-0.15859963601045024,0.5738964524429988,0.07792310264455025,0.14026792876977712
1169,120.5,18.428455073064494,18.813559322033896,-0.38510424896940165,0.5738989397704632,0.07821628806451857,0.14026792876977712
1170,120.0,18.203806584362123,18.813559322033896,-0.6097527376717728,0.5739049788369366,0.07850947348448688,0.14026792876977712
1171,119.5,17.98100651815651,18.813559322033896,-0.8325528038773875,0.5739145398999456,0.07880265890445519,0.14026792876977712
1172,119.0,17.76004717268707,18.813559322033896,-1.053512149346826,0.5739275933505926,0.0790958443244235,0.14026792876977712
1173,118.5,17.54092084619339,19.322033898305083,-1.7811130521116922,0.5739441097134147,0.0793981033126513,0.14026792876977712
1174,118.0,17.323619836915086,19.322033898305083,-1.9984140613899974,0.5739720248678799,0.07970036230087911,0.14026792876977712
1175,117.5,17.863666278482693,19.322033898305083,-1.4583676198223898,0.5740033429730448,0.08000262128910691,0.14026792876977712
1176,117.1,18.44296887343776,19.322033898305083,-0.8790650248673231,0.5740262025997653,0.08030488027733472,0.14026792876977712
1177,116.7,18.26789603446504,19.322033898305083,-1.0541378638400438,0.5740399849219859,0.08060713926556252,0.14026792876977712
1178,116.3,18.841787439662447,19.322033898305083,-0.48024645864263604,0.5740565109331108,0.08090939825379033,0.14026792876977712
1179,116.0,19.456054031397525,19.83050847457627,-0.3744544431787453,0.5740640415996908,0.08122080036174306,0.14026792876977712
