time,speed_kmh,P_load_kW,P_fc_kW,P_bat_kW,SOC_true,SOC_est,SOC_open,m_H2_cumul_kg,H2_eq_kg
0,0.0,0.0,0.0,0.0,0.6,0.6,0.6,0.0,0.1656444446261126
1,0.0,0.0,0.0,0.0,0.6,0.5995392683347298,0.5999875091273528,0.0,0.1656444446261126
2,0.0,0.0,0.0,0.0,0.6,0.6034907843825176,0.5999745988814136,0.0,0.1656444446261126
3,0.0,0.0,0.0,0.0,0.6,0.6005451307594951,0.5999641381963433,0.0,0.1656444446261126
4,0.0,0.0,0.0,0.0,0.6,0.6019220056442377,0.5999486403829669,0.0,0.1656444446261126
5,0.0,0.0,0.0,0.0,0.6,0.6018410669947051,0.5999388333673723,0.0,0.1656444446261126
6,0.0,0.0,0.0,0.0,0.6,0.5995095568213877,0.5999290095276301,0.0,0.1656444446261126
7,0.0,0.0,0.0,0.0,0.6,0.595466438790025,0.5999172262990979,0.0,0.1656444446261126
8,0.0,0.0,0.0,0.0,0.6,0.5972890882665746,0.5999109066264104,0.0,0.1656444446261126
9,0.0,0.0,0.0,0.0,0.6,0.5998652769814133,0.5999026089350781,0.0,0.1656444446261126
10,0.0,0.0,0.0,0.0,0.6,0.5967248902525927,0.5998940201130656,0.0,0.1656444446261126
11,0.0,0.0,0.0,0.0,0.6,0.5984509300966423,0.5998788377553741,0.0,0.1656444446261126
12,0.0,0.0,0.0,0.0,0.6,0.5962516715346169,0.5998675390659166,0.0,0.1656444446261126
13,0.0,0.0,0.0,0.0,0.6,0.599074234388853,0.5998579401290403,0.0,0.1656444446261126
14,0.0,0.0,0.0,0.0,0.6,0.6005662282536771,0.5998500262223109,0.0,0.1656444446261126
15,3.2,1.329447606157598,0.0,1.329447606157598,0.6,0.5995076092133713,0.5998405835520051,0.0,0.1656444446261126
16,5.4,2.2097697777777774,0.0,2.2097697777777774,0.5999791838878058,0.6040723737458927,0.599810327735956,0.0,0.1656444446261126
17,8.5,3.9193452955913735,0.0,3.9193452955913735,0.5999445717684554,0.598830402596493,0.5997646419977855,0.0,0.1656444446261126
18,11.5,4.940001888526901,0.0,4.940001888526901,0.5998831401988157,0.5967791591518722,0.5996898144700565,0.0,0.1656444446261126
19,14.1,5.250537086934157,0.0,5.250537086934157,0.5998056789913587,0.5943989142328536,0.5996006619748356,0.0,0.1656444446261126
20,16.2,5.938950666666664,0.0,5.938950666666664,0.5997233377201853,0.5985307907632756,0.5995108989982424,0.0,0.1656444446261126
21,18.7,5.790034139555707,0.0,5.790034139555707,0.599630174174745,0.5997076168143007,0.5994045730456353,0.0,0.1656444446261126
22,19.9,1.8204869372237489,0.0,1.8204869372237489,0.5995393513492228,0.5989339232153148,0.5993029603542309,0.0,0.1656444446261126
23,19.0,2.220005639384241,0.0,2.220005639384241,0.5995108400072542,0.5976918039495904,0.59926744490668,0.0,0.1656444446261126
24,20.6,3.7449452412741966,0.0,3.7449452412741966,0.5994760660409928,0.6013437005062648,0.599222839381449,0.0,0.1656444446261126
25,20.7,6.159835828703703,0.0,6.159835828703703,0.599417369755881,0.5960077194807657,0.5991520774899773,0.0,0.1656444446261126
26,24.1,9.688716817539246,0.0,9.688716817539246,0.5993207301722304,0.597432382699187,0.5990434265619674,0.0,0.1656444446261126
27,25.8,7.408517069958845,0.0,7.408517069958845,0.5991685108965921,0.6000763686565919,0.5988819765141077,0.0,0.1656444446261126
28,27.4,7.539544031702476,0.0,7.539544031702476,0.5990522206436479,0.6015425294235442,0.59875171126249,0.0,0.1656444446261126
29,28.9,7.234042641956257,0.0,7.234042641956257,0.5989338663036653,0.5990867144115898,0.5986245769711831,0.0,0.1656444446261126
30,30.1,6.975669489007019,0.0,6.975669489007019,0.5988203204122093,0.6011736294698216,0.5984989997924176,0.0,0.1656444446261126
31,31.3,4.661067759926076,0.0,4.661067759926076,0.5987108402230938,0.5990968702459146,0.5983797395317406,0.0,0.1656444446261126
32,31.2,2.2367663045267427,0.0,2.2367663045267427,0.5986377536814643,0.5960706509874858,0.5982986150317056,0.0,0.1656444446261126
33,31.2,4.644173711934155,0.0,4.644173711934155,0.5986027143540682,0.6009187561661752,0.5982502075770251,0.0,0.1656444446261126
34,32.3,6.907982384792705,0.0,6.907982384792705,0.5985298925377158,0.6015985611075425,0.5981664746776771,0.0,0.1656444446261126
35,33.3,5.003080560185182,0.0,5.003080560185182,0.5984214749295995,0.5979797160172513,0.5980459414139356,0.0,0.1656444446261126
36,33.4,3.3022855406188256,0.0,3.3022855406188256,0.5983430129177281,0.6017720944229953,0.5979553644142711,0.0,0.1656444446261126
37,33.6,2.6785350781893014,0.0,2.6785350781893014,0.5982912588054708,0.6029781146775803,0.5978925987076781,0.0,0.1656444446261126
38,33.4,2.0137052937052093,0.0,2.0137052937052093,0.5982492904846711,0.6016276992163245,0.5978467963455009,0.0,0.1656444446261126
39,33.3,2.0053953750000084,0.0,2.0053953750000084,0.5982177472082494,0.5986123019081508,0.5978039001605563,0.0,0.1656444446261126
40,33.1,2.62734011486435,0.0,2.62734011486435,0.5981863341208209,0.5937823157688557,0.5977611210709708,0.0,0.1656444446261126
41,33.3,3.504237967592589,0.0,3.504237967592589,0.5981451684156546,0.5976046406376953,0.5977094544543817,0.0,0.1656444446261126
42,33.5,2.0220357915142597,0.0,2.0220357915142597,0.5980902439219093,0.5967681501240114,0.59763931358829,0.0,0.1656444446261126
43,33.0,1.131823045267488,0.0,1.131823045267488,0.598058569622665,0.5965149823406329,0.5975987739934981,0.0,0.1656444446261126
44,32.8,1.7532469617436397,0.0,1.7532469617436397,0.598040846340707,0.5983161506663982,0.5975673968167687,0.0,0.1656444446261126
45,32.6,2.367035666514258,0.0,2.367035666514258,0.5980133853213336,0.5992895210000031,0.5975302962424058,0.0,0.1656444446261126
46,32.7,1.9559645735596665,0.0,1.9559645735596665,0.5979763014192713,0.6006141237136747,0.597481831569373,0.0,0.1656444446261126
47,32.3,0.8849628374676041,0.0,0.8849628374676041,0.5979456626063233,0.5980423073067075,0.597442031792797,0.0,0.1656444446261126
48,31.9,0.45535462583829384,0.0,0.45535462583829384,0.5979318061494335,0.5946212439465257,0.5974181534141104,0.0,0.1656444446261126
49,31.3,0.23334142247752,0.0,0.23334142247752,0.5979246775647274,0.597483841211161,0.5973990911619681,0.0,0.1656444446261126
50,30.8,1.0119743249504636,0.0,1.0119743249504636,0.5979210249204324,0.5972451461882443,0.5973843132025157,0.0,0.1656444446261126
51,30.6,0.6080257777777778,0.0,0.6080257777777778,0.5979051789267832,0.5967395944276128,0.59736128768315,0.0,0.1656444446261126
52,29.9,0.0,0.0,0.0,0.5978956596739179,0.5956982562493862,0.5973416093039418,0.0,0.1656444446261126
53,29.1,0.0,0.0,0.0,0.5978956596739179,0.5981267564518549,0.5973309462086964,0.0,0.1656444446261126
54,27.0,0.0,0.0,0.0,0.5978956596739179,0.5983623429135791,0.5973145956923042,0.0,0.1656444446261126
55,25.0,0.0,0.0,0.0,0.5978956596739179,0.5978681528005583,0.597302769163441,0.0,0.1656444446261126
56,22.8,0.0,0.0,0.0,0.5978956596739179,0.5978245710772363,0.5972969879723724,0.0,0.1656444446261126
57,22.1,0.0,0.0,0.0,0.5978956596739179,0.6035035765926607,0.5972857095551226,0.0,0.1656444446261126
58,21.3,0.0,0.0,0.0,0.5978956596739179,0.6003421167917601,0.5972751327800248,0.0,0.1656444446261126
59,20.3,1.3383123504991579,0.0,1.3383123504991579,0.5978956596739179,0.5959871209505162,0.5972641180904962,0.0,0.1656444446261126
60,21.2,4.132115054717263,0.0,4.132115054717263,0.5978747009551765,0.5990053579698253,0.5972288737528255,0.0,0.1656444446261126
61,22.2,2.195716427983541,0.0,2.195716427983541,0.5978099175826757,0.596125166012774,0.5971507819582496,0.0,0.1656444446261126
62,21.6,1.4360991111111159,0.0,1.4360991111111159,0.597775519459522,0.5940594126857316,0.5971013760731211,0.0,0.1656444446261126
63,22.1,3.890067359758418,0.0,3.890067359758418,0.597753028242545,0.6016079955080175,0.597066143586439,0.0,0.1656444446261126
64,23.2,4.244739131839653,0.0,4.244739131839653,0.5976920449557418,0.5976459821363249,0.5969968006783167,0.0,0.1656444446261126
65,23.8,1.7598143691510437,0.0,1.7598143691510437,0.5976254918403383,0.5965016081261131,0.5969188596424546,0.0,0.1656444446261126
66,23.2,0.0,0.0,0.0,0.5975979269149425,0.5974187763396824,0.5968844910043674,0.0,0.1656444446261126
67,22.1,0.0,0.0,0.0,0.5975979269149425,0.5986223077366133,0.5968763307369055,0.0,0.1656444446261126
68,21.2,0.0,0.0,0.0,0.5975979269149425,0.60146166271896,0.5968677735820006,0.0,0.1656444446261126
69,20.0,0.0,0.0,0.0,0.5975979269149425,0.5980711936768468,0.5968588381744793,0.0,0.1656444446261126
70,18.3,0.0,0.0,0.0,0.5975979269149425,0.5949271160103277,0.5968454672933199,0.0,0.1656444446261126
71,15.0,0.0,0.0,0.0,0.5975979269149425,0.5997455949874216,0.5968337243490571,0.0,0.1656444446261126
72,10.0,0.0,0.0,0.0,0.5975979269149425,0.5986921893832644,0.5968270784691532,0.0,0.1656444446261126
73,5.7,0.0,0.0,0.0,0.5975979269149425,0.5997257923841929,0.5968152454613914,0.0,0.1656444446261126
74,2.1,0.0,0.0,0.0,0.5975979269149425,0.5952433052033239,0.5968075703244772,0.0,0.1656444446261126
75,0.0,0.0,0.0,0.0,0.5975979269149425,0.5975342087324468,0.5967950093756837,0.0,0.1656444446261126
76,0.0,0.0,0.0,0.0,0.5975979269149425,0.5983665966670746,0.5967832024510995,0.0,0.1656444446261126
77,0.0,0.0,0.0,0.0,0.5975979269149425,0.5983674823205462,0.5967739802975484,0.0,0.1656444446261126
78,0.0,0.0,0.0,0.0,0.5975979269149425,0.5962018977138025,0.5967620550962336,0.0,0.1656444446261126
79,0.0,0.0,0.0,0.0,0.5975979269149425,0.5982383762593865,0.596745761278147,0.0,0.1656444446261126
80,0.0,0.0,0.0,0.0,0.5975979269149425,0.5992981163036486,0.596737959343417,0.0,0.1656444446261126
81,0.0,0.0,0.0,0.0,0.5975979269149425,0.5999290788329263,0.5967295556813899,0.0,0.1656444446261126
82,0.0,0.0,0.0,0.0,0.5975979269149425,0.596448071591623,0.5967152262492259,0.0,0.1656444446261126
83,0.0,0.0,0.0,0.0,0.5975979269149425,0.5981767927837819,0.5967014390933113,0.0,0.1656444446261126
84,0.0,0.0,0.0,0.0,0.5975979269149425,0.6021136279893625,0.5966880444817557,0.0,0.1656444446261126
85,0.0,0.0,0.0,0.0,0.5975979269149425,0.5972880517098825,0.5966776150043002,0.0,0.1656444446261126
86,0.0,0.0,0.0,0.0,0.5975979269149425,0.5956320891734214,0.5966689747666046,0.0,0.1656444446261126
87,0.0,0.0,0.0,0.0,0.5975979269149425,0.5977577710819316,0.5966580778269086,0.0,0.1656444446261126
88,0.0,0.0,0.0,0.0,0.5975979269149425,0.5995362471516155,0.5966461981302438,0.0,0.1656444446261126
89,0.0,0.0,0.0,0.0,0.5975979269149425,0.6015272176056512,0.5966350509027664,0.0,0.1656444446261126
90,0.0,0.0,0.0,0.0,0.5975979269149425,0.6050493104738847,0.5966246749495253,0.0,0.1656444446261126
91,0.0,0.0,0.0,0.0,0.5975979269149425,0.5979721449150478,0.5966118258735593,0.0,0.1656444446261126
92,0.0,0.0,0.0,0.0,0.5975979269149425,0.5988163048480539,0.5966036894638317,0.0,0.1656444446261126
93,0.0,0.0,0.0,0.0,0.5975979269149425,0.599610049607455,0.5965931990826798,0.0,0.1656444446261126
94,0.0,0.0,0.0,0.0,0.5975979269149425,0.5980589809083199,0.5965807734226116,0.0,0.1656444446261126
95,0.0,0.0,0.0,0.0,0.5975979269149425,0.5942752230288724,0.596572014516273,0.0,0.1656444446261126
96,0.0,0.0,0.0,0.0,0.5975979269149425,0.5985106673487195,0.5965621437244731,0.0,0.1656444446261126
97,0.0,0.0,0.0,0.0,0.5975979269149425,0.5950315516116289,0.5965504379085173,0.0,0.1656444446261126
98,0.0,0.0,0.0,0.0,0.5975979269149425,0.597670080822169,0.5965388457392787,0.0,0.1656444446261126
99,0.0,0.0,0.0,0.0,0.5975979269149425,0.5979694464943673,0.5965301897877127,0.0,0.1656444446261126
100,0.0,0.0,0.0,0.0,0.5975979269149425,0.5950968657422792,0.596518916985717,0.0,0.1656444446261126
101,0.0,0.0,0.0,0.0,0.5975979269149425,0.598091736473248,0.5965068120208271,0.0,0.1656444446261126
102,1.4,0.35646284895595176,0.0,0.35646284895595176,0.5975979269149425,0.6001586702157636,0.5964926924340406,0.0,0.1656444446261126
103,2.9,0.7199322925430576,0.0,0.7199322925430576,0.5975923465443526,0.5962526694538417,0.596479827811695,0.0,0.1656444446261126
104,4.2,0.9350339588477367,0.0,0.9350339588477367,0.5975810744836255,0.598339500295714,0.5964560139863367,0.0,0.1656444446261126
105,5.3,1.1123341183318092,0.0,1.1123341183318092,0.5975664332868215,0.6066223009835611,0.596428830990404,0.0,0.1656444446261126
106,6.4,1.3851940179850637,0.0,1.3851940179850637,0.5975490145928061,0.6029964423971303,0.5963987153783034,0.0,0.1656444446261126
107,7.6,1.6462290440481628,0.0,1.6462290440481628,0.5975273206403635,0.6007374328550006,0.5963632603098511,0.0,0.1656444446261126
108,8.7,1.774218194958847,0.0,1.774218194958847,0.5975015358140112,0.600259404540307,0.5963272401202895,0.0,0.1656444446261126
109,9.7,2.04235553358863,0.0,2.04235553358863,0.5974737448228947,0.5978139464016546,0.596290484754769,0.0,0.1656444446261126
110,10.9,2.2276975905159278,0.0,2.2276975905159278,0.5974417502953753,0.5977546715672226,0.5962487273482158,0.0,0.1656444446261126
111,11.8,1.8829901167504963,0.0,1.8829901167504963,0.5974068496227649,0.5932528157568459,0.5961962859573646,0.0,0.1656444446261126
112,12.3,1.8852103492798356,0.0,1.8852103492798356,0.5973773533378899,0.5924012242055413,0.5961537722830719,0.0,0.1656444446261126
113,13.1,2.9371281159312583,0.0,2.9371281159312583,0.5973478221741426,0.5982937818398574,0.5961144409300629,0.0,0.1656444446261126
114,14.7,4.625878246399174,0.0,4.625878246399174,0.5973017937001242,0.5951617822319464,0.5960571227893248,0.0,0.1656444446261126
115,16.9,5.764922278444594,0.0,5.764922278444594,0.597229251285362,0.5981588314638866,0.5959754562181994,0.0,0.1656444446261126
116,18.9,5.367308041666667,0.0,5.367308041666667,0.5971388048370156,0.5979848408062856,0.5958759274549411,0.0,0.1656444446261126
117,20.2,3.798729365035821,0.0,3.798729365035821,0.5970546093301057,0.5958840902117353,0.5957804942484759,0.0,0.1656444446261126
118,20.7,2.2998821250000008,0.0,2.2998821250000008,0.596995056561081,0.5981130420217283,0.595703874968092,0.0,0.1656444446261126
119,20.8,1.3756650961743642,0.0,1.3756650961743642,0.5969590225967524,0.5977593616886836,0.5956623552887262,0.0,0.1656444446261126
120,20.6,0.30101520012193267,0.0,0.30101520012193267,0.5969374768856898,0.599150174386537,0.595631536762288,0.0,0.1656444446261126
121,19.9,0.0,0.0,0.0,0.5969327643800518,0.5973652594213602,0.5956179145920346,0.0,0.1656444446261126
122,19.3,0.3958386721345868,0.0,0.3958386721345868,0.5969327643800518,0.5990446788705792,0.5956054007384819,0.0,0.1656444446261126
123,19.1,1.3727406639422346,0.0,1.3727406639422346,0.5969265671416358,0.5968261728696052,0.5955914265456411,0.0,0.1656444446261126
124,19.3,2.3814353799535097,0.0,2.3814353799535097,0.5969050671990764,0.5953909837442425,0.5955601347845016,0.0,0.1656444446261126
125,19.9,3.483938583314278,0.0,3.483938583314278,0.5968677539835932,0.5973393684253927,0.5955068064183509,0.0,0.1656444446261126
126,20.9,4.339706767851697,0.0,4.339706767851697,0.5968131421860857,0.5990955207885206,0.595444585965161,0.0,0.1656444446261126
127,22.0,4.861695282731288,0.0,4.861695282731288,0.596745092425748,0.5998641804726333,0.5953595302153872,0.0,0.1656444446261126
128,23.2,5.139800860234721,0.0,5.139800860234721,0.596668841180023,0.5965904435228606,0.5952763883306788,0.0,0.1656444446261126
129,24.3,5.396536625000001,0.0,5.396536625000001,0.596588218627394,0.5949958033588654,0.5951811354693021,0.0,0.1656444446261126
130,25.5,5.350748906893002,0.0,5.350748906893002,0.5965035596741313,0.5978296720327212,0.5950841325731834,0.0,0.1656444446261126
131,26.4,4.363990436213988,0.0,4.363990436213988,0.5964196199546631,0.5967546054008205,0.5949916565494695,0.0,0.1656444446261126
132,26.9,3.0702586162741974,0.0,3.0702586162741974,0.5963511864613199,0.5941597049075813,0.5949211154654043,0.0,0.1656444446261126
133,27.0,1.867888888888895,0.0,1.867888888888895,0.5963030650502603,0.592791149767044,0.5948625845214319,0.0,0.1656444446261126
134,26.8,1.3341161112635294,0.0,1.3341161112635294,0.5962738027616661,0.5919157957159701,0.5948176766458824,0.0,0.1656444446261126
135,26.6,1.4922818119189112,0.0,1.4922818119189112,0.5962529069257294,0.5951953609405127,0.594786892044631,0.0,0.1656444446261126
136,26.5,1.9964149972374636,0.0,1.9964149972374636,0.5962295322792878,0.5926248946633232,0.594748402750164,0.0,0.1656444446261126
137,26.6,2.860594569120563,0.0,2.860594569120563,0.5961982547104488,0.5951072693334363,0.5947027830597914,0.0,0.1656444446261126
138,27.0,3.603999999999994,0.0,3.603999999999994,0.5961534226132388,0.5968960294526148,0.5946495662643898,0.0,0.1656444446261126
139,27.5,3.5016099513222074,0.0,3.5016099513222074,0.596096922691175,0.594992325453176,0.5945814022876161,0.0,0.1656444446261126
140,27.8,2.2932594141137073,0.0,2.2932594141137073,0.5960420299162696,0.5948481933202694,0.5945152045069191,0.0,0.1656444446261126
141,27.6,0.0,0.0,0.0,0.5960060969096216,0.5971668515462607,0.5944678450632008,0.0,0.1656444446261126
142,26.6,0.0,0.0,0.0,0.5960060969096216,0.5935344887087018,0.5944523283498226,0.0,0.1656444446261126
143,25.2,0.0,0.0,0.0,0.5960060969096216,0.590760323242592,0.5944352921460041,0.0,0.1656444446261126
144,23.6,0.0,0.0,0.0,0.5960060969096216,0.5957018680543522,0.594424602660157,0.0,0.1656444446261126
145,22.1,0.0,0.0,0.0,0.5960060969096216,0.594482681337117,0.59441271101608,0.0,0.1656444446261126
146,20.6,0.0,0.0,0.0,0.5960060969096216,0.5943970928692036,0.594402178022331,0.0,0.1656444446261126
147,19.3,0.0,0.0,0.0,0.5960060969096216,0.5974412776166985,0.5943927040355447,0.0,0.1656444446261126
148,18.7,0.6196380490207233,0.0,0.6196380490207233,0.5960060969096216,0.5948679650333227,0.5943806012147503,0.0,0.1656444446261126
149,18.7,1.8220557444939853,0.0,1.8220557444939853,0.5959963942520893,0.5963444023518166,0.5943572885575641,0.0,0.1656444446261126
150,19.1,2.3552509520080824,0.0,2.3552509520080824,0.5959678497635522,0.5975325113858049,0.5943153750075859,0.0,0.1656444446261126
151,19.5,1.9061241640946482,0.0,1.9061241640946482,0.5959309442708638,0.5951633757444049,0.5942696611677055,0.0,0.1656444446261126
152,19.5,0.6522661394032868,0.0,0.6522661394032868,0.5959010815945507,0.5970725237267056,0.5942266115647115,0.0,0.1656444446261126
153,18.9,0.0,0.0,0.0,0.5958908678040354,0.5965304184781669,0.5942053447230683,0.0,0.1656444446261126
154,17.7,0.0,0.0,0.0,0.5958908678040354,0.5947339915738987,0.5941906845428022,0.0,0.1656444446261126
155,16.5,0.0,0.0,0.0,0.5958908678040354,0.5950613650920559,0.5941780537167434,0.0,0.1656444446261126
156,15.7,0.09978602398643532,0.0,0.09978602398643532,0.5958908678040354,0.5981402746750274,0.5941675472756413,0.0,0.1656444446261126
157,15.5,0.894846748304375,0.0,0.894846748304375,0.5958893056030696,0.5984527746945977,0.5941525811403726,0.0,0.1656444446261126
158,15.5,1.1938436618846209,0.0,1.1938436618846209,0.5958752918947252,0.5967328891321885,0.5941238299908972,0.0,0.1656444446261126
159,15.6,1.6032786584362153,0.0,1.6032786584362153,0.5958565935138402,0.5954248841354286,0.5940921261850919,0.0,0.1656444446261126
160,16.0,2.57239109891785,0.0,2.57239109891785,0.5958314782955235,0.5954117900989718,0.5940549993935738,0.0,0.1656444446261126
161,17.0,3.2854799573235747,0.0,3.2854799573235747,0.5957911663846945,0.5970447358604267,0.5940033069383975,0.0,0.1656444446261126
162,17.9,2.774604351870902,0.0,2.774604351870902,0.5957396648609412,0.6009512459603789,0.5939429671387643,0.0,0.1656444446261126
163,18.3,1.427290771090538,0.0,1.427290771090538,0.5956961802282248,0.5945820960240339,0.5938911658876632,0.0,0.1656444446261126
164,18.0,0.0,0.0,0.0,0.5956738231060511,0.5971456403836265,0.5938544806797298,0.0,0.1656444446261126
165,17.1,0.0,0.0,0.0,0.5956738231060511,0.5975688465946508,0.5938416359024602,0.0,0.1656444446261126
166,15.4,0.0,0.0,0.0,0.5956738231060511,0.594212974915234,0.5938305588101626,0.0,0.1656444446261126
167,13.5,0.0,0.0,0.0,0.5956738231060511,0.5936630082288187,0.5938192371308343,0.0,0.1656444446261126
168,12.0,0.0,0.0,0.0,0.5956738231060511,0.5947020324493997,0.593805417353797,0.0,0.1656444446261126
169,11.1,0.0,0.0,0.0,0.5956738231060511,0.5946309969219018,0.5937965992904547,0.0,0.1656444446261126
170,10.6,0.32540494253924745,0.0,0.32540494253924745,0.5956738231060511,0.594053360578319,0.5937843411475262,0.0,0.1656444446261126
171,10.5,0.8622310313786014,0.0,0.8622310313786014,0.595668728176169,0.5957182019112967,0.5937704190520762,0.0,0.1656444446261126
172,10.8,1.2347971111111105,0.0,1.2347971111111105,0.5956552251679053,0.5945168692767774,0.5937451244700038,0.0,0.1656444446261126
173,11.2,1.2095259905502205,0.0,1.2095259905502205,0.5956358846852565,0.5958195243483562,0.5937159813159818,0.0,0.1656444446261126
174,11.4,1.0117464032921812,0.0,1.0117464032921812,0.595616940180567,0.5924662905396646,0.5936899481566853,0.0,0.1656444446261126
175,11.5,1.168782752724432,0.0,1.168782752724432,0.5956010946689373,0.5941320625770036,0.5936649872123368,0.0,0.1656444446261126
176,11.9,1.5166498285512886,0.0,1.5166498285512886,0.5955827885581096,0.5985048609352418,0.5936347063582714,0.0,0.1656444446261126
177,12.4,1.741386761469289,0.0,1.741386761469289,0.5955590306408114,0.5961224154606439,0.5935974549420199,0.0,0.1656444446261126
178,13.0,1.8276819082456934,0.0,1.8276819082456934,0.5955317497853014,0.5934309005911602,0.5935591157981985,0.0,0.1656444446261126
179,13.5,1.5525920138888882,0.0,1.5525920138888882,0.5955031159663395,0.5941997190383299,0.5935194222935033,0.0,0.1656444446261126
180,13.7,1.2239924509792717,0.0,1.2239924509792717,0.5954787945125113,0.5931906411816614,0.5934830932881185,0.0,0.1656444446261126
181,13.8,0.9671127078189301,0.0,0.9671127078189301,0.5954596230581296,0.5982562606140257,0.5934513680934195,0.0,0.1656444446261126
182,13.7,0.5192599406912057,0.0,0.5192599406912057,0.5954444766462607,0.5972479966784379,0.5934254126819629,0.0,0.1656444446261126
183,13.3,0.0,0.0,0.0,0.5954363457063211,0.5950862416634944,0.5934042535642686,0.0,0.1656444446261126
184,12.4,0.0,0.0,0.0,0.5954363457063211,0.5953515801135243,0.5933925199740414,0.0,0.1656444446261126
185,11.4,0.0,0.0,0.0,0.5954363457063211,0.5936381906015409,0.5933811375404343,0.0,0.1656444446261126
186,10.6,0.05277119768328024,0.0,0.05277119768328024,0.5954363457063211,0.596007458830238,0.5933699583455058,0.0,0.1656444446261126
187,10.4,0.6531788160341414,0.0,0.6531788160341414,0.5954355195300534,0.5978045655091099,0.5933539901036609,0.0,0.1656444446261126
188,10.5,1.064777327674897,0.0,1.064777327674897,0.595425291041518,0.5944154640075131,0.5933266694416324,0.0,0.1656444446261126
189,10.9,1.5268231049192191,0.0,1.5268231049192191,0.5954086143617103,0.5955181934397896,0.5932964585378337,0.0,0.1656444446261126
190,11.6,1.9251060231672006,0.0,1.9251060231672006,0.59538469663335,0.5935814157767787,0.5932553469124368,0.0,0.1656444446261126
191,12.4,1.9008517820454212,0.0,1.9008517820454212,0.595354534951195,0.5934356061201166,0.5932164066798432,0.0,0.1656444446261126
192,12.9,1.5644371260288052,0.0,1.5644371260288052,0.5953247534848216,0.5935388053849754,0.5931814138127041,0.0,0.1656444446261126
193,13.2,1.3472511193415635,0.0,1.3472511193415635,0.5953002459910771,0.5950976705734794,0.5931479039096861,0.0,0.1656444446261126
194,13.4,1.1960709696692584,0.0,1.1960709696692584,0.5952791425768426,0.5995173140238307,0.5931147400621855,0.0,0.1656444446261126
195,13.5,1.1185642361111103,0.0,1.1185642361111103,0.5952604083494895,0.5952796795627701,0.5930822546575041,0.0,0.1656444446261126
196,13.6,1.039779812223746,0.0,1.039779812223746,0.595242888633125,0.5963833398329668,0.5930561194263378,0.0,0.1656444446261126
197,13.6,0.8648826928821828,0.0,0.8648826928821828,0.5952266033781355,0.5997821767388208,0.5930323903747012,0.0,0.1656444446261126
198,13.5,0.8581475694444447,0.0,0.8581475694444447,0.5952130583225191,0.5955745774690184,0.5930044579854162,0.0,0.1656444446261126
199,13.5,0.9449531249999998,0.0,0.9449531249999998,0.5951996187672438,0.5984168022132426,0.592984666026055,0.0,0.1656444446261126
200,13.5,1.3789809027777775,0.0,1.3789809027777775,0.5951848192119478,0.5990323830673441,0.5929590735258847,0.0,0.1656444446261126
201,14.0,2.5122779682975156,0.0,2.5122779682975156,0.5951632182970733,0.5950126842398807,0.592930790465618,0.0,0.1656444446261126
202,15.2,3.514978442920285,0.0,3.514978442920285,0.595123847132247,0.5952075738578168,0.5928802936238481,0.0,0.1656444446261126
203,16.5,3.3982014531892992,0.0,3.3982014531892992,0.5950687399475592,0.5965542769132518,0.5928153255099144,0.0,0.1656444446261126
204,17.3,2.4553693789628133,0.0,2.4553693789628133,0.5950154658026785,0.5951900712879936,0.5927539058662264,0.0,0.1656444446261126
205,17.6,1.594490536198753,0.0,1.594490536198753,0.5949769868713147,0.5962311895294596,0.592703981669219,0.0,0.1656444446261126
206,17.6,1.1418156390794054,0.0,1.1418156390794054,0.5949520075456768,0.5927864734611374,0.5926659145244753,0.0,0.1656444446261126
207,17.5,0.5720686752210016,0.0,0.5720686752210016,0.594934123017922,0.597186791454114,0.5926411803138615,0.0,0.1656444446261126
208,17.0,0.0,0.0,0.0,0.5949251645867741,0.5939226651490279,0.5926201876771248,0.0,0.1656444446261126
209,16.3,0.0,0.0,0.0,0.5949251645867741,0.5948702446747487,0.5926047678105261,0.0,0.1656444446261126
210,15.5,0.0,0.0,0.0,0.5949251645867741,0.5950578359034686,0.5925903808739037,0.0,0.1656444446261126
211,14.2,0.0,0.0,0.0,0.5949251645867741,0.5989762231904122,0.5925735454630012,0.0,0.1656444446261126
212,12.7,0.0,0.0,0.0,0.5949251645867741,0.5984154713388593,0.5925631259189692,0.0,0.1656444446261126
213,11.4,0.0,0.0,0.0,0.5949251645867741,0.5991468258443293,0.592550222096887,0.0,0.1656444446261126
214,10.7,0.05350308026596581,0.0,0.05350308026596581,0.5949251645867741,0.5978166189958675,0.592541791328722,0.0,0.1656444446261126
215,10.4,0.5863063880506025,0.0,0.5863063880506025,0.5949243269158409,0.5918055259671665,0.5925269024786586,0.0,0.1656444446261126
216,10.5,1.064777327674897,0.0,1.064777327674897,0.5949151454666478,0.5892761243208471,0.5925098967475563,0.0,0.1656444446261126
217,10.9,1.5268231049192191,0.0,1.5268231049192191,0.5948984680669755,0.5947779156075335,0.5924828565890907,0.0,0.1656444446261126
218,11.6,1.6267521137021785,0.0,1.6267521137021785,0.5948745493058014,0.5950177921025755,0.5924436535027718,0.0,0.1656444446261126
219,12.0,1.2210473251028802,0.0,1.2210473251028802,0.5948490640214428,0.5917501223047055,0.5924025331752311,0.0,0.1656444446261126
220,12.1,0.998111680365035,0.0,0.998111680365035,0.5948299376998938,0.5937413818706079,0.592377027360458,0.0,0.1656444446261126
221,12.2,1.5557904868160353,0.0,1.5557904868160353,0.5948143047729001,0.594404778260767,0.5923492164738839,0.0,0.1656444446261126
222,13.0,3.4159020728547493,0.0,3.4159020728547493,0.5947899317627452,0.5944726068814743,0.5923194752473402,0.0,0.1656444446261126
223,15.2,6.153867331809175,0.0,6.153867331809175,0.594736378478762,0.5962028100243053,0.5922584343786362,0.0,0.1656444446261126
224,18.2,8.089333888736471,0.0,8.089333888736471,0.5946397943668585,0.5930128784890394,0.5921497208271602,0.0,0.1656444446261126
225,21.0,8.142238683127573,0.0,8.142238683127573,0.5945127338731712,0.5916636882938816,0.5920129766304654,0.0,0.1656444446261126
226,23.1,6.601887750514406,0.0,6.601887750514406,0.5943848382991914,0.5957595003587496,0.591874144053978,0.0,0.1656444446261126
227,24.3,4.146536625000001,0.0,4.146536625000001,0.5942812008941246,0.5959339560162622,0.5917621336657065,0.0,0.1656444446261126
228,24.6,2.6196442139917724,0.0,2.6196442139917724,0.5942161712292038,0.5929630906915496,0.5916874658275034,0.0,0.1656444446261126
229,24.8,2.8029233098612987,0.0,2.8029233098612987,0.5941751124243908,0.5914388599905193,0.5916355932181349,0.0,0.1656444446261126
230,25.2,4.149603629629626,0.0,4.149603629629626,0.59413117764692,0.5905598109693715,0.59158208524429,0.0,0.1656444446261126
231,26.2,5.844303219631151,0.0,5.844303219631151,0.5940660989746519,0.5930652976027756,0.5915004378910971,0.0,0.1656444446261126
232,27.5,6.154001926630846,0.0,6.154001926630846,0.5939743795636928,0.5942097249000335,0.5913995510509935,0.0,0.1656444446261126
233,28.5,4.928123778292184,0.0,4.928123778292184,0.5938777870807309,0.593509151623321,0.5912921594792808,0.0,0.1656444446261126
234,29.0,3.7178455265965615,0.0,3.7178455265965615,0.5938004731019252,0.5954663217144107,0.5912020283707528,0.0,0.1656444446261126
235,29.3,3.0079676025567723,0.0,3.0079676025567723,0.5937421741468218,0.5929850183936803,0.5911340919188373,0.0,0.1656444446261126
236,29.4,2.0747898600822987,0.0,2.0747898600822987,0.5936950197934849,0.5882216806790751,0.5910765904868813,0.0,0.1656444446261126
237,29.2,0.9306181304679151,0.0,0.9306181304679151,0.5936625063446045,0.5950910169292195,0.5910371747909514,0.0,0.1656444446261126
238,28.7,0.0,0.0,0.0,0.5936479294868293,0.5935317820116824,0.5910069174673054,0.0,0.1656444446261126
239,27.9,0.0,0.0,0.0,0.5936479294868293,0.5943193568206954,0.5909942048090747,0.0,0.1656444446261126
240,26.8,0.0,0.0,0.0,0.5936479294868293,0.5964131112033242,0.5909745412512735,0.0,0.1656444446261126
241,25.1,0.0,0.0,0.0,0.5936479294868293,0.5923269812855952,0.5909637854668054,0.0,0.1656444446261126
242,23.2,0.0,0.0,0.0,0.5936479294868293,0.5936965996953206,0.5909571367065839,0.0,0.1656444446261126
243,21.2,0.0,0.0,0.0,0.5936479294868293,0.5904074901667481,0.5909481265697653,0.0,0.1656444446261126
244,18.5,0.0,0.0,0.0,0.5936479294868293,0.5901543168464242,0.5909388114944437,0.0,0.1656444446261126
245,14.9,0.0,0.0,0.0,0.5936479294868293,0.5945628979277932,0.5909230138787908,0.0,0.1656444446261126
246,11.6,0.0,0.0,0.0,0.5936479294868293,0.5973164533365934,0.5909119249139055,0.0,0.1656444446261126
247,9.1,0.0,0.0,0.0,0.5936479294868293,0.5928259014701704,0.5909005988908287,0.0,0.1656444446261126
248,7.0,0.0,0.0,0.0,0.5936479294868293,0.5946176733975951,0.5908852568795029,0.0,0.1656444446261126
249,5.6,0.0,0.0,0.0,0.5936479294868293,0.5935143792915052,0.5908770270077094,0.0,0.1656444446261126
250,4.8,0.0,0.0,0.0,0.5936479294868293,0.5904406391687977,0.5908683481695244,0.0,0.1656444446261126
251,4.1,0.0,0.0,0.0,0.5936479294868293,0.5970040913311082,0.5908546643430035,0.0,0.1656444446261126
252,3.3,0.0,0.0,0.0,0.5936479294868293,0.5959866111604968,0.5908474381418196,0.0,0.1656444446261126
253,2.5,0.0,0.0,0.0,0.5936479294868293,0.5932649047176,0.5908381343711783,0.0,0.1656444446261126
254,1.5,0.0,0.0,0.0,0.5936479294868293,0.5915486787330194,0.5908286687987456,0.0,0.1656444446261126
255,0.0,0.0,0.0,0.0,0.5936479294868293,0.5910850348633223,0.5908174229053347,0.0,0.1656444446261126
256,0.0,0.0,0.0,0.0,0.5936479294868293,0.5927249165920668,0.5908055605252631,0.0,0.1656444446261126
257,0.0,0.0,0.0,0.0,0.5936479294868293,0.5912792331616968,0.5907951131587267,0.0,0.1656444446261126
258,0.0,0.0,0.0,0.0,0.5936479294868293,0.5946291896646714,0.5907856041902004,0.0,0.1656444446261126
259,0.0,0.0,0.0,0.0,0.5936479294868293,0.5917161817735584,0.590773101642457,0.0,0.1656444446261126
260,0.0,0.0,0.0,0.0,0.5936479294868293,0.594756582694894,0.5907617146082752,0.0,0.1656444446261126
261,0.0,0.0,0.0,0.0,0.5936479294868293,0.5952365971696578,0.590755240734056,0.0,0.1656444446261126
262,0.0,0.0,0.0,0.0,0.5936479294868293,0.5954486745382165,0.5907459702444976,0.0,0.1656444446261126
263,0.0,0.0,0.0,0.0,0.5936479294868293,0.5900822782496716,0.5907369792977102,0.0,0.1656444446261126
264,0.0,0.0,0.0,0.0,0.5936479294868293,0.592636724955473,0.5907303891378154,0.0,0.1656444446261126
265,0.0,0.0,0.0,0.0,0.5936479294868293,0.5912585450500456,0.5907185565753106,0.0,0.1656444446261126
266,0.0,0.0,0.0,0.0,0.5936479294868293,0.5890938332149093,0.5907056715962584,0.0,0.1656444446261126
267,0.0,0.0,0.0,0.0,0.5936479294868293,0.5894453959400967,0.5906947440401435,0.0,0.1656444446261126
268,0.0,0.0,0.0,0.0,0.5936479294868293,0.5924344132403092,0.5906854435848874,0.0,0.1656444446261126
269,0.0,0.0,0.0,0.0,0.5936479294868293,0.5923847882382474,0.5906767225109021,0.0,0.1656444446261126
270,0.0,0.0,0.0,0.0,0.5936479294868293,0.5919276862697819,0.5906628161419876,0.0,0.1656444446261126
271,0.0,0.0,0.0,0.0,0.5936479294868293,0.5905200064842375,0.5906493836638985,0.0,0.1656444446261126
272,0.0,0.0,0.0,0.0,0.5936479294868293,0.5959593152425272,0.5906368008745154,0.0,0.1656444446261126
273,0.0,0.0,0.0,0.0,0.5936479294868293,0.5925494395617196,0.5906325554425713,0.0,0.1656444446261126
274,1.1,0.3012886166171315,0.0,0.3012886166171315,0.5936479294868293,0.5928347754117942,0.5906198413533291,0.0,0.1656444446261126
275,3.2,1.12368628928517,0.0,1.12368628928517,0.5936432113880044,0.5920060257794024,0.5906029811826337,0.0,0.1656444446261126
276,5.5,2.003196418705228,0.0,2.003196418705228,0.5936256090019691,0.5927642229677113,0.5905740271582999,0.0,0.1656444446261126
277,7.8,2.4421123786008234,0.0,2.4421123786008234,0.5935942181840416,0.5939227921671664,0.5905282813902011,0.0,0.1656444446261126
278,9.3,1.718211342078189,0.0,1.718211342078189,0.5935559426017178,0.5927395309427617,0.5904779569115938,0.0,0.1656444446261126
279,9.6,1.3420977119341557,0.0,1.3420977119341557,0.5935290204992087,0.5922988730057696,0.590441278159707,0.0,0.1656444446261126
280,10.4,1.856882519737845,0.0,1.856882519737845,0.5935079946995371,0.5921696482880778,0.5904080455485287,0.0,0.1656444446261126
281,11.3,1.5112242795115072,0.0,1.5112242795115072,0.5934788980787452,0.5978217928991026,0.5903670328864676,0.0,0.1656444446261126
282,11.4,0.0,0.0,0.0,0.5934552209860516,0.5940846180889,0.5903298248918201,0.0,0.1656444446261126
283,9.8,0.0,0.0,0.0,0.5934552209860516,0.5927149048740811,0.5903153770753696,0.0,0.1656444446261126
284,9.6,0.0,0.0,0.0,0.5934552209860516,0.5909155254085338,0.5903099274213007,0.0,0.1656444446261126
285,7.1,0.0,0.0,0.0,0.5934552209860516,0.5918522985199257,0.5903040129544147,0.0,0.1656444446261126
286,5.5,0.0,0.0,0.0,0.5934552209860516,0.5967828647723776,0.5902928506811391,0.0,0.1656444446261126
287,4.0,0.0,0.0,0.0,0.5934552209860516,0.5939947481059947,0.5902808314384342,0.0,0.1656444446261126
288,0.7,0.0,0.0,0.0,0.5934552209860516,0.5885631800375871,0.5902674164229309,0.0,0.1656444446261126
289,0.0,0.0,0.0,0.0,0.5934552209860516,0.593679188688311,0.5902556508269362,0.0,0.1656444446261126
290,0.0,0.0,0.0,0.0,0.5934552209860516,0.5961392376124456,0.5902486468998411,0.0,0.1656444446261126
291,0.0,0.0,0.0,0.0,0.5934552209860516,0.5933440224844728,0.5902365955209314,0.0,0.1656444446261126
292,0.0,0.0,0.0,0.0,0.5934552209860516,0.5986096636265844,0.5902237266824145,0.0,0.1656444446261126
293,0.0,0.0,0.0,0.0,0.5934552209860516,0.5956370591845936,0.5902121103872616,0.0,0.1656444446261126
294,0.0,0.0,0.0,0.0,0.5934552209860516,0.5921932151794227,0.5902022752786492,0.0,0.1656444446261126
295,0.0,0.0,0.0,0.0,0.5934552209860516,0.5910969376974218,0.5901888576791589,0.0,0.1656444446261126
296,0.0,0.0,0.0,0.0,0.5934552209860516,0.5916190347117829,0.5901775477729444,0.0,0.1656444446261126
297,0.0,0.0,0.0,0.0,0.5934552209860516,0.5936381423198552,0.5901651061623173,0.0,0.1656444446261126
298,0.0,0.0,0.0,0.0,0.5934552209860516,0.5923417640374277,0.5901511129958055,0.0,0.1656444446261126
299,0.0,0.0,0.0,0.0,0.5934552209860516,0.5908639348054243,0.5901407515372924,0.0,0.1656444446261126
300,0.0,0.0,0.0,0.0,0.5934552209860516,0.5935017590101092,0.5901308745741259,0.0,0.1656444446261126
301,0.0,0.0,0.0,0.0,0.5934552209860516,0.5913565630014517,0.5901176607168575,0.0,0.1656444446261126
302,0.0,0.0,0.0,0.0,0.5934552209860516,0.5958928196277061,0.5901041340337461,0.0,0.1656444446261126
303,0.0,0.0,0.0,0.0,0.5934552209860516,0.5985089227129159,0.5900918744923482,0.0,0.1656444446261126
304,0.0,0.0,0.0,0.0,0.5934552209860516,0.5921918657474249,0.590082912795679,0.0,0.1656444446261126
305,0.0,0.0,0.0,0.0,0.5934552209860516,0.5964784246773912,0.5900767425741482,0.0,0.1656444446261126
306,0.0,0.0,0.0,0.0,0.5934552209860516,0.5942728941970685,0.5900638137806583,0.0,0.1656444446261126
307,0.0,0.0,0.0,0.0,0.5934552209860516,0.5911339779490932,0.5900519249789186,0.0,0.1656444446261126
308,0.0,0.0,0.0,0.0,0.5934552209860516,0.5930166039300963,0.5900340201123085,0.0,0.1656444446261126
309,0.0,0.0,0.0,0.0,0.5934552209860516,0.5949739008653495,0.590022605126768,0.0,0.1656444446261126
310,0.0,0.0,0.0,0.0,0.5934552209860516,0.5944400192717495,0.590010157878902,0.0,0.1656444446261126
311,0.0,0.0,0.0,0.0,0.5934552209860516,0.5948398229939236,0.5900012425301671,0.0,0.1656444446261126
312,0.0,0.0,0.0,0.0,0.5934552209860516,0.596961821123757,0.5899849035732324,0.0,0.1656444446261126
313,0.0,0.0,0.0,0.0,0.5934552209860516,0.593381704327912,0.5899693669437139,0.0,0.1656444446261126
314,0.0,0.0,0.0,0.0,0.5934552209860516,0.5931418308037978,0.5899610047348813,0.0,0.1656444446261126
315,0.0,0.0,0.0,0.0,0.5934552209860516,0.5958558889498007,0.5899497388323472,0.0,0.1656444446261126
316,0.0,0.0,0.0,0.0,0.5934552209860516,0.5977049701571449,0.5899433290118742,0.0,0.1656444446261126
317,0.0,0.0,0.0,0.0,0.5934552209860516,0.5938093600135703,0.5899326568115925,0.0,0.1656444446261126
318,0.0,0.0,0.0,0.0,0.5934552209860516,0.5897788843801476,0.5899243571015237,0.0,0.1656444446261126
319,0.0,0.0,0.0,0.0,0.5934552209860516,0.5924648515482275,0.5899109594054571,0.0,0.1656444446261126
320,0.0,0.0,0.0,0.0,0.5934552209860516,0.5901800009062568,0.5899034315190675,0.0,0.1656444446261126
321,0.0,0.0,0.0,0.0,0.5934552209860516,0.5962413464459217,0.5898932531432323,0.0,0.1656444446261126
322,0.0,0.0,0.0,0.0,0.5934552209860516,0.5908885198062097,0.5898828631192082,0.0,0.1656444446261126
323,0.0,0.0,0.0,0.0,0.5934552209860516,0.592022609004125,0.5898724346277195,0.0,0.1656444446261126
324,0.0,0.0,0.0,0.0,0.5934552209860516,0.5928802665235007,0.5898688148683944,0.0,0.1656444446261126
325,3.6,1.6809142962962962,0.0,1.6809142962962962,0.5934552209860516,0.5948637984881301,0.5898583452420894,0.0,0.1656444446261126
326,6.2,2.8566639573235784,0.0,2.8566639573235784,0.5934288834453385,0.5964605575172526,0.5898157606011124,0.0,0.1656444446261126
327,9.7,3.6640119121894514,0.0,3.6640119121894514,0.5933841025125842,0.5918323201196284,0.5897606154702764,0.0,0.1656444446261126
328,11.0,2.53130437433318,0.0,2.53130437433318,0.5933266469192018,0.5930087378660502,0.5896849005441072,0.0,0.1656444446261126
329,12.2,2.026469499161714,0.0,2.026469499161714,0.5932869711086952,0.5931557387563969,0.5896340749300119,0.0,0.1656444446261126
330,12.5,1.1931212253276953,0.0,1.1931212253276953,0.5932552143881278,0.5929019836150609,0.5895906568628868,0.0,0.1656444446261126
331,12.6,0.8789168888888889,0.0,0.8789168888888889,0.5932365231837703,0.5918847554938028,0.589562448052993,0.0,0.1656444446261126
332,12.5,0.06786402368160237,0.0,0.06786402368160237,0.5932227559418827,0.5915615924162204,0.5895376606813003,0.0,0.1656444446261126
333,11.6,0.0,0.0,0.0,0.5932216932698352,0.592941605238626,0.5895274670253158,0.0,0.1656444446261126
334,10.3,0.0,0.0,0.0,0.5932216932698352,0.5965703558105809,0.5895170641842531,0.0,0.1656444446261126
335,8.8,0.0,0.0,0.0,0.5932216932698352,0.5967679502641694,0.5895133168781653,0.0,0.1656444446261126
336,8.3,0.0,0.0,0.0,0.5932216932698352,0.5895880209527842,0.5894987444192973,0.0,0.1656444446261126
337,7.4,0.0,0.0,0.0,0.5932216932698352,0.5912285071152323,0.5894885852181697,0.0,0.1656444446261126
338,6.6,0.19794767078189252,0.0,0.19794767078189252,0.5932216932698352,0.5908148807803658,0.5894813838617662,0.0,0.1656444446261126
339,6.8,1.1223431040999847,0.0,1.1223431040999847,0.5932185934780022,0.5964704807085893,0.5894702578917261,0.0,0.1656444446261126
340,8.1,2.2760198749999994,0.0,2.2760198749999994,0.5932010115103639,0.5971376261552037,0.5894389657063291,0.0,0.1656444446261126
341,10.1,2.322228066205608,0.0,2.322228066205608,0.5931653402916882,0.5918389481003997,0.5893901787319201,0.0,0.1656444446261126
342,10.6,0.9388308684651734,0.0,0.9388308684651734,0.5931289440892765,0.5938538523458659,0.589344128419137,0.0,0.1656444446261126
343,10.4,0.31881667611644604,0.0,0.31881667611644604,0.5931142378782434,0.594980149845909,0.5893217058964618,0.0,0.1656444446261126
344,10.0,0.04851489864349969,0.0,0.04851489864349969,0.5931092450345853,0.5928377609309528,0.5893062695122431,0.0,0.1656444446261126
345,9.4,0.0,0.0,0.0,0.5931084853459834,0.5940357820229147,0.5892924238237295,0.0,0.1656444446261126
346,8.6,0.0,0.0,0.0,0.5931084853459834,0.5960478978373046,0.5892823153964123,0.0,0.1656444446261126
347,5.7,0.0,0.0,0.0,0.5931084853459834,0.5954372308011021,0.5892742072389889,0.0,0.1656444446261126
348,4.6,0.0,0.0,0.0,0.5931084853459834,0.5931274047814988,0.5892614486243835,0.0,0.1656444446261126
349,0.0,0.0,0.0,0.0,0.5931084853459834,0.5902491854053046,0.5892494315882105,0.0,0.1656444446261126
350,0.0,0.0,0.0,0.0,0.5931084853459834,0.591783878188884,0.5892357537353794,0.0,0.1656444446261126
351,0.0,0.0,0.0,0.0,0.5931084853459834,0.5950889397008953,0.5892260946326586,0.0,0.1656444446261126
352,0.0,0.0,0.0,0.0,0.5931084853459834,0.5905058542972877,0.589216940031799,0.0,0.1656444446261126
353,0.0,0.0,0.0,0.0,0.5931084853459834,0.5936755219766086,0.5892101528906144,0.0,0.1656444446261126
354,0.0,0.0,0.0,0.0,0.5931084853459834,0.5972975362171375,0.5892025985277046,0.0,0.1656444446261126
355,0.0,0.0,0.0,0.0,0.5931084853459834,0.5983016114962004,0.5891972705538376,0.0,0.1656444446261126
356,0.0,0.0,0.0,0.0,0.5931084853459834,0.5945135291912226,0.5891855732830954,0.0,0.1656444446261126
357,0.0,0.0,0.0,0.0,0.5931084853459834,0.5944593376212182,0.5891759758361144,0.0,0.1656444446261126
358,0.0,0.0,0.0,0.0,0.5931084853459834,0.5960524093765782,0.5891649692658433,0.0,0.1656444446261126
359,0.0,0.0,0.0,0.0,0.5931084853459834,0.594372636981614,0.5891535408557081,0.0,0.1656444446261126
360,0.0,0.0,0.0,0.0,0.5931084853459834,0.5933718384648922,0.5891434397785199,0.0,0.1656444446261126
361,0.0,0.0,0.0,0.0,0.5931084853459834,0.5892759985968519,0.5891314736624952,0.0,0.1656444446261126
362,0.0,0.0,0.0,0.0,0.5931084853459834,0.5936032573801527,0.58912410751089,0.0,0.1656444446261126
363,0.0,0.0,0.0,0.0,0.5931084853459834,0.5928393430500533,0.5891125217735618,0.0,0.1656444446261126
364,0.0,0.0,0.0,0.0,0.5931084853459834,0.5938154755967457,0.5891013594570811,0.0,0.1656444446261126
365,0.0,0.0,0.0,0.0,0.5931084853459834,0.5915472756946663,0.5890917476784153,0.0,0.1656444446261126
366,0.0,0.0,0.0,0.0,0.5931084853459834,0.5903771558980412,0.5890800925527068,0.0,0.1656444446261126
367,0.0,0.0,0.0,0.0,0.5931084853459834,0.588353349370306,0.5890678474061631,0.0,0.1656444446261126
368,0.0,0.0,0.0,0.0,0.5931084853459834,0.5926925514354493,0.5890538775293928,0.0,0.1656444446261126
369,0.0,0.0,0.0,0.0,0.5931084853459834,0.5952217775367872,0.5890420552245752,0.0,0.1656444446261126
370,0.0,0.0,0.0,0.0,0.5931084853459834,0.5960868243208652,0.5890263177955628,0.0,0.1656444446261126
371,0.0,0.0,0.0,0.0,0.5931084853459834,0.591114816495928,0.5890203202239832,0.0,0.1656444446261126
372,0.0,0.0,0.0,0.0,0.5931084853459834,0.5925394849384686,0.5890109447200323,0.0,0.1656444446261126
373,0.0,0.0,0.0,0.0,0.5931084853459834,0.5912660861501912,0.5889983956671977,0.0,0.1656444446261126
374,0.0,0.0,0.0,0.0,0.5931084853459834,0.5907989178483508,0.5889867657595186,0.0,0.1656444446261126
375,0.0,0.0,0.0,0.0,0.5931084853459834,0.5891634272483868,0.5889773533089714,0.0,0.1656444446261126
376,0.0,0.0,0.0,0.0,0.5931084853459834,0.5887761237008254,0.588968806734655,0.0,0.1656444446261126
377,0.0,0.0,0.0,0.0,0.5931084853459834,0.5941559182567863,0.58896040638258,0.0,0.1656444446261126
378,0.0,0.0,0.0,0.0,0.5931084853459834,0.5994551869082418,0.5889519324906045,0.0,0.1656444446261126
379,0.0,0.0,0.0,0.0,0.5931084853459834,0.595519284749564,0.588939451051991,0.0,0.1656444446261126
380,0.0,0.0,0.0,0.0,0.5931084853459834,0.5954641018824303,0.588930724268047,0.0,0.1656444446261126
381,0.0,0.0,0.0,0.0,0.5931084853459834,0.5941238851094608,0.5889212121508977,0.0,0.1656444446261126
382,0.0,0.0,0.0,0.0,0.5931084853459834,0.593201756745109,0.5889029896938469,0.0,0.1656444446261126
383,0.0,0.0,0.0,0.0,0.5931084853459834,0.5915250103552256,0.5888886861568294,0.0,0.1656444446261126
384,0.0,0.0,0.0,0.0,0.5931084853459834,0.5966581011762427,0.5888776722359697,0.0,0.1656444446261126
385,0.0,0.0,0.0,0.0,0.5931084853459834,0.5983649402145166,0.5888683027000191,0.0,0.1656444446261126
386,0.0,0.0,0.0,0.0,0.5931084853459834,0.5934677306732422,0.5888552256113095,0.0,0.1656444446261126
387,0.0,0.0,0.0,0.0,0.5931084853459834,0.5954415630128389,0.5888423578120344,0.0,0.1656444446261126
388,0.0,0.0,0.0,0.0,0.5931084853459834,0.5902453973593484,0.5888295194510282,0.0,0.1656444446261126
389,0.0,0.0,0.0,0.0,0.5931084853459834,0.591640916391835,0.5888204281654056,0.0,0.1656444446261126
390,0.0,0.0,0.0,0.0,0.5931084853459834,0.5940640139043273,0.5888095238138198,0.0,0.1656444446261126
391,0.0,0.0,0.0,0.0,0.5931084853459834,0.5903506311170237,0.5887979190888172,0.0,0.1656444446261126
392,0.0,0.0,0.0,0.0,0.5931084853459834,0.5936355806049457,0.5887857518725644,0.0,0.1656444446261126
393,0.0,0.0,0.0,0.0,0.5931084853459834,0.595741835753767,0.5887730857879868,0.0,0.1656444446261126
394,0.0,0.0,0.0,0.0,0.5931084853459834,0.5949809796749963,0.5887596582264464,0.0,0.1656444446261126
395,0.0,0.0,0.0,0.0,0.5931084853459834,0.5898939162432146,0.5887487420200893,0.0,0.1656444446261126
396,0.0,0.0,0.0,0.0,0.5931084853459834,0.5925707108238027,0.5887364375250361,0.0,0.1656444446261126
397,0.0,0.0,0.0,0.0,0.5931084853459834,0.5900158786518002,0.5887245720282661,0.0,0.1656444446261126
398,0.0,0.0,0.0,0.0,0.5931084853459834,0.5945440003478303,0.5887164638519895,0.0,0.1656444446261126
399,0.0,0.0,0.0,0.0,0.5931084853459834,0.5951142667587767,0.5887054626163057,0.0,0.1656444446261126
400,0.0,0.0,0.0,0.0,0.5931084853459834,0.5938025628821333,0.5886942728430387,0.0,0.1656444446261126
401,2.0,0.6507354442920286,0.0,0.6507354442920286,0.5931084853459834,0.5921417584734276,0.5886805553880221,0.0,0.1656444446261126
402,4.0,1.224803307422649,0.0,1.224803307422649,0.593098293123333,0.5917410127965775,0.5886589850521023,0.0,0.1656444446261126
403,5.7,1.6730074593621398,0.0,1.6730074593621398,0.5930791050970057,0.59195604860713,0.588629892848629,0.0,0.1656444446261126
404,7.5,2.0102543081275726,0.0,2.0102543081275726,0.5930528906929092,0.5916197517186775,0.5885919502951669,0.0,0.1656444446261126
405,8.8,1.5684322017985057,0.0,1.5684322017985057,0.5930213876587946,0.5905425288334876,0.5885458479384813,0.0,0.1656444446261126
406,9.2,1.8770303084895588,0.0,1.8770303084895588,0.592996812750259,0.591226612667059,0.5885106810067349,0.0,0.1656444446261126
407,10.9,2.5781348333142815,0.0,2.5781348333142815,0.5929673989123958,0.5928767856832268,0.5884661366747485,0.0,0.1656444446261126
408,11.8,2.1106135735406193,0.0,2.1106135735406193,0.5929269870945445,0.5895242106335974,0.5884117475109542,0.0,0.1656444446261126
409,12.6,2.256231703703704,0.0,2.256231703703704,0.5928939096389252,0.5938795983187096,0.5883668171379296,0.0,0.1656444446261126
410,13.5,2.1602309027777777,0.0,2.1602309027777777,0.59285854791174,0.5956255175960208,0.5883201157329965,0.0,0.1656444446261126
411,14.0,1.9721545115073913,0.0,1.9721545115073913,0.5928246919900008,0.5969366934687135,0.5882765856125075,0.0,0.1656444446261126
412,14.6,2.247005378448407,0.0,2.247005378448407,0.5927937858957609,0.5932702293430175,0.5882281825790354,0.0,0.1656444446261126
413,15.3,2.653165837962964,0.0,2.653165837962964,0.592758568602708,0.5962532572115197,0.5881830916818753,0.0,0.1656444446261126
414,16.2,2.7097840000000004,0.0,2.7097840000000004,0.5927169787075065,0.5926416396837099,0.5881260029751579,0.0,0.1656444446261126
415,16.8,2.165414106995885,0.0,2.165414106995885,0.5926745001820365,0.5920323999822382,0.5880735805241799,0.0,0.1656444446261126
416,17.1,1.985960662037034,0.0,1.985960662037034,0.5926405624281131,0.5903589226509507,0.5880322662438984,0.0,0.1656444446261126
417,17.5,1.6973258768670914,0.0,1.6973258768670914,0.5926094393180329,0.5901560112163748,0.5879928213026147,0.0,0.1656444446261126
418,17.5,1.359748716373269,0.0,1.359748716373269,0.592582842552832,0.5923632841057416,0.5879552097732121,0.0,0.1656444446261126
419,17.6,0.6891407419600691,0.0,0.6891407419600691,0.5925615383701742,0.5902190354595345,0.5879184875336299,0.0,0.1656444446261126
420,17.0,0.0,0.0,0.0,0.5925507439556188,0.5913291670487599,0.5878938477790786,0.0,0.1656444446261126
421,15.1,0.0,0.0,0.0,0.5925507439556188,0.5937073000763449,0.587882874067161,0.0,0.1656444446261126
422,13.3,0.0,0.0,0.0,0.5925507439556188,0.593785854313752,0.587874881628332,0.0,0.1656444446261126
423,11.8,0.0,0.0,0.0,0.5925507439556188,0.5940610652182607,0.5878633081499759,0.0,0.1656444446261126
424,10.6,0.0,0.0,0.0,0.5925507439556188,0.5986366371637794,0.5878513937926317,0.0,0.1656444446261126
425,9.6,0.0,0.0,0.0,0.5925507439556188,0.5932434650410925,0.5878420541814768,0.0,0.1656444446261126
426,8.6,0.0,0.0,0.0,0.5925507439556188,0.5914947654241685,0.5878326740162725,0.0,0.1656444446261126
427,7.1,0.0,0.0,0.0,0.5925507439556188,0.5949358255650176,0.5878233334249594,0.0,0.1656444446261126
428,5.8,0.0,0.0,0.0,0.5925507439556188,0.591989224192477,0.587808276468715,0.0,0.1656444446261126
429,4.9,0.0,0.0,0.0,0.5925507439556188,0.5934499353546174,0.5877994774564181,0.0,0.1656444446261126
430,3.9,0.617376894547325,0.0,0.617376894547325,0.5925507439556188,0.5942775585468282,0.5877899002982078,0.0,0.1656444446261126
431,6.3,0.7153200509259259,0.0,0.7153200509259259,0.5925410738872446,0.5896193093257619,0.5877685554436646,0.0,0.1656444446261126
432,4.6,0.0,0.0,0.0,0.5925298692748383,0.5957231132817213,0.5877419410945879,0.0,0.1656444446261126
433,2.1,0.0,0.0,0.0,0.5925298692748383,0.5926424196328658,0.5877325321742837,0.0,0.1656444446261126
434,0.0,0.0,0.0,0.0,0.5925298692748383,0.59332640571377,0.5877206269926428,0.0,0.1656444446261126
435,0.0,0.0,0.0,0.0,0.5925298692748383,0.5973734184491466,0.5877076865918854,0.0,0.1656444446261126
436,0.0,0.0,0.0,0.0,0.5925298692748383,0.5922209153584898,0.5876970670008507,0.0,0.1656444446261126
437,0.0,0.0,0.0,0.0,0.5925298692748383,0.5907588803405355,0.5876897873320396,0.0,0.1656444446261126
438,0.0,0.0,0.0,0.0,0.5925298692748383,0.596074966480069,0.5876787682402975,0.0,0.1656444446261126
439,0.0,0.0,0.0,0.0,0.5925298692748383,0.5941513284595963,0.5876690949383504,0.0,0.1656444446261126
440,0.0,0.0,0.0,0.0,0.5925298692748383,0.595753322863277,0.587658029446395,0.0,0.1656444446261126
441,0.0,0.0,0.0,0.0,0.5925298692748383,0.592321721062434,0.5876398990785453,0.0,0.1656444446261126
442,0.0,0.0,0.0,0.0,0.5925298692748383,0.5948496168474419,0.5876301475214412,0.0,0.1656444446261126
443,0.0,0.0,0.0,0.0,0.5925298692748383,0.5974775318467448,0.5876171422673033,0.0,0.1656444446261126
444,0.0,0.0,0.0,0.0,0.5925298692748383,0.5932569932526505,0.5876044091334552,0.0,0.1656444446261126
445,0.0,0.0,0.0,0.0,0.5925298692748383,0.5952898370090367,0.587591657314481,0.0,0.1656444446261126
446,0.0,0.0,0.0,0.0,0.5925298692748383,0.5945521127381606,0.5875782670862,0.0,0.1656444446261126
447,0.0,0.0,0.0,0.0,0.5925298692748383,0.5958344894837346,0.58756419298984,0.0,0.1656444446261126
448,0.0,0.0,0.0,0.0,0.5925298692748383,0.5950460502898117,0.5875492425481982,0.0,0.1656444446261126
449,0.0,0.0,0.0,0.0,0.5925298692748383,0.5936518086427061,0.5875385956539768,0.0,0.1656444446261126
450,0.0,0.0,0.0,0.0,0.5925298692748383,0.5910090186174798,0.5875241331290698,0.0,0.1656444446261126
451,0.0,0.0,0.0,0.0,0.5925298692748383,0.5911491081703236,0.5875119979254341,0.0,0.1656444446261126
452,0.0,0.0,0.0,0.0,0.5925298692748383,0.5950169848119337,0.5875008069675925,0.0,0.1656444446261126
453,0.0,0.0,0.0,0.0,0.5925298692748383,0.5934130264592012,0.5874891650257369,0.0,0.1656444446261126
454,0.0,0.0,0.0,0.0,0.5925298692748383,0.5945115376954772,0.5874818312927952,0.0,0.1656444446261126
455,0.0,0.0,0.0,0.0,0.5925298692748383,0.5980954410913504,0.5874689271700698,0.0,0.1656444446261126
456,0.0,0.0,0.0,0.0,0.5925298692748383,0.5947746834696378,0.5874586709985002,0.0,0.1656444446261126
457,0.0,0.0,0.0,0.0,0.5925298692748383,0.5968385698831061,0.5874468671549343,0.0,0.1656444446261126
458,0.0,0.0,0.0,0.0,0.5925298692748383,0.5945169510006217,0.5874360207536354,0.0,0.1656444446261126
459,0.0,0.0,0.0,0.0,0.5925298692748383,0.5935763164785083,0.5874232210411084,0.0,0.1656444446261126
460,0.0,0.0,0.0,0.0,0.5925298692748383,0.5932991185112055,0.5874133500233711,0.0,0.1656444446261126
461,0.0,0.0,0.0,0.0,0.5925298692748383,0.590419102356245,0.5873992566018438,0.0,0.1656444446261126
462,0.0,0.0,0.0,0.0,0.5925298692748383,0.5902625109158561,0.5873877761305267,0.0,0.1656444446261126
463,0.0,0.0,0.0,0.0,0.5925298692748383,0.58832997357306,0.5873733454454464,0.0,0.1656444446261126
464,0.0,0.0,0.0,0.0,0.5925298692748383,0.5920714274329594,0.5873637868950221,0.0,0.1656444446261126
465,0.0,0.0,0.0,0.0,0.5925298692748383,0.5922307510637811,0.587348327106052,0.0,0.1656444446261126
466,0.0,0.0,0.0,0.0,0.5925298692748383,0.5967354461329202,0.5873387582158484,0.0,0.1656444446261126
467,0.0,0.0,0.0,0.0,0.5925298692748383,0.5888186366979251,0.5873316693655717,0.0,0.1656444446261126
468,0.0,0.0,0.0,0.0,0.5925298692748383,0.5902129272701667,0.5873193359920993,0.0,0.1656444446261126
469,0.0,0.0,0.0,0.0,0.5925298692748383,0.593420185611432,0.5873110616388135,0.0,0.1656444446261126
470,0.0,0.0,0.0,0.0,0.5925298692748383,0.5915154792093138,0.5872992733034975,0.0,0.1656444446261126
471,0.0,0.0,0.0,0.0,0.5925298692748383,0.5942045505258694,0.5872917185934938,0.0,0.1656444446261126
472,0.0,0.0,0.0,0.0,0.5925298692748383,0.5928246007898047,0.5872788013679995,0.0,0.1656444446261126
473,0.0,0.0,0.0,0.0,0.5925298692748383,0.5901698473317045,0.5872625607096771,0.0,0.1656444446261126
474,0.0,0.0,0.0,0.0,0.5925298692748383,0.5902045094879661,0.5872556871684852,0.0,0.1656444446261126
475,0.0,0.0,0.0,0.0,0.5925298692748383,0.5923531361105226,0.5872447026851972,0.0,0.1656444446261126
476,0.0,0.0,0.0,0.0,0.5925298692748383,0.5932763213208891,0.5872342616742469,0.0,0.1656444446261126
477,0.0,0.0,0.0,0.0,0.5925298692748383,0.5960638393608322,0.5872266270615363,0.0,0.1656444446261126
478,0.0,0.0,0.0,0.0,0.5925298692748383,0.59619103008762,0.5872157441481429,0.0,0.1656444446261126
479,0.0,0.0,0.0,0.0,0.5925298692748383,0.5947198291804664,0.5872036810221808,0.0,0.1656444446261126
480,0.0,0.0,0.0,0.0,0.5925298692748383,0.5942371947333545,0.5871909872241802,0.0,0.1656444446261126
481,0.0,0.0,0.0,0.0,0.5925298692748383,0.5961016336297826,0.5871780907720694,0.0,0.1656444446261126
482,0.0,0.0,0.0,0.0,0.5925298692748383,0.5952688299036853,0.5871664337688203,0.0,0.1656444446261126
483,0.0,0.0,0.0,0.0,0.5925298692748383,0.5966798518179758,0.5871555719235266,0.0,0.1656444446261126
484,0.0,0.0,0.0,0.0,0.5925298692748383,0.5979484772915119,0.5871463396799212,0.0,0.1656444446261126
485,0.0,0.0,0.0,0.0,0.5925298692748383,0.5909547211036953,0.5871353401186731,0.0,0.1656444446261126
486,0.0,0.0,0.0,0.0,0.5925298692748383,0.5904742378510826,0.587123873161965,0.0,0.1656444446261126
487,0.0,0.0,0.0,0.0,0.5925298692748383,0.5903878304342123,0.5871104269298845,0.0,0.1656444446261126
488,0.0,0.0,0.0,0.0,0.5925298692748383,0.5875328362946971,0.587100555217199,0.0,0.1656444446261126
489,0.0,0.0,0.0,0.0,0.5925298692748383,0.5854146702694533,0.5870907005125302,0.0,0.1656444446261126
490,0.0,0.0,0.0,0.0,0.5925298692748383,0.5920337625786782,0.5870839891314843,0.0,0.1656444446261126
491,0.0,0.0,0.0,0.0,0.5925298692748383,0.5933430682538848,0.5870706952421547,0.0,0.1656444446261126
492,0.0,0.0,0.0,0.0,0.5925298692748383,0.5926733327444911,0.5870622701758856,0.0,0.1656444446261126
493,0.0,0.0,0.0,0.0,0.5925298692748383,0.5899220753912486,0.5870511690718275,0.0,0.1656444446261126
494,0.0,0.0,0.0,0.0,0.5925298692748383,0.5937132372523881,0.5870358818543226,0.0,0.1656444446261126
495,0.0,0.0,0.0,0.0,0.5925298692748383,0.5929594772404582,0.5870253845325832,0.0,0.1656444446261126
496,0.0,0.0,0.0,0.0,0.5925298692748383,0.5879913123659595,0.5870136945803389,0.0,0.1656444446261126
497,0.0,0.0,0.0,0.0,0.5925298692748383,0.5895423385668288,0.5870032700730682,0.0,0.1656444446261126
498,0.0,0.0,0.0,0.0,0.5925298692748383,0.5909466763113496,0.5869949412397624,0.0,0.1656444446261126
499,0.0,0.0,0.0,0.0,0.5925298692748383,0.5934936092554939,0.5869788365549655,0.0,0.1656444446261126
500,0.0,0.0,0.0,0.0,0.5925298692748383,0.5941389331416407,0.5869693120521594,0.0,0.1656444446261126
501,0.0,0.0,0.0,0.0,0.5925298692748383,0.5951449442238566,0.5869543138426133,0.0,0.1656444446261126
502,0.0,0.0,0.0,0.0,0.5925298692748383,0.591867463559313,0.5869430370915858,0.0,0.1656444446261126
503,0.0,0.0,0.0,0.0,0.5925298692748383,0.5932178254049612,0.5869299864712701,0.0,0.1656444446261126
504,0.0,0.0,0.0,0.0,0.5925298692748383,0.5941942469477469,0.5869163887123257,0.0,0.1656444446261126
505,0.0,0.0,0.0,0.0,0.5925298692748383,0.5918236919173396,0.5869023621770053,0.0,0.1656444446261126
506,0.0,0.0,0.0,0.0,0.5925298692748383,0.5927555301232224,0.5868875916379341,0.0,0.1656444446261126
507,0.0,0.0,0.0,0.0,0.5925298692748383,0.5910191324842448,0.586870715913288,0.0,0.1656444446261126
508,0.0,0.0,0.0,0.0,0.5925298692748383,0.592503358417537,0.5868547826805014,0.0,0.1656444446261126
509,0.0,0.0,0.0,0.0,0.5925298692748383,0.5914119167074592,0.5868454810638448,0.0,0.1656444446261126
510,0.0,0.0,0.0,0.0,0.5925298692748383,0.5931459063955398,0.5868352598063676,0.0,0.1656444446261126
511,0.0,0.0,0.0,0.0,0.5925298692748383,0.5914071454599322,0.5868226963744564,0.0,0.1656444446261126
512,0.0,0.0,0.0,0.0,0.5925298692748383,0.5970736884983255,0.5868116529149905,0.0,0.1656444446261126
513,0.0,0.0,0.0,0.0,0.5925298692748383,0.5949489272890854,0.5867957430728513,0.0,0.1656444446261126
514,0.0,0.0,0.0,0.0,0.5925298692748383,0.5935601206773581,0.5867845263965231,0.0,0.1656444446261126
515,0.0,0.0,0.0,0.0,0.5925298692748383,0.5905099358638999,0.5867717110688211,0.0,0.1656444446261126
516,0.0,0.0,0.0,0.0,0.5925298692748383,0.5880763534386285,0.5867613148925361,0.0,0.1656444446261126
517,0.0,0.0,0.0,0.0,0.5925298692748383,0.5926084811939567,0.5867490948283067,0.0,0.1656444446261126
518,0.0,0.0,0.0,0.0,0.5925298692748383,0.596151397354356,0.5867393259018131,0.0,0.1656444446261126
519,0.0,0.0,0.0,0.0,0.5925298692748383,0.590314877185065,0.5867316196953214,0.0,0.1656444446261126
520,5.4,4.050047555555555,0.0,4.050047555555555,0.5925298692748383,0.5942258460533243,0.5867198851069365,0.0,0.1656444446261126
521,10.6,6.936773255296447,0.0,6.936773255296447,0.5924663458464424,0.5919877440705329,0.5866405729905088,0.0,0.1656444446261126
522,14.5,5.121485127552966,0.0,5.121485127552966,0.592357418992218,0.5921894426562241,0.5865175386895248,0.0,0.1656444446261126
523,15.0,2.8890946502057613,0.0,2.8890946502057613,0.592277054918187,0.5942971882582642,0.5864265430246604,0.0,0.1656444446261126
524,16.4,6.118821765279682,0.0,6.118821765279682,0.5922317605965494,0.589287398017984,0.5863683255839159,0.0,0.1656444446261126
525,19.7,12.061005040142513,0.0,12.061005040142513,0.5921357074273274,0.5944291790839467,0.5862570598026113,0.0,0.1656444446261126
526,24.8,12.849219606157602,0.0,12.849219606157602,0.591945920009737,0.5936982827575891,0.5860578989480807,0.0,0.1656444446261126
527,26.6,4.228907326322204,0.0,4.228907326322204,0.5917436619866168,0.5930247130498341,0.5858431575077763,0.0,0.1656444446261126
528,26.1,2.7997616342592564,0.0,2.7997616342592564,0.5916773240504495,0.5905858098191982,0.5857672370859253,0.0,0.1656444446261126
529,27.1,9.194985385783419,0.0,9.194985385783419,0.5916334295958314,0.5939996906011816,0.5857123025037266,0.0,0.1656444446261126
530,30.2,14.768204231672,0.0,14.768204231672,0.5914889013591723,0.5914791347091802,0.585555153155527,0.0,0.1656444446261126
531,33.5,11.930729207152114,0.0,11.930729207152114,0.5912562474611456,0.5848936522287207,0.5853092445388595,0.0,0.1656444446261126
532,34.5,3.8811775334362175,0.0,3.8811775334362175,0.5910685057755158,0.5852169129830421,0.5851072007262843,0.0,0.1656444446261126
533,34.0,0.5336493293705167,0.0,0.5336493293705167,0.5910076275647594,0.5866488133918527,0.5850362181848096,0.0,0.1656444446261126
534,33.5,3.745286820320838,0.0,3.745286820320838,0.5909992681209392,0.5922895589599216,0.5850203439673107,0.0,0.1656444446261126
535,34.5,10.314433706275722,0.0,10.314433706275722,0.5909405242654531,0.5921752224152412,0.5849517881707171,0.0,0.1656444446261126
536,36.9,14.181383134259256,0.0,14.181383134259256,0.5907783178061212,0.5923647464080147,0.5847786009352155,0.0,0.1656444446261126
537,39.2,14.8837174827008,0.0,14.8837174827008,0.5905549479353371,0.5882681951045552,0.5845439065591784,0.0,0.1656444446261126
538,41.5,14.768710307594109,0.0,14.768710307594109,0.5903204445756957,0.5886299840038405,0.5842955246805941,0.0,0.1656444446261126
539,43.4,11.88893077762536,0.0,11.88893077762536,0.5900877593902536,0.5887355596724844,0.5840560522226483,0.0,0.1656444446261126
540,44.4,9.0624690781893,0.0,9.0624690781893,0.589900659929546,0.5915444125957574,0.5838536728736334,0.0,0.1656444446261126
541,45.2,8.968389896966936,0.0,8.968389896966936,0.5897582011601661,0.589569871970928,0.5837010714712935,0.0,0.1656444446261126
542,46.1,6.814464259621247,0.0,6.814464259621247,0.5896172248993587,0.5944014427726886,0.5835498775300728,0.0,0.1656444446261126
543,46.1,3.2573654941891412,0.0,3.2573654941891412,0.589510197956331,0.5920649481755932,0.5834306785441222,0.0,0.1656444446261126
544,45.8,2.3397134881877824,0.0,2.3397134881877824,0.5894591105162732,0.5908377535118057,0.58336561809447,0.0,0.1656444446261126
545,45.5,4.944691998647316,0.0,4.944691998647316,0.5894224284930627,0.5894279572964318,0.5833185445216645,0.0,0.1656444446261126
546,46.1,7.110889156740578,0.0,7.110889156740578,0.5893448247240748,0.5893112498903404,0.5832300285339528,0.0,0.1656444446261126
547,46.5,6.891278870884773,0.0,6.891278870884773,0.5892331263197261,0.5894139149468421,0.5831051978253162,0.0,0.1656444446261126
548,47.0,7.290154168571872,0.0,7.290154168571872,0.589124886070564,0.5890671604820527,0.5829838113537174,0.0,0.1656444446261126
549,47.5,7.696183472889039,0.0,7.696183472889039,0.5890103613840942,0.5844971120320661,0.5828579571250523,0.0,0.1656444446261126
550,48.1,5.966020919048148,0.0,5.966020919048148,0.5888894373111705,0.5883440626775677,0.5827233765863654,0.0,0.1656444446261126
551,48.0,0.39332510288064204,0.0,0.39332510288064204,0.5887957619310623,0.5820603794693419,0.582615817844841,0.0,0.1656444446261126
552,46.8,0.0,0.0,0.0,0.5887895998114523,0.5863552967723857,0.5825927435732732,0.0,0.1656444446261126
553,46.0,0.0,0.0,0.0,0.5887895998114523,0.5856427117925049,0.58257855417656,0.0,0.1656444446261126
554,44.5,0.0,0.0,0.0,0.5887895998114523,0.585388593886708,0.5825657409157127,0.0,0.1656444446261126
555,42.0,0.0,0.0,0.0,0.5887895998114523,0.5920968679684215,0.582556362496159,0.0,0.1656444446261126
556,39.9,0.0,0.0,0.0,0.5887895998114523,0.5903215941757484,0.5825457810583834,0.0,0.1656444446261126
557,38.3,0.0,0.0,0.0,0.5887895998114523,0.5903998763325076,0.5825322530924648,0.0,0.1656444446261126
558,35.5,0.0,0.0,0.0,0.5887895998114523,0.5901260969480308,0.5825207241510616,0.0,0.1656444446261126
559,31.4,0.0,0.0,0.0,0.5887895998114523,0.5890717072208261,0.582502936885547,0.0,0.1656444446261126
560,28.1,0.0,0.0,0.0,0.5887895998114523,0.5912774682135957,0.5824912671659728,0.0,0.1656444446261126
561,24.1,0.0,0.0,0.0,0.5887895998114523,0.5922808885814437,0.5824770851494924,0.0,0.1656444446261126
562,18.1,0.0,0.0,0.0,0.5887895998114523,0.5872671220469432,0.5824641997877645,0.0,0.1656444446261126
563,14.2,0.0,0.0,0.0,0.5887895998114523,0.5856849972561422,0.5824485513668415,0.0,0.1656444446261126
564,10.5,0.0,0.0,0.0,0.5887895998114523,0.5860863090319552,0.5824365996016603,0.0,0.1656444446261126
565,6.3,0.0,0.0,0.0,0.5887895998114523,0.5886896395411549,0.5824256666526231,0.0,0.1656444446261126
566,4.2,0.0,0.0,0.0,0.5887895998114523,0.5897194488037494,0.5824136628825801,0.0,0.1656444446261126
567,2.9,0.0,0.0,0.0,0.5887895998114523,0.5901138418097086,0.582398069240166,0.0,0.1656444446261126
568,1.6,0.0,0.0,0.0,0.5887895998114523,0.5914069490916796,0.5823876363419307,0.0,0.1656444446261126
569,0.0,0.0,0.0,0.0,0.5887895998114523,0.5867988495177898,0.5823732211461281,0.0,0.1656444446261126
570,0.0,0.0,0.0,0.0,0.5887895998114523,0.5897644531809886,0.5823604505903786,0.0,0.1656444446261126
571,0.0,0.0,0.0,0.0,0.5887895998114523,0.5922387666884757,0.5823501660445546,0.0,0.1656444446261126
572,0.0,0.0,0.0,0.0,0.5887895998114523,0.5901560069122043,0.5823394717545186,0.0,0.1656444446261126
573,0.0,0.0,0.0,0.0,0.5887895998114523,0.5892507543970255,0.582328841398475,0.0,0.1656444446261126
574,0.0,0.0,0.0,0.0,0.5887895998114523,0.5856382143750352,0.5823207754959385,0.0,0.1656444446261126
575,0.0,0.0,0.0,0.0,0.5887895998114523,0.5858585151979779,0.5823052352040963,0.0,0.1656444446261126
576,0.0,0.0,0.0,0.0,0.5887895998114523,0.582941933477821,0.5822968779606226,0.0,0.1656444446261126
577,0.0,0.0,0.0,0.0,0.5887895998114523,0.5839252391783389,0.582287541743255,0.0,0.1656444446261126
578,0.0,0.0,0.0,0.0,0.5887895998114523,0.5895675444669088,0.5822718694789213,0.0,0.1656444446261126
579,4.3,1.9803537527244321,0.0,1.9803537527244321,0.5887895998114523,0.5941825036116221,0.5822626698965467,0.0,0.1656444446261126
580,6.1,1.7907071570454196,0.0,1.7907071570454196,0.5887585545142879,0.5897251925123252,0.5822177863619185,0.0,0.1656444446261126
581,7.8,2.893501267489712,0.0,2.893501267489712,0.5887304842860278,0.5942915206826076,0.5821855478161996,0.0,0.1656444446261126
582,10.8,5.401463777777778,0.0,5.401463777777778,0.5886851071588671,0.5866960996535332,0.5821329195014465,0.0,0.1656444446261126
583,14.5,5.1214851275529645,0.0,5.1214851275529645,0.5886003138516591,0.5936098910086339,0.5820341746097052,0.0,0.1656444446261126
584,15.2,3.905924944977899,0.0,3.905924944977899,0.5885199241326666,0.5914324277701625,0.5819388285773279,0.0,0.1656444446261126
585,17.4,7.616787226337448,0.0,7.616787226337448,0.5884586438918404,0.591362678423764,0.5818647851299971,0.0,0.1656444446261126
586,20.9,8.371342570320838,0.0,8.371342570320838,0.5883389655020629,0.5899715139837073,0.5817318874941367,0.0,0.1656444446261126
587,22.5,3.964597800925927,0.0,3.964597800925927,0.5882073900178822,0.5886633227550383,0.581588911451334,0.0,0.1656444446261126
588,22.5,1.505107060185181,0.0,1.505107060185181,0.5881451861485588,0.5876861935609129,0.5815176908169796,0.0,0.1656444446261126
589,22.4,1.497384879134274,0.0,1.497384879134274,0.5881215943024318,0.587766795109229,0.5814876905175587,0.0,0.1656444446261126
590,22.4,2.937714097241278,0.0,2.937714097241278,0.5880981235231514,0.5854761869507425,0.5814558547135759,0.0,0.1656444446261126
591,23.3,3.66486818211782,0.0,3.66486818211782,0.5880520497486753,0.5904407972959657,0.5813981701220133,0.0,0.1656444446261126
592,23.7,3.1227919346707766,0.0,3.1227919346707766,0.5879945547111003,0.5851874994321721,0.5813270130938661,0.0,0.1656444446261126
593,24.2,6.77358634415485,0.0,6.77358634415485,0.5879455742128887,0.5892472078920249,0.5812696704515895,0.0,0.1656444446261126
594,26.9,12.064600180060213,0.0,12.064600180060213,0.5878391759093681,0.5878043127741961,0.5811548901686064,0.0,0.1656444446261126
595,30.0,14.280889917695482,0.0,14.280889917695482,0.5876492619725062,0.5855499256313423,0.5809523371981361,0.0,0.1656444446261126
596,33.1,11.353548962600978,0.0,11.353548962600978,0.5874242554980753,0.5838650689597518,0.5807159269028548,0.0,0.1656444446261126
597,34.1,5.580684842611642,0.0,5.580684842611642,0.5872455794196961,0.5869795140013059,0.5805278101790421,0.0,0.1656444446261126
598,34.4,8.07016872001219,0.0,8.07016872001219,0.5871579556628129,0.5881398976922194,0.5804335002936408,0.0,0.1656444446261126
599,36.5,10.2615066848613,0.0,10.2615066848613,0.5870311164215178,0.5886864868624578,0.5802956044906762,0.0,0.1656444446261126
600,37.5,4.784103330761318,0.0,4.784103330761318,0.5868696919253259,0.5906162968228785,0.5801224468996674,0.0,0.1656444446261126
601,37.2,1.149306757201653,0.0,1.149306757201653,0.5867945970363413,0.5870363244536388,0.5800358930537309,0.0,0.1656444446261126
602,36.7,3.0077937177450083,0.0,3.0077937177450083,0.5867765826848064,0.5881038137525414,0.5800064278757987,0.0,0.1656444446261126
603,37.2,5.933257374485586,0.0,5.933257374485586,0.5867294032074999,0.5872676476059708,0.5799480015649635,0.0,0.1656444446261126
604,37.9,8.989747420762836,0.0,8.989747420762836,0.5866362263803945,0.5853500722665096,0.5798456636036575,0.0,0.1656444446261126
605,39.6,8.682669111111117,0.0,8.682669111111117,0.586494875588725,0.5901874452911102,0.579697097826632,0.0,0.1656444446261126
606,40.0,7.240241579027581,0.0,7.240241579027581,0.5863583683632813,0.5860238080158077,0.579552934665731,0.0,0.1656444446261126
607,41.1,8.269823954218108,0.0,8.269823954218108,0.5862446032787195,0.5882616095905853,0.5794300540457958,0.0,0.1656444446261126
608,41.8,9.24190877244323,0.0,9.24190877244323,0.5861146055144792,0.5896873835908139,0.5792897644751064,0.0,0.1656444446261126
609,43.2,9.326459555555553,0.0,9.326459555555553,0.5859692686563556,0.5878255372556621,0.5791351873131612,0.0,0.1656444446261126
610,43.8,6.663114353909472,0.0,6.663114353909472,0.5858225953614133,0.5914093288702181,0.5789797233155891,0.0,0.1656444446261126
611,44.2,4.182071285474765,0.0,4.182071285474765,0.5857179180668756,0.5882493399134358,0.5788672337944375,0.0,0.1656444446261126
612,43.9,4.141771285646214,0.0,4.141771285646214,0.5856522825063726,0.5874342028679848,0.5787887266314875,0.0,0.1656444446261126
613,44.3,6.189514764765308,0.0,6.189514764765308,0.5855872801194851,0.5858909099230483,0.5787131278214304,0.0,0.1656444446261126
614,44.7,6.54916615792183,0.0,6.54916615792183,0.5854900595672679,0.5853123245659838,0.5786046744595688,0.0,0.1656444446261126
615,45.2,4.318184135650024,0.0,4.318184135650024,0.5853871741845242,0.5904534222892391,0.578488000523723,0.0,0.1656444446261126
616,44.8,1.094683971345841,0.0,1.094683971345841,0.5853193968087826,0.5838200645384465,0.578410660625162,0.0,0.1656444446261126
617,44.2,2.192616552964511,0.0,2.192616552964511,0.5853022368500429,0.590740166109506,0.5783826347832233,0.0,0.1656444446261126
618,44.2,3.3294478286846356,0.0,3.3294478286846356,0.5852678509162589,0.5907442850238328,0.5783393701676837,0.0,0.1656444446261126
619,44.0,0.0,0.0,0.0,0.5852156126645761,0.5856992040995885,0.5782713605248507,0.0,0.1656444446261126
620,42.8,0.1431940506020635,0.0,0.1431940506020635,0.5852156126645761,0.589087772757738,0.5782586689051863,0.0,0.1656444446261126
621,42.7,4.806677294562581,0.0,4.806677294562581,0.5852133688250537,0.58596144935138,0.5782463670871666,0.0,0.1656444446261126
622,43.2,2.1042373333333213,0.0,2.1042373333333213,0.5851379083023226,0.583100610513177,0.578161411233641,0.0,0.1656444446261126
623,42.1,0.0,0.0,0.0,0.5851049090880659,0.5816858877078005,0.5781191044570094,0.0,0.1656444446261126
624,41.5,0.0,0.0,0.0,0.5851049090880659,0.5822672671180305,0.5781078986695976,0.0,0.1656444446261126
625,40.6,0.0,0.0,0.0,0.5851049090880659,0.5806520532821008,0.578096138153176,0.0,0.1656444446261126
626,39.7,0.0,0.0,0.0,0.5851049090880659,0.5856099566248828,0.5780841079303087,0.0,0.1656444446261126
627,38.5,0.0,0.0,0.0,0.5851049090880659,0.5861171919239414,0.5780785349737603,0.0,0.1656444446261126
628,37.6,0.0,0.0,0.0,0.5851049090880659,0.582651452899716,0.5780640136710034,0.0,0.1656444446261126
629,37.1,1.859050118674741,0.0,1.859050118674741,0.5851049090880659,0.5852882766921967,0.5780482565254843,0.0,0.1656444446261126
630,37.1,3.290377279168579,0.0,3.290377279168579,0.5850757577337273,0.5850228871843068,0.5780099524263006,0.0,0.1656444446261126
631,37.2,4.9764672510288,0.0,4.9764672510288,0.5850241324538842,0.5852128212808142,0.577945665127256,0.0,0.1656444446261126
632,37.9,4.603173346688745,0.0,4.603173346688745,0.5849459998178757,0.5829491692213284,0.5778549248357129,0.0,0.1656444446261126
633,37.8,0.21308933333334332,0.0,0.21308933333334332,0.58487373836595,0.581059604308898,0.5777710818259427,0.0,0.1656444446261126
634,36.7,0.176003594288228,0.0,0.176003594288228,0.5848703990833789,0.581604839063101,0.577756940393542,0.0,0.1656444446261126
635,36.6,4.173540674897122,0.0,4.173540674897122,0.5848676410043138,0.5866688734888499,0.5777451143420952,0.0,0.1656444446261126
636,37.2,2.1060968806584395,0.0,2.1060968806584395,0.5848021348225867,0.586801157593178,0.5776654656322554,0.0,0.1656444446261126
637,36.2,1.5566608023167103,0.0,1.5566608023167103,0.5847691054819503,0.5846929761956821,0.5776243593826319,0.0,0.1656444446261126
638,36.6,2.7615036378600903,0.0,2.7615036378600903,0.5847446980750172,0.5850571319488045,0.5775854711487544,0.0,0.1656444446261126
639,36.1,0.0,0.0,0.0,0.5847013786339542,0.5857232239709658,0.5775245980145248,0.0,0.1656444446261126
640,35.1,0.0,0.0,0.0,0.5847013786339542,0.5843114483235262,0.5775129534336457,0.0,0.1656444446261126
641,34.1,0.0,0.0,0.0,0.5847013786339542,0.5842266724321873,0.5775014713755768,0.0,0.1656444446261126
642,30.9,0.0,0.0,0.0,0.5847013786339542,0.5867363908505501,0.5774883932959194,0.0,0.1656444446261126
643,23.9,0.0,0.0,0.0,0.5847013786339542,0.5822925739483875,0.5774794654888652,0.0,0.1656444446261126
644,20.9,0.0,0.0,0.0,0.5847013786339542,0.5851053113425294,0.5774734549482349,0.0,0.1656444446261126
645,20.4,0.16520208230452713,0.0,0.16520208230452713,0.5847013786339542,0.5799016787224229,0.5774654087443631,0.0,0.1656444446261126
646,19.9,1.8204869372237489,0.0,1.8204869372237489,0.5846987897949826,0.5888921371574295,0.5774506294092678,0.0,0.1656444446261126
647,20.7,5.361224717592591,0.0,5.361224717592591,0.5846702425977993,0.5879202112350954,0.5774109879646167,0.0,0.1656444446261126
648,22.8,8.272184189300411,0.0,8.272184189300411,0.584586053612636,0.5854341193964112,0.5773154605645685,0.0,0.1656444446261126
649,25.2,7.876455481481481,0.0,7.876455481481481,0.5844560002526842,0.5841432226851037,0.577171743103275,0.0,0.1656444446261126
650,26.5,4.041168083657214,0.0,4.041168083657214,0.5843321867576127,0.5850510181091253,0.5770360757406645,0.0,0.1656444446261126
651,26.4,0.6294225349794231,0.0,0.6294225349794231,0.5842687587147688,0.5868039216563145,0.5769633923935252,0.0,0.1656444446261126
652,25.7,0.0,0.0,0.0,0.5842588930138077,0.5833295204320395,0.5769429015807772,0.0,0.1656444446261126
653,24.7,0.0,0.0,0.0,0.5842588930138077,0.5819083276264551,0.576930300164545,0.0,0.1656444446261126
654,22.6,0.0,0.0,0.0,0.5842588930138077,0.5834967778403861,0.5769191107724413,0.0,0.1656444446261126
655,20.9,0.0,0.0,0.0,0.5842588930138077,0.5851009612043633,0.5769049832847585,0.0,0.1656444446261126
656,20.1,0.0,0.0,0.0,0.5842588930138077,0.5863900608374032,0.5768939416929773,0.0,0.1656444446261126
657,18.7,0.0,0.0,0.0,0.5842588930138077,0.5861988683597406,0.57687896889423,0.0,0.1656444446261126
658,16.8,0.0,0.0,0.0,0.5842588930138077,0.5818639287731874,0.5768678290258415,0.0,0.1656444446261126
659,15.3,0.0,0.0,0.0,0.5842588930138077,0.5828065621267063,0.5768596765637946,0.0,0.1656444446261126
660,14.3,0.0,0.0,0.0,0.5842588930138077,0.5833724807565686,0.5768502585421339,0.0,0.1656444446261126
661,13.6,0.0,0.0,0.0,0.5842588930138077,0.5851886266569095,0.5768389900701203,0.0,0.1656444446261126
662,12.9,0.0,0.0,0.0,0.5842588930138077,0.5856599679361582,0.5768280747889483,0.0,0.1656444446261126
663,12.2,0.0,0.0,0.0,0.5842588930138077,0.5801769301363707,0.5768167845822405,0.0,0.1656444446261126
664,11.1,0.0,0.0,0.0,0.5842588930138077,0.5826455146931746,0.5768082827361122,0.0,0.1656444446261126
665,9.9,0.0,0.0,0.0,0.5842588930138077,0.5851222048046089,0.5768005318881756,0.0,0.1656444446261126
666,8.1,0.0,0.0,0.0,0.5842588930138077,0.5873125031425267,0.576785168691419,0.0,0.1656444446261126
667,5.2,0.0,0.0,0.0,0.5842588930138077,0.5886234885546511,0.5767746504771716,0.0,0.1656444446261126
668,2.1,0.0,0.0,0.0,0.5842588930138077,0.5848541838399329,0.5767631264009015,0.0,0.1656444446261126
669,0.0,0.0,0.0,0.0,0.5842588930138077,0.583750988887203,0.5767537191860781,0.0,0.1656444446261126
670,0.0,0.0,0.0,0.0,0.5842588930138077,0.5844860986582032,0.5767436863439074,0.0,0.1656444446261126
671,0.0,0.0,0.0,0.0,0.5842588930138077,0.584333542968542,0.57673212919396,0.0,0.1656444446261126
672,0.0,0.0,0.0,0.0,0.5842588930138077,0.5870016237455812,0.5767198043657107,0.0,0.1656444446261126
673,0.0,0.0,0.0,0.0,0.5842588930138077,0.5817192465750937,0.5767060556042234,0.0,0.1656444446261126
674,0.0,0.0,0.0,0.0,0.5842588930138077,0.5855974567987717,0.576702038718487,0.0,0.1656444446261126
675,0.0,0.0,0.0,0.0,0.5842588930138077,0.5841626491812927,0.5766947244926492,0.0,0.1656444446261126
676,0.0,0.0,0.0,0.0,0.5842588930138077,0.5801048453038226,0.5766868636954994,0.0,0.1656444446261126
677,0.0,0.0,0.0,0.0,0.5842588930138077,0.584687437704244,0.5766742485212544,0.0,0.1656444446261126
678,0.0,0.0,0.0,0.0,0.5842588930138077,0.5784643461527584,0.576664738827923,0.0,0.1656444446261126
679,0.0,0.0,0.0,0.0,0.5842588930138077,0.5833333181412662,0.5766551450625015,0.0,0.1656444446261126
680,0.0,0.0,0.0,0.0,0.5842588930138077,0.5843855637211607,0.5766481420390814,0.0,0.1656444446261126
681,0.0,0.0,0.0,0.0,0.5842588930138077,0.5856200939956977,0.5766370734553291,0.0,0.1656444446261126
682,0.0,0.0,0.0,0.0,0.5842588930138077,0.5824569865164412,0.5766256301765279,0.0,0.1656444446261126
683,0.0,0.0,0.0,0.0,0.5842588930138077,0.5833262386776054,0.5766111952556899,0.0,0.1656444446261126
684,0.0,0.0,0.0,0.0,0.5842588930138077,0.581828196903701,0.5766001599905219,0.0,0.1656444446261126
685,5.6,3.227953608901082,0.0,3.227953608901082,0.5842588930138077,0.5814692317503583,0.5765902802189975,0.0,0.1656444446261126
686,7.9,3.2355087547820456,0.0,3.2355087547820456,0.5842082448999788,0.5872790081418253,0.5765290013997795,0.0,0.1656444446261126
687,10.9,3.2790093189109877,0.0,3.2790093189109877,0.5841574778710398,0.5814633740376489,0.5764709340962374,0.0,0.1656444446261126
688,11.5,2.277964851489865,0.0,2.277964851489865,0.5841060271773328,0.5828122383837747,0.5764042857071764,0.0,0.1656444446261126
689,12.9,3.3892828050411525,0.0,3.3892828050411525,0.584070297921281,0.586064244482796,0.5763593038753985,0.0,0.1656444446261126
690,14.5,2.9770664032731298,0.0,2.9770664032731298,0.5840171141986958,0.5888527968405011,0.5762966913070904,0.0,0.1656444446261126
691,15.0,1.0565329218106998,0.0,1.0565329218106998,0.5839704063446182,0.5844001807716237,0.5762369892144812,0.0,0.1656444446261126
692,14.5,0.0,0.0,0.0,0.5839538427904869,0.5827093761738206,0.5762033220264242,0.0,0.1656444446261126
693,13.7,0.6073515044772136,0.0,0.6073515044772136,0.5839538427904869,0.5842436437103893,0.5761901495392797,0.0,0.1656444446261126
694,14.1,1.8959846177983535,0.0,1.8959846177983535,0.583944322865326,0.5876085771247496,0.5761659025549816,0.0,0.1656444446261126
695,14.7,1.6957084933127593,0.0,1.6957084933127593,0.5839145889872003,0.5833583670115959,0.5761249686653306,0.0,0.1656444446261126
696,14.8,1.231869225118125,0.0,1.231869225118125,0.5838879980061612,0.582177752446742,0.5760859888727834,0.0,0.1656444446261126
697,14.9,1.432262326836609,0.0,1.432262326836609,0.583868684173288,0.5836521917870454,0.5760499711864449,0.0,0.1656444446261126
698,15.2,1.3647726816034131,0.0,1.3647726816034131,0.5838462266519631,0.5842129075772277,0.5760174173360959,0.0,0.1656444446261126
699,15.2,1.2670360560890102,0.0,1.2670360560890102,0.5838248278864925,0.5817300708259284,0.5759886494769851,0.0,0.1656444446261126
700,15.4,0.8885848821825948,0.0,0.8885848821825948,0.5838049623066416,0.5816541936883921,0.5759543383029455,0.0,0.1656444446261126
701,15.0,0.0,0.0,0.0,0.5837910324562784,0.5843503744633918,0.5759322054275342,0.0,0.1656444446261126
702,13.9,0.0,0.0,0.0,0.5837910324562784,0.585606409776146,0.5759178006937713,0.0,0.1656444446261126
703,13.0,1.0753670934308786,0.0,1.0753670934308786,0.5837910324562784,0.5826255569264744,0.575903922783533,0.0,0.1656444446261126
704,14.1,5.6131914079218115,0.0,5.6131914079218115,0.5837741732511104,0.5868514514623402,0.5758799019413281,0.0,0.1656444446261126
705,18.1,10.837422170762842,0.0,10.837422170762842,0.5836860119464538,0.5841354403963264,0.5757815258584461,0.0,0.1656444446261126
706,22.3,12.100530409103033,0.0,12.100530409103033,0.5835154394470788,0.5850410616251814,0.5755961528197883,0.0,0.1656444446261126
707,25.4,9.57483711507392,0.0,9.57483711507392,0.5833248867791277,0.5888822325022928,0.5753932226858036,0.0,0.1656444446261126
708,27.0,8.2915,0.0,8.2915,0.5831742583503294,0.5871410053360664,0.5752332706965342,0.0,0.1656444446261126
709,29.0,10.057866102728239,0.0,10.057866102728239,0.5830438846215643,0.5849891098371176,0.5750916274868666,0.0,0.1656444446261126
710,31.2,10.462074946502055,0.0,10.462074946502055,0.5828856227611612,0.584761409071061,0.5749180087697234,0.0,0.1656444446261126
711,33.0,9.831668724279835,0.0,9.831668724279835,0.5827209715900835,0.5858716915209665,0.5747407512206485,0.0,0.1656444446261126
712,34.6,10.569265216887677,0.0,10.569265216887677,0.5825662788048648,0.5817387472849366,0.5745759610819007,0.0,0.1656444446261126
713,36.5,12.373775203379834,0.0,12.373775203379834,0.5823999289642412,0.5777544393919543,0.5744014023779271,0.0,0.1656444446261126
714,38.6,14.38920268983387,0.0,14.38920268983387,0.5822050333029227,0.5783522618053274,0.5741896839190255,0.0,0.1656444446261126
715,41.0,15.364301630848956,0.0,15.364301630848956,0.5819782046598584,0.5802882087357927,0.5739523587582489,0.0,0.1656444446261126
716,43.1,14.566611637879124,0.0,14.566611637879124,0.5817359043304567,0.5832336816720218,0.5736980934102422,0.0,0.1656444446261126
717,44.9,15.247996877591053,0.0,15.247996877591053,0.5815062533233727,0.580796102977607,0.5734549410879127,0.0,0.1656444446261126
718,47.0,16.658724127419607,0.0,16.658724127419607,0.581265788773296,0.5818508509842271,0.5732038296537078,0.0,0.1656444446261126
719,49.0,18.094360920591352,0.0,18.094360920591352,0.5810029208808649,0.5850398591504178,0.5729305414588494,0.0,0.1656444446261126
720,51.3,26.32216009722222,0.0,26.32216009722222,0.5807172261152007,0.5838571334127921,0.5726323717627639,0.0,0.1656444446261126
721,55.5,28.732838670267483,0.0,28.732838670267483,0.5803002104016751,0.5842516595829297,0.5722024036012697,0.0,0.1656444446261126
722,57.8,23.016770662399004,0.0,23.016770662399004,0.5798445344921008,0.5784277159037514,0.5717351137429212,0.0,0.1656444446261126
723,60.1,18.689783669391105,0.0,18.689783669391105,0.5794803519095953,0.5777919733561511,0.5713587098049941,0.0,0.1656444446261126
724,61.0,12.762216201798532,0.0,12.762216201798532,0.5791851457765691,0.5801958528569315,0.5710538609405283,0.0,0.1656444446261126
725,61.7,10.185952835067065,0.0,10.185952835067065,0.5789840450694484,0.5794833323760592,0.5708382094470982,0.0,0.1656444446261126
726,61.9,3.866371069596831,0.0,3.866371069596831,0.5788237039369674,0.5829798662108094,0.5706658993340266,0.0,0.1656444446261126
727,61.0,0.0,0.0,0.0,0.5787629952702166,0.5860558049863793,0.5705934107973327,0.0,0.1656444446261126
728,60.0,0.0,0.0,0.0,0.5787629952702166,0.5770208282657057,0.5705807288260949,0.0,0.1656444446261126
729,59.0,0.0,0.0,0.0,0.5787629952702166,0.5790838166616112,0.5705675250993696,0.0,0.1656444446261126
730,58.0,0.0,0.0,0.0,0.5787629952702166,0.5803987332791348,0.5705528313417194,0.0,0.1656444446261126
731,57.1,0.0,0.0,0.0,0.5787629952702166,0.5764728842966642,0.5705421048305638,0.0,0.1656444446261126
732,56.1,0.0,0.0,0.0,0.5787629952702166,0.576095661905077,0.5705315743396118,0.0,0.1656444446261126
733,52.9,0.0,0.0,0.0,0.5787629952702166,0.5792690051633483,0.570522075793639,0.0,0.1656444446261126
734,51.2,0.0,0.0,0.0,0.5787629952702166,0.5798195352812764,0.5705063260589047,0.0,0.1656444446261126
735,47.5,0.0,0.0,0.0,0.5787629952702166,0.580109022064802,0.5704985368451881,0.0,0.1656444446261126
736,43.6,0.0,0.0,0.0,0.5787629952702166,0.5777862716109999,0.5704841017577252,0.0,0.1656444446261126
737,40.1,0.0,0.0,0.0,0.5787629952702166,0.5784866648354923,0.5704733629165215,0.0,0.1656444446261126
738,37.4,0.0,0.0,0.0,0.5787629952702166,0.5801561685757897,0.5704644320785023,0.0,0.1656444446261126
739,36.9,2.080688689814818,0.0,2.080688689814818,0.5787629952702166,0.5801564014046908,0.5704536569344706,0.0,0.1656444446261126
740,37.0,3.278692882182585,0.0,3.278692882182585,0.5787303480192539,0.5781868421453341,0.5704123638284463,0.0,0.1656444446261126
741,37.0,1.375400701112633,0.0,1.375400701112633,0.578678878598216,0.5776867723939086,0.5703477766814143,0.0,0.1656444446261126
742,36.3,0.0,0.0,0.0,0.5786573036563346,0.5774417102341565,0.5703102935066129,0.0,0.1656444446261126
743,35.5,0.0,0.0,0.0,0.5786573036563346,0.5804050567305781,0.5702985582712635,0.0,0.1656444446261126
744,33.4,0.0,0.0,0.0,0.5786573036563346,0.5751763931196199,0.5702913870649661,0.0,0.1656444446261126
745,30.0,0.0,0.0,0.0,0.5786573036563346,0.5804503311423381,0.5702845138880621,0.0,0.1656444446261126
746,26.2,0.0,0.0,0.0,0.5786573036563346,0.5850680043795268,0.5702749357162451,0.0,0.1656444446261126
747,23.5,0.0,0.0,0.0,0.5786573036563346,0.5810884603914391,0.5702653919595747,0.0,0.1656444446261126
748,19.6,0.0,0.0,0.0,0.5786573036563346,0.5840037194538716,0.5702499972097065,0.0,0.1656444446261126
749,14.8,0.0,0.0,0.0,0.5786573036563346,0.5830937389210066,0.5702331596997714,0.0,0.1656444446261126
750,10.6,0.0,0.0,0.0,0.5786573036563346,0.5814005295998897,0.570219203970533,0.0,0.1656444446261126
751,7.2,0.0,0.0,0.0,0.5786573036563346,0.578253488370026,0.5702059307453214,0.0,0.1656444446261126
752,3.5,0.0,0.0,0.0,0.5786573036563346,0.5785200706218199,0.5701970924088865,0.0,0.1656444446261126
753,0.0,0.0,0.0,0.0,0.5786573036563346,0.5775742988546039,0.570186454032838,0.0,0.1656444446261126
754,0.0,0.0,0.0,0.0,0.5786573036563346,0.5804982105197879,0.5701734085121506,0.0,0.1656444446261126
755,0.0,0.0,0.0,0.0,0.5786573036563346,0.5826108366222813,0.5701620518263554,0.0,0.1656444446261126
756,0.0,0.0,0.0,0.0,0.5786573036563346,0.5794527395005136,0.5701541120738947,0.0,0.1656444446261126
757,0.0,0.0,0.0,0.0,0.5786573036563346,0.5746350740157755,0.5701449921358963,0.0,0.1656444446261126
758,0.0,0.0,0.0,0.0,0.5786573036563346,0.5771130210275603,0.570134110693357,0.0,0.1656444446261126
759,0.0,0.0,0.0,0.0,0.5786573036563346,0.5796105611550503,0.5701187955551813,0.0,0.1656444446261126
760,0.0,0.0,0.0,0.0,0.5786573036563346,0.5831944590166808,0.5701105294074711,0.0,0.1656444446261126
761,0.0,0.0,0.0,0.0,0.5786573036563346,0.581408116719091,0.5700960265360946,0.0,0.1656444446261126
762,0.0,0.0,0.0,0.0,0.5786573036563346,0.5773230145777324,0.5700855445474803,0.0,0.1656444446261126
763,0.0,0.0,0.0,0.0,0.5786573036563346,0.580725477405393,0.5700754673440804,0.0,0.1656444446261126
764,0.0,0.0,0.0,0.0,0.5786573036563346,0.5828308960521218,0.5700591212710084,0.0,0.1656444446261126
765,0.0,0.0,0.0,0.0,0.5786573036563346,0.5774034466512258,0.5700493680749579,0.0,0.1656444446261126
766,0.0,0.0,0.0,0.0,0.5786573036563346,0.5742154982505361,0.5700378656131609,0.0,0.1656444446261126
767,0.0,0.0,0.0,0.0,0.5786573036563346,0.5769218453556032,0.5700258568139549,0.0,0.1656444446261126
768,0.0,0.0,0.0,0.0,0.5786573036563346,0.574462230783044,0.5700160402486824,0.0,0.1656444446261126
769,0.0,0.0,0.0,0.0,0.5786573036563346,0.5761183467390165,0.5700035024706086,0.0,0.1656444446261126
770,0.0,0.0,5.59322033898305,-5.59322033898305,0.5786573036563346,0.5712887079785193,0.5699956411284856,0.00011209239130434782,0.1656444446261126
771,0.0,0.0,0.0,0.0,0.5787447982189761,0.5804219783523685,0.5700721010103077,0.00011209239130434782,0.1656444446261126
772,0.0,0.0,5.084745762711864,-5.084745762711864,0.5787447982189761,0.5782208201080719,0.5700563752902673,0.00021742946995603318,0.1656444446261126
773,0.0,0.0,5.084745762711864,-5.084745762711864,0.5788243541473655,0.5796745001294853,0.5701264929188244,0.0003227665486077186,0.1656444446261126
774,6.4,4.718527351318397,5.084745762711864,-0.3662184113934668,0.5789039095420954,0.5798037716836834,0.5701977104953297,0.00042810362725940397,0.1656444446261126
775,10.4,2.726224083523853,0.0,2.726224083523853,0.5789096500582127,0.5819901487542073,0.5701902118995626,0.00042810362725940397,0.1656444446261126
776,9.4,1.072000986434994,5.084745762711864,-4.01274477627687,0.5788668634748356,0.57939383489152,0.5701365924108425,0.0005334407059110894,0.1656444446261126
777,11.1,4.838518758744855,5.59322033898305,-0.7547015802381951,0.5789296728892861,0.5771580623786555,0.5701907295547005,0.0006455330972154372,0.1656444446261126
778,15.1,9.122813787703855,5.084745762711864,4.038068024991991,0.5789415010698866,0.5792142736032803,0.5701920757322231,0.0007508701758671226,0.1656444446261126
779,19.4,6.635800544429204,5.59322033898305,1.0425802054461535,0.5788780927450554,0.5771659490421993,0.5701150185612078,0.0008629625671714704,0.1656444446261126
780,19.3,0.0,5.59322033898305,-5.59322033898305,0.5788617409701327,0.5777107031759127,0.570083409318038,0.0009750549584758182,0.1656444446261126
781,18.1,0.7120363682937035,6.101694915254237,-5.389658546960534,0.5789492340251788,0.5768154944383229,0.5701598506155685,0.001093476011107397,0.1656444446261126
782,18.8,4.612873117817406,5.59322033898305,-0.9803472211656441,0.5790335489919382,0.5803265608163545,0.5702397884719397,0.001205568402411745,0.1656444446261126
783,20.8,6.725459334857489,6.610169491525424,0.11528984333206527,0.5790489121258249,0.5787966307072925,0.5702419937061123,0.001329930647309704,0.1656444446261126
784,22.7,7.067146571349641,5.59322033898305,1.4739262323665905,0.5790471046198817,0.5801456411339613,0.5702288890037325,0.001442023038614052,0.1656444446261126
785,24.5,6.70369615674059,6.610169491525424,0.09352666521516628,0.5790239839904051,0.5781724937086463,0.5701989976683028,0.0015663852835120112,0.1656444446261126
786,25.8,7.574412131687239,6.610169491525424,0.9642426401618147,0.5790225176956294,0.5758833658973891,0.5701842139716392,0.0016907475284099701,0.1656444446261126
787,27.9,10.914215495370359,6.610169491525424,4.304046003844935,0.5790073952204084,0.5749260895432986,0.5701571649466066,0.0018151097733079293,0.1656444446261126
788,30.7,12.258678865207282,5.59322033898305,6.665458526224231,0.5789398035240767,0.5776198141606225,0.5700771665003237,0.0019272021646122772,0.1656444446261126
789,32.9,5.3571339214868265,5.084745762711864,0.27238815877496236,0.5788350279628742,0.5811544653147951,0.5699657663052765,0.0020325392432639627,0.1656444446261126
790,32.0,0.0,5.59322033898305,-5.59322033898305,0.5788307571362089,0.5777056605672222,0.5699524248996578,0.0021446316345683104,0.1656444446261126
791,31.6,5.3214337628410195,5.59322033898305,-0.2717865761420306,0.5789182504197378,0.5811285227695703,0.5700282499354166,0.002256724025872658,0.1656444446261126
792,33.4,10.174713524157895,5.59322033898305,4.581493185174844,0.5789225108608289,0.5797517706925801,0.5700242209926716,0.0023688164171770058,0.1656444446261126
793,35.1,10.960256124999999,5.084745762711864,5.875510362288135,0.5788505535623268,0.5807415626174818,0.569939961426113,0.002474153495828691,0.1656444446261126
794,37.0,11.605596174363662,5.59322033898305,6.012375835380611,0.578758223903841,0.5785720023202318,0.5698360305410848,0.0025862458871330385,0.1656444446261126
795,38.7,6.9642746250000105,5.59322033898305,1.3710542860169603,0.5786637375694534,0.578864378031967,0.5697327319573101,0.002698338278437386,0.1656444446261126
796,38.5,0.0,6.610169491525424,-6.610169491525424,0.5786422308164075,0.5720358832445489,0.5697030922570753,0.0028227005233353456,0.1656444446261126
797,37.3,0.6755688264555636,5.59322033898305,-4.9176515125274864,0.5787455920527401,0.5786647613939765,0.569794129716174,0.0029347929146396933,0.1656444446261126
798,37.5,3.578470614711932,6.101694915254237,-2.523224300542305,0.5788225387083983,0.576433554796038,0.5698665289619309,0.003053213967271272,0.1656444446261126
799,37.5,0.0,5.59322033898305,-5.59322033898305,0.5788620569180923,0.5827868808419859,0.5698932161875666,0.0031653063585756194,0.1656444446261126
800,35.2,0.0,6.101694915254237,-6.101694915254237,0.5789495499708086,0.5784528132165355,0.5699695403688727,0.0032837274112071982,0.1656444446261126
801,33.5,0.0,5.59322033898305,-5.59322033898305,0.5790449770458259,0.581964796028444,0.5700543643784487,0.003395819802511546,0.1656444446261126
802,32.6,0.0,6.610169491525424,-6.610169491525424,0.5791324687496664,0.5781580649939372,0.5701325393161201,0.0035201820474095053,0.1656444446261126
803,31.9,0.0,7.11864406779661,-7.11864406779661,0.5792358257187306,0.5766756243861394,0.5702261261283014,0.0036501325424590104,0.1656444446261126
804,31.0,2.2184679164761536,6.610169491525424,-4.39170157504927,0.5793471099068782,0.5821794757715725,0.5703259584544601,0.0037744947873569698,0.1656444446261126
805,31.8,7.199532213991759,7.11864406779661,0.08088814619514917,0.579415837831507,0.5796767096247676,0.5703826778255524,0.0039044452824064744,0.1656444446261126
806,33.3,10.141969449074066,7.627118644067796,2.5148508050062706,0.5794145697296841,0.5759188547067045,0.5703711091994765,0.004039661628560321,0.1656444446261126
807,35.3,9.438948504477228,7.627118644067796,1.811829860409432,0.579375105555711,0.5781227392571581,0.570318080831678,0.004174877974714167,0.1656444446261126
808,36.2,8.074150514250872,6.101694915254237,1.9724555989966355,0.5793466813860986,0.5862728573281039,0.5702790468840477,0.004293299027345745,0.1656444446261126
809,37.5,6.471989133230456,7.11864406779661,-0.6466549345661541,0.5793157352456803,0.5797876178330607,0.5702361597633284,0.004423249522395251,0.1656444446261126
810,37.6,3.5909129260783557,7.11864406779661,-3.527731141718254,0.5793258701526103,0.5820905563198839,0.5702363678858035,0.004553200017444755,0.1656444446261126
811,37.7,0.9368403384964183,7.627118644067796,-6.690278305571377,0.5793810963766787,0.5769178032325661,0.5702801683587314,0.004688416363598601,0.1656444446261126
812,36.7,0.0,7.627118644067796,-7.627118644067796,0.5794857004312203,0.5771083749578552,0.5703711078884547,0.004823632709752447,0.1656444446261126
813,36.2,5.746475617131525,7.11864406779661,-1.372168450665085,0.5796049070582353,0.5812420645327715,0.5704739997994247,0.0049535832048019516,0.1656444446261126
814,37.9,11.42673301747066,7.11864406779661,4.30808894967405,0.5796264060791481,0.5830522525982467,0.5704856302700476,0.005083533699851456,0.1656444446261126
815,39.6,11.73822466666668,6.610169491525424,5.128055175141256,0.5795587543394543,0.5826272693651225,0.5704066789317134,0.0052078959447494156,0.1656444446261126
816,41.2,15.446204934308795,7.11864406779661,8.327560866512187,0.5794781994195649,0.578556911206482,0.5703136664206648,0.00533784643979892,0.1656444446261126
817,44.1,15.794768208333327,6.610169491525424,9.184598716807903,0.5793472155356462,0.5815006677254282,0.5701733590640581,0.00546220868469688,0.1656444446261126
818,45.4,11.059987900015235,7.11864406779661,3.9413438322186254,0.5792026998994284,0.5790513448289437,0.5700186622482073,0.005592159179746384,0.1656444446261126
819,46.5,8.685260352366248,6.610169491525424,2.075090860840824,0.5791408141673093,0.580101946139264,0.569948318523253,0.005716521424644343,0.1656444446261126
820,46.9,6.968551890927449,6.610169491525424,0.358382399402025,0.5791082558655138,0.5769853777182964,0.5698989198744596,0.0058408836695423025,0.1656444446261126
821,47.4,7.065793810699588,6.101694915254237,0.9640988954453507,0.5791026366560428,0.5816666384723503,0.5698821222776088,0.005959304722173881,0.1656444446261126
822,47.8,6.8367567011126456,5.59322033898305,1.2435363621295954,0.5790875165387082,0.5809338446993474,0.5698561122752498,0.006071397113478229,0.1656444446261126
823,48.2,5.673262832495061,5.59322033898305,0.08004249351201054,0.5790680117610391,0.5806379174026011,0.5698284474796033,0.006183489504782576,0.1656444446261126
824,48.2,0.0,5.59322033898305,-5.59322033898305,0.5790667568801754,0.5818115213883691,0.5698166013328091,0.006295581896086924,0.1656444446261126
825,42.5,0.0,5.084745762711864,-5.084745762711864,0.5791542484234115,0.5858738473995829,0.5698896834703464,0.0064009189747386095,0.1656444446261126
826,42.8,3.7208689477213834,5.59322033898305,-1.8723513912616667,0.5792338016052928,0.5820293734859604,0.5699565154489689,0.006513011366042957,0.1656444446261126
827,42.5,4.230173265794101,5.59322033898305,-1.363047073188949,0.5792631325410688,0.5793090277585426,0.5699741953172405,0.006625103757347305,0.1656444446261126
828,43.0,8.44619356805366,6.101694915254237,2.344498652799423,0.5792844893436556,0.5786048347254946,0.5699835007758177,0.006743524809978884,0.1656444446261126
829,44.2,9.866227664075604,5.084745762711864,4.7814819013637395,0.5792477005091049,0.5820695168290195,0.5699351328829996,0.00684886188863057,0.1656444446261126
830,45.1,8.944366239692874,5.084745762711864,3.85962047698101,0.5791725982334579,0.5827142293384463,0.5698517154478117,0.006954198967282255,0.1656444446261126
831,45.9,8.842199847222224,5.084745762711864,3.7574540845103597,0.5791119975217377,0.579990477777106,0.5697763449720155,0.007059536045933941,0.1656444446261126
832,46.7,7.8307065987844915,5.084745762711864,2.7459608360726273,0.57905300305318,0.5779773920941801,0.5697121334337327,0.007164873124585626,0.1656444446261126
833,47.1,6.70450659825102,5.084745762711864,1.6197608355391555,0.5790099068967343,0.5786449659334215,0.5696543234035466,0.007270210203237312,0.1656444446261126
834,47.5,8.917891291819076,5.084745762711864,3.8331455291072123,0.5789844970858502,0.5777302868965766,0.5696205783210856,0.007375547281888998,0.1656444446261126
835,48.6,8.239668000000007,0.0,8.239668000000007,0.5789243117388545,0.5798181953422838,0.5695469468073496,0.007375547281888998,0.1656444446261126
836,48.7,5.130057990721666,0.0,5.130057990721666,0.5787947087816213,0.5783219321906015,0.5694068964392808,0.007375547281888998,0.1656444446261126
837,48.8,5.773050003962805,0.0,5.773050003962805,0.5787141171015024,0.5765082060892156,0.5693162818651314,0.007375547281888998,0.1656444446261126
838,49.1,5.507633650910711,0.0,5.507633650910711,0.5786234002122619,0.5772512127263355,0.5692099667100867,0.007375547281888998,0.1656444446261126
839,49.1,5.1919186303345315,0.0,5.1919186303345315,0.5785368625784681,0.5816404732356103,0.5691089369692907,0.007375547281888998,0.1656444446261126
840,49.3,5.540031247580384,0.0,5.540031247580384,0.5784552952767235,0.578493827265622,0.5690134854706067,0.007375547281888998,0.1656444446261126
841,49.4,4.920987512879144,0.0,4.920987512879144,0.578368246227172,0.578380889802319,0.5689142038374709,0.007375547281888998,0.1656444446261126
842,49.4,5.238631545800963,0.0,5.238631545800963,0.5782909426540634,0.5790871062734748,0.5688282994361978,0.007375547281888998,0.1656444446261126
843,49.6,6.545645738149687,0.0,6.545645738149687,0.5782086382108622,0.581228918358816,0.5687381589924165,0.007375547281888998,0.1656444446261126
844,50.0,7.5833952522481125,0.0,7.5833952522481125,0.5781057445537507,0.5795812843447731,0.5686254448277975,0.007375547281888998,0.1656444446261126
845,50.5,6.0617027201455524,0.0,6.0617027201455524,0.5779864873549734,0.5779355414392187,0.5684942896071548,0.007375547281888998,0.1656444446261126
846,50.4,10.905588296296305,0.0,10.905588296296305,0.5778912176941452,0.5768504283763204,0.5683862791302113,0.007375547281888998,0.1656444446261126
847,52.4,12.122850654168559,0.0,12.122850654168559,0.5777194826417886,0.5744279706863268,0.5682010126964729,0.007375547281888998,0.1656444446261126
848,52.5,9.788601144547307,0.0,9.788601144547307,0.5775284821668144,0.5810574595067333,0.567998550056,0.007375547281888998,0.1656444446261126
849,53.8,13.912630144185337,0.0,13.912630144185337,0.5773744014396643,0.577035015171388,0.5678361369158628,0.007375547281888998,0.1656444446261126
850,55.0,13.943036503581787,0.0,13.943036503581787,0.5771550370057708,0.5776058248224093,0.5676042338490535,0.007375547281888998,0.1656444446261126
851,56.2,14.324258912360913,0.0,14.324258912360913,0.5769351863091542,0.5783425630317903,0.5673722980688278,0.007375547281888998,0.1656444446261126
852,57.4,14.710467625666832,0.0,14.710467625666832,0.5767092854420044,0.5798399967891814,0.5671335229753764,0.007375547281888998,0.1656444446261126
853,58.6,13.217767055022112,0.0,13.217767055022112,0.5764772530549531,0.5770634293273449,0.5668892410920559,0.007375547281888998,0.1656444446261126
854,59.3,13.807216762364703,0.0,13.807216762364703,0.5762688873489967,0.5809370462251449,0.5666678960147072,0.007375547281888998,0.1656444446261126
855,60.6,13.81724223868314,0.0,13.81724223868314,0.5760511736854222,0.5754334488415742,0.5664394396670949,0.007375547281888998,0.1656444446261126
856,61.2,9.277752518518497,0.0,9.277752518518497,0.5758332969927673,0.5755091317879353,0.5662073766392475,0.007375547281888998,0.1656444446261126
857,61.3,7.329815890927421,0.0,7.329815890927421,0.5756872663833352,0.5776222967551611,0.5660562701118876,0.007375547281888998,0.1656444446261126
858,61.4,8.928727732357887,0.0,8.928727732357887,0.5755719849981458,0.5760483290985694,0.5659313646383258,0.007375547281888998,0.1656444446261126
859,61.9,9.040625184823213,0.0,9.040625184823213,0.57543146461567,0.5761093082389243,0.565778810977154,0.007375547281888998,0.1656444446261126
860,62.0,7.069806089010831,0.0,7.069806089010831,0.5752891750729463,0.5745994310620248,0.5656234396238271,0.007375547281888998,0.1656444446261126
861,62.0,6.272480986130151,0.0,6.272480986130151,0.5751779909001126,0.5744402431850671,0.5654997190459984,0.007375547281888998,0.1656444446261126
862,61.9,0.0,0.0,0.0,0.5750793766078786,0.5763187882714433,0.5653879413913174,0.007375547281888998,0.1656444446261126
863,55.2,0.0,0.0,0.0,0.5750793766078786,0.577949494044224,0.5653794287210453,0.007375547281888998,0.1656444446261126
864,54.3,0.0,0.0,0.0,0.5750793766078786,0.5778253074191513,0.5653698063972817,0.007375547281888998,0.1656444446261126
865,49.1,5.191918630334571,0.0,5.191918630334571,0.5750793766078786,0.5801415803105571,0.5653576750436334,0.007375547281888998,0.1656444446261126
866,54.5,14.136077415313979,0.0,14.136077415313979,0.5749977853239375,0.5758403609654273,0.5652655933874212,0.007375547281888998,0.1656444446261126
867,51.6,0.0,0.0,0.0,0.5747748321801966,0.5744953759794315,0.5650315830759189,0.007375547281888998,0.1656444446261126
868,50.3,0.0,0.0,0.0,0.5747748321801966,0.5709862160671658,0.5650182499039691,0.007375547281888998,0.1656444446261126
869,48.7,0.0,0.0,0.0,0.5747748321801966,0.571140960930797,0.5650100656884667,0.007375547281888998,0.1656444446261126
870,48.6,1.6771679999999796,0.0,1.6771679999999796,0.5747748321801966,0.5775423965566736,0.5649963148340446,0.007375547281888998,0.1656444446261126
871,47.8,0.6896373595488423,0.0,0.6896373595488423,0.5747485117491982,0.5752456827648726,0.5649591734286531,0.007375547281888998,0.1656444446261126
872,47.4,4.627522205761325,0.0,4.627522205761325,0.5747376932491405,0.5775549827855808,0.5649370492281424,0.007375547281888998,0.1656444446261126
873,47.9,3.7757771742303023,0.0,3.7757771742303023,0.574664985821679,0.5761416093155997,0.5648558066704981,0.007375547281888998,0.1656444446261126
874,47.2,0.0,0.0,0.0,0.5746056808403822,0.5762515572226322,0.5647826816957853,0.007375547281888998,0.1656444446261126
875,45.7,0.0,0.0,0.0,0.5746056808403822,0.5774081299976345,0.5647710439690725,0.007375547281888998,0.1656444446261126
876,45.2,3.1556326953208287,0.0,3.1556326953208287,0.5746056808403822,0.5770345178499693,0.564767441836553,0.007375547281888998,0.1656444446261126
877,45.4,3.7618911921963223,0.0,3.7618911921963223,0.5745561283266164,0.5711626188598354,0.5647085950885737,0.007375547281888998,0.1656444446261126
878,45.1,0.0,0.0,0.0,0.5744970412302453,0.5766103089230623,0.5646369768738706,0.007375547281888998,0.1656444446261126
879,43.5,0.0,0.0,0.0,0.5744970412302453,0.5773362957769559,0.564626247564189,0.007375547281888998,0.1656444446261126
880,42.8,0.0,0.0,0.0,0.5744970412302453,0.5783906623998826,0.5646106579023612,0.007375547281888998,0.1656444446261126
881,42.0,0.6513816872428174,0.0,0.6513816872428174,0.5744970412302453,0.5774115196549643,0.5645949913342241,0.007375547281888998,0.1656444446261126
882,41.7,0.6359764099794258,0.0,0.6359764099794258,0.5744868227938786,0.5717411043177737,0.5645734522488605,0.007375547281888998,0.1656444446261126
883,40.9,0.0,0.0,0.0,0.5744768460777568,0.5716900300670552,0.564553047928539,0.007375547281888998,0.1656444446261126
884,40.1,1.07336899556089,0.0,1.07336899556089,0.5744768460777568,0.5731945231342002,0.5645359064209904,0.007375547281888998,0.1656444446261126
885,40.0,0.0,0.0,0.0,0.5744600049259674,0.5753268183571618,0.5645076119225154,0.007375547281888998,0.1656444446261126
886,38.7,0.0,0.0,0.0,0.5744600049259674,0.5786053485501655,0.5644963796934978,0.007375547281888998,0.1656444446261126
887,38.0,0.0,0.0,0.0,0.5744600049259674,0.5762032088798412,0.564486998163947,0.007375547281888998,0.1656444446261126
888,37.4,0.19928186130162545,0.0,0.19928186130162545,0.5744600049259674,0.5719852153520553,0.5644779494711295,0.007375547281888998,0.1656444446261126
889,36.8,0.6525117597927224,0.0,0.6525117597927224,0.5744568792801985,0.573594625953729,0.5644654120728354,0.007375547281888998,0.1656444446261126
890,36.4,0.0,0.0,0.0,0.5744466430765689,0.5725962666155785,0.5644452572642739,0.007375547281888998,0.1656444446261126
891,35.2,0.0,0.0,0.0,0.5744466430765689,0.5736735501820297,0.5644380525905618,0.007375547281888998,0.1656444446261126
892,34.3,0.10447431170933831,0.0,0.10447431170933831,0.5744466430765689,0.5759401761945324,0.5644311212582674,0.007375547281888998,0.1656444446261126
893,34.0,1.8453777244322545,0.0,1.8453777244322545,0.57444500450435,0.5715777110771378,0.5644181425756237,0.007375547281888998,0.1656444446261126
894,33.9,2.709499991255144,0.0,2.709499991255144,0.5744160415392727,0.5718124859957006,0.5643789274135382,0.007375547281888998,0.1656444446261126
895,34.0,2.9384847203170317,0.0,2.9384847203170317,0.5743735014972847,0.5766475659901906,0.5643243896645768,0.007375547281888998,0.1656444446261126
896,34.0,0.0,0.0,0.0,0.5743273619290652,0.5753339842821887,0.5642723477976618,0.007375547281888998,0.1656444446261126
897,32.7,0.0,0.0,0.0,0.5743273619290652,0.5761753977849652,0.5642616814998717,0.007375547281888998,0.1656444446261126
898,31.8,0.0,0.0,0.0,0.5743273619290652,0.5731838562592615,0.5642499781759044,0.007375547281888998,0.1656444446261126
899,30.8,0.0,0.0,0.0,0.5743273619290652,0.5721446338045514,0.5642397533257257,0.007375547281888998,0.1656444446261126
900,29.8,0.0,0.0,0.0,0.5743273619290652,0.5736866095300317,0.5642256533058962,0.007375547281888998,0.1656444446261126
901,28.7,0.0,0.0,0.0,0.5743273619290652,0.5739823714581251,0.564209261109547,0.007375547281888998,0.1656444446261126
902,26.9,0.0,0.0,0.0,0.5743273619290652,0.5707541437506253,0.5642001177950106,0.007375547281888998,0.1656444446261126
903,26.2,0.0,0.0,0.0,0.5743273619290652,0.5695808251303747,0.5641940154052224,0.007375547281888998,0.1656444446261126
904,24.6,0.0,0.0,0.0,0.5743273619290652,0.5739974198939264,0.5641821622756362,0.007375547281888998,0.1656444446261126
905,23.2,0.0,0.0,0.0,0.5743273619290652,0.5762687716824428,0.5641754433609196,0.007375547281888998,0.1656444446261126
906,22.4,0.0,0.0,0.0,0.5743273619290652,0.5752693608459711,0.5641656740860632,0.007375547281888998,0.1656444446261126
907,21.5,0.0,0.0,0.0,0.5743273619290652,0.5766693172475228,0.564150084584318,0.007375547281888998,0.1656444446261126
908,20.2,0.0,0.0,0.0,0.5743273619290652,0.573020875852697,0.5641397193916733,0.007375547281888998,0.1656444446261126
909,19.5,0.0,0.0,0.0,0.5743273619290652,0.5722708966535779,0.5641345855455658,0.007375547281888998,0.1656444446261126
910,18.7,0.0,0.0,0.0,0.5743273619290652,0.5714208044626522,0.5641240609073404,0.007375547281888998,0.1656444446261126
911,18.1,0.0,0.0,0.0,0.5743273619290652,0.5735875095069162,0.5641133143989157,0.007375547281888998,0.1656444446261126
912,16.9,0.0,0.0,0.0,0.5743273619290652,0.5726052170450255,0.564102827887754,0.007375547281888998,0.1656444446261126
913,15.5,0.0,0.0,0.0,0.5743273619290652,0.5747939944768903,0.564091248291443,0.007375547281888998,0.1656444446261126
914,12.1,0.0,0.0,0.0,0.5743273619290652,0.5776982758185361,0.5640831660666581,0.007375547281888998,0.1656444446261126
915,8.7,0.0,0.0,0.0,0.5743273619290652,0.5754250650012,0.56407232881147,0.007375547281888998,0.1656444446261126
916,7.6,0.0,0.0,0.0,0.5743273619290652,0.5752011784214481,0.564059250438072,0.007375547281888998,0.1656444446261126
917,5.9,0.0,0.0,0.0,0.5743273619290652,0.5752539909769651,0.5640454917252,0.007375547281888998,0.1656444446261126
918,3.7,0.0,0.0,0.0,0.5743273619290652,0.5754420472850237,0.5640360818290184,0.007375547281888998,0.1656444446261126
919,1.8,0.0,0.0,0.0,0.5743273619290652,0.5749230169089786,0.5640281477351499,0.007375547281888998,0.1656444446261126
920,0.0,0.0,0.0,0.0,0.5743273619290652,0.5740348639911486,0.5640171289295683,0.007375547281888998,0.1656444446261126
921,0.0,0.0,0.0,0.0,0.5743273619290652,0.5699281396263286,0.5640063748671001,0.007375547281888998,0.1656444446261126
922,0.0,0.0,0.0,0.0,0.5743273619290652,0.5731559648700327,0.5639967879918438,0.007375547281888998,0.1656444446261126
923,0.0,0.0,0.0,0.0,0.5743273619290652,0.5716056489924316,0.5639852328351994,0.007375547281888998,0.1656444446261126
924,0.0,0.0,0.0,0.0,0.5743273619290652,0.5714874768194778,0.5639706058689747,0.007375547281888998,0.1656444446261126
925,0.0,0.0,0.0,0.0,0.5743273619290652,0.5744087563458299,0.5639568018211955,0.007375547281888998,0.1656444446261126
926,0.0,0.0,0.0,0.0,0.5743273619290652,0.5784103610383947,0.563947485785945,0.007375547281888998,0.1656444446261126
927,0.0,0.0,0.0,0.0,0.5743273619290652,0.5777086328283594,0.5639396903326999,0.007375547281888998,0.1656444446261126
928,0.0,0.0,0.0,0.0,0.5743273619290652,0.5738504463985135,0.5639257998262609,0.007375547281888998,0.1656444446261126
929,0.0,0.0,0.0,0.0,0.5743273619290652,0.5736010859452506,0.563910820755983,0.007375547281888998,0.1656444446261126
930,0.0,0.0,0.0,0.0,0.5743273619290652,0.5746910657403318,0.5638989077181239,0.007375547281888998,0.1656444446261126
931,0.0,0.0,0.0,0.0,0.5743273619290652,0.5762925719518855,0.5638881696868502,0.007375547281888998,0.1656444446261126
932,0.0,0.0,0.0,0.0,0.5743273619290652,0.5709408527161849,0.5638748544404042,0.007375547281888998,0.1656444446261126
933,0.0,0.0,2.542372881355932,-2.542372881355932,0.5743273619290652,0.5694575053887001,0.5638601201619518,0.007445772000990121,0.1656444446261126
934,0.0,0.0,0.0,0.0,0.5743671948651685,0.5753839537433368,0.5638859738030431,0.007445772000990121,0.1656444446261126
935,0.0,0.0,0.0,0.0,0.5743671948651685,0.5737441899887098,0.5638778931542381,0.007445772000990121,0.1656444446261126
936,0.0,0.0,0.0,0.0,0.5743671948651685,0.5736775821025922,0.5638698534449839,0.007445772000990121,0.1656444446261126
937,0.0,0.0,0.0,0.0,0.5743671948651685,0.5759307239993013,0.5638595979846621,0.007445772000990121,0.1656444446261126
938,0.0,0.0,0.0,0.0,0.5743671948651685,0.5780454114353266,0.563844847127034,0.007445772000990121,0.1656444446261126
939,0.0,0.0,0.0,0.0,0.5743671948651685,0.5750401214911832,0.5638352975937745,0.007445772000990121,0.1656444446261126
940,0.0,0.0,5.084745762711864,-5.084745762711864,0.5743671948651685,0.5727332454508252,0.563828862699864,0.0075511090796418065,0.1656444446261126
941,0.0,0.0,0.0,0.0,0.5744467801694575,0.5775700715508514,0.5638946567496166,0.0075511090796418065,0.1656444446261126
942,0.0,0.0,5.084745762711864,-5.084745762711864,0.5744467801694575,0.5740695970921449,0.5638869743853718,0.007656446158293492,0.1656444446261126
943,0.0,0.0,5.084745762711864,-5.084745762711864,0.5745263649394962,0.5749906783998205,0.5639555213936243,0.007761783236945177,0.1656444446261126
944,0.0,0.0,6.610169491525424,-6.610169491525424,0.5746059491752954,0.5756641759079343,0.5640262434169788,0.007886145481843137,0.1656444446261126
945,0.0,0.0,6.610169491525424,-6.610169491525424,0.5747093455587413,0.5749344069177021,0.5641198449097222,0.008010507726741096,0.1656444446261126
946,0.0,0.0,7.11864406779661,-7.11864406779661,0.5748127410415352,0.5748231598135326,0.5642106118251605,0.008140458221790601,0.1656444446261126
947,0.0,0.0,7.627118644067796,-7.627118644067796,0.5749240666799843,0.5745971523127194,0.5643120385355277,0.008275674567944447,0.1656444446261126
948,0.0,0.0,8.135593220338983,-8.135593220338983,0.5750433190802613,0.5740092143679705,0.564420425277358,0.008416519638366983,0.1656444446261126
949,0.0,0.0,6.610169491525424,-6.610169491525424,0.5751704948368774,0.578411732015854,0.5645372088008148,0.008540881883264942,0.1656444446261126
950,0.0,0.0,7.627118644067796,-7.627118644067796,0.5752738863029414,0.5755404578813375,0.5646279310461901,0.00867609822941879,0.1656444446261126
951,0.0,0.0,8.135593220338983,-8.135593220338983,0.5753931351917473,0.5746273942883169,0.564734132839428,0.008816943299841326,0.1656444446261126
952,0.0,0.0,7.627118644067796,-7.627118644067796,0.5755203072051566,0.5760336260836492,0.5648469350621773,0.008952159645995172,0.1656444446261126
953,0.0,0.0,7.627118644067796,-7.627118644067796,0.5756395536205261,0.5767394392454125,0.5649553684279468,0.00908737599214902,0.1656444446261126
954,0.0,0.0,8.135593220338983,-8.135593220338983,0.5757587988390029,0.5734430015121542,0.5650678660801794,0.009228221062571554,0.1656444446261126
955,0.0,0.0,7.627118644067796,-7.627118644067796,0.5758859669398636,0.5753963609254302,0.5651872395282801,0.009363437408725401,0.1656444446261126
956,0.0,0.0,6.610169491525424,-6.610169491525424,0.576005209685132,0.5808680130452528,0.5652905586207722,0.00948779965362336,0.1656444446261126
957,3.0,2.1143744855967075,7.11864406779661,-5.004269582199902,0.5761085938814047,0.5787053496248524,0.5653810593417631,0.009617750148672865,0.1656444446261126
958,9.9,6.540882995370369,7.627118644067796,-1.0862356486974267,0.576186910582844,0.575705104707916,0.5654532678702417,0.009752966494826713,0.1656444446261126
959,12.2,4.066078552659655,8.135593220338983,-4.069514667679328,0.5762039364891602,0.5746182719320111,0.5654613709536467,0.009893811565249247,0.1656444446261126
960,14.0,5.302915828379821,8.135593220338983,-2.8326773919591615,0.5762676473769782,0.5746431812468046,0.5655144377965163,0.010034656635671784,0.1656444446261126
961,17.0,5.143761850327695,7.627118644067796,-2.483356793740101,0.5763120163025489,0.5774805295308758,0.5655531936660048,0.010169872981825631,0.1656444446261126
962,17.6,2.6130090547172675,7.627118644067796,-5.014109589350529,0.5763509189832441,0.5772356129914206,0.565583965077327,0.010305089327979477,0.1656444446261126
963,18.2,4.461504670629477,8.135593220338983,-3.6740885497095057,0.5764293877710496,0.574545163871353,0.565645561413272,0.010445934398402013,0.1656444446261126
964,20.3,6.95109527230986,8.135593220338983,-1.1844979480291231,0.5764869159312459,0.5752006504932553,0.5656990070388093,0.01058677946882455,0.1656444446261126
965,22.4,6.394504220698059,7.11864406779661,-0.7241398470985505,0.5765054808264458,0.580563595160091,0.5657034026016897,0.010716729963874053,0.1656444446261126
966,23.6,3.7154651726870926,7.11864406779661,-3.403178895109517,0.5765168324897256,0.5789163238115984,0.5657070585693985,0.010846680458923558,0.1656444446261126
967,23.7,0.8369123050411503,7.627118644067796,-6.790206339026645,0.5765701241323223,0.5770412614283192,0.5657505316299307,0.010981896805077405,0.1656444446261126
968,23.0,0.0,8.135593220338983,-8.135593220338983,0.5766763115278387,0.5733080332789947,0.5658382625161499,0.01112274187549994,0.1656444446261126
969,22.0,1.7495553650358215,7.627118644067796,-5.877563279031975,0.5768034698125015,0.57672502489,0.5659536048573086,0.011257958221653788,0.1656444446261126
970,23.1,7.4930914542181055,7.627118644067796,-0.1340271898496903,0.5768954163675389,0.5770273742298088,0.5660314242281101,0.011393174567807633,0.1656444446261126
971,25.9,10.769368621037183,8.135593220338983,2.6337754006982,0.5768975178107607,0.5760379828810774,0.5660215588642777,0.01153401963823017,0.1656444446261126
972,28.4,9.291888733729625,7.627118644067796,1.664770089661829,0.5768561766278923,0.5758261202208972,0.5659683589954615,0.011669235984384017,0.1656444446261126
973,29.8,9.391643367779302,7.11864406779661,2.2729992999826925,0.5768300555016348,0.5756753072790871,0.5659294001695099,0.01179918647943352,0.1656444446261126
974,32.1,11.195453537551437,7.11864406779661,4.076809469754827,0.5767943821956991,0.5763856864731853,0.5658815682513689,0.011929136974483025,0.1656444446261126
975,34.0,10.80885509068739,6.610169491525424,4.198685599161966,0.5767303528590466,0.5765239995577022,0.565803299886242,0.012053499219380984,0.1656444446261126
976,35.8,11.657473189452809,6.610169491525424,5.047303697927385,0.5766644057908809,0.5795291328161711,0.5657311667971546,0.012177861464278945,0.1656444446261126
977,37.8,11.393644888888904,7.11864406779661,4.275000821092294,0.5765851024245425,0.5760406871095975,0.5656432682427631,0.012307811959328448,0.1656444446261126
978,39.2,10.346680445663793,6.610169491525424,3.736510954138369,0.5765179538236938,0.5795337155775268,0.5655666631455089,0.012432174204226407,0.1656444446261126
979,40.6,9.196425244322509,0.0,9.196425244322509,0.5764592757428874,0.5846208929550636,0.5655028063819636,0.012432174204226407,0.1656444446261126
980,41.4,6.743487555555544,6.610169491525424,0.13331806403011992,0.5763145376852353,0.5794816177547636,0.5653440237220642,0.012556536449124368,0.1656444446261126
981,41.8,10.585787373266262,6.610169491525424,3.9756178817408383,0.5763124470351253,0.577957560575745,0.565330974444178,0.012680898694022327,0.1656444446261126
982,44.0,22.54509518366101,5.59322033898305,16.95187484467796,0.5762500069606098,0.5782809377220005,0.5652559756962504,0.012792991085326675,0.1656444446261126
983,48.4,24.69045927175735,6.610169491525424,18.08028978023193,0.5759823662268101,0.5770043434422722,0.5649756805056008,0.012917353330224634,0.1656444446261126
984,50.5,13.854912596688797,6.610169491525424,7.244743105163373,0.5756967721165585,0.5758641891578675,0.5646795234465166,0.013041715575122593,0.1656444446261126
985,51.2,11.12142774333182,5.59322033898305,5.52820740434877,0.5755828327212589,0.578303325057318,0.5645550143519958,0.01315380796642694,0.1656444446261126
986,52.4,12.459784810547143,8.135593220338983,4.3241915902081605,0.5754959486456785,0.5696803431170941,0.5644553703966314,0.013294653036849477,0.1656444446261126
987,53.4,11.7254914238683,6.610169491525424,5.1153219323428765,0.5754280197679734,0.5740906753396852,0.5643745084612136,0.013419015281747436,0.1656444446261126
988,54.3,16.51612700565844,6.610169491525424,9.905957514133016,0.5753476370567798,0.57409098748938,0.5642830666076768,0.013543377526645395,0.1656444446261126
989,56.6,20.27548112604785,5.59322033898305,14.6822607870648,0.5751916726394882,0.5770669290487084,0.5641128685439407,0.013655469917949742,0.1656444446261126
990,58.3,17.627560265070105,6.610169491525424,11.017390773544681,0.5749600576981023,0.5766357151082557,0.5638722893738544,0.013779832162847703,0.1656444446261126
991,59.7,18.919888045781907,7.11864406779661,11.801243977985298,0.5747865107642424,0.5722734951592935,0.5636903303753682,0.013909782657897206,0.1656444446261126
992,61.6,18.87563616338972,6.610169491525424,12.265466671864298,0.5746005548747083,0.5759088831810736,0.5634950042559024,0.014034144902795167,0.1656444446261126
993,62.8,11.263481461057788,6.610169491525424,4.653311969532364,0.5744072447341062,0.5761196913468845,0.5632879354346186,0.014158507147693126,0.1656444446261126
994,62.7,8.415320386316917,6.610169491525424,1.8051508947914936,0.5743341292897454,0.5760982143474908,0.5632016947241831,0.014282869392591085,0.1656444446261126
995,63.2,11.774311666514235,6.610169491525424,5.164142174988811,0.574305797868266,0.5758638491173925,0.5631640340849127,0.014407231637489044,0.1656444446261126
996,63.9,9.908706421296273,5.59322033898305,4.315486082313223,0.5742246386577256,0.5764903155850309,0.5630695404034688,0.014519324028793391,0.1656444446261126
997,63.9,6.621669384259247,5.59322033898305,1.0284490452761972,0.5741568394471604,0.5765299261468202,0.5629873275446495,0.014631416420097739,0.1656444446261126
998,63.8,6.602940401768011,5.59322033898305,1.009720062784961,0.5741407029405728,0.5773403751875902,0.5629591036819298,0.014743508811402087,0.1656444446261126
999,63.8,6.6029404017680635,7.11864406779661,-0.5157036660285463,0.5741248603910021,0.5731195465624958,0.5629322236914125,0.014873459306451592,0.1656444446261126
1000,63.7,6.9938443504610595,7.627118644067796,-0.6332742936067364,0.5741329468952998,0.5721048328115548,0.5629296520483879,0.015008675652605438,0.1656444446261126
1001,63.8,1.6801008955951366,7.627118644067796,-5.947017748472659,0.5741428764970835,0.5731660883769744,0.5629303460342687,0.015143891998759285,0.1656444446261126
1002,62.4,0.0,8.135593220338983,-8.135593220338983,0.5742359278821084,0.5731583612417819,0.5630144874746298,0.015284737069181821,0.1656444446261126
1003,61.5,0.0,8.135593220338983,-8.135593220338983,0.5743631122790516,0.574423636745091,0.5631358208012034,0.015425582139604356,0.1656444446261126
1004,60.5,0.0,9.152542372881356,-9.152542372881356,0.5744902953148485,0.5725497452075777,0.5632518893773465,0.01558075455339746,0.1656444446261126
1005,59.8,0.502127867093463,8.135593220338983,-7.633465353245519,0.5746333173245576,0.5760664122401248,0.5633819690379765,0.015721599623819995,0.1656444446261126
1006,59.0,4.231552659655534,9.661016949152541,-5.429464289497007,0.5747526715796363,0.5733740272424618,0.5634946776260119,0.015883715664775627,0.1656444446261126
1007,59.3,7.325092276768006,9.661016949152541,-2.335924672384536,0.5748376379800108,0.5721941361290654,0.5635706694218025,0.016045831705731258,0.1656444446261126
1008,59.3,5.037283634792731,9.661016949152541,-4.623733314359811,0.5748742377870699,0.5735719202906963,0.5635938540209673,0.01620794774668689,0.1656444446261126
1009,59.0,4.231552659655534,10.677966101694915,-6.446413442039381,0.5749466175496976,0.5699018488021658,0.5636558574359318,0.016383533030967824,0.1656444446261126
1010,58.8,0.0,10.169491525423728,-10.169491525423728,0.5750474560925236,0.5705565256668016,0.5637438198175628,0.016552451949886745,0.1656444446261126
1011,56.8,0.0,9.661016949152541,-9.661016949152541,0.5752062983542687,0.5743186488428602,0.5638913844886683,0.016714567990842377,0.1656444446261126
1012,55.9,0.0,10.169491525423728,-10.169491525423728,0.5753572267042886,0.5719769482986299,0.5640274221203663,0.016883486909761294,0.1656444446261126
1013,55.0,0.8579027587258092,9.661016949152541,-8.803114190426733,0.5755160648325754,0.574765781597266,0.5641835366713083,0.017045602950716925,0.1656444446261126
1014,54.6,2.5824841316872527,9.152542372881356,-6.570058241194104,0.5756536335937283,0.5781523398398826,0.5643049929014015,0.017200775364510028,0.1656444446261126
1015,54.2,0.7968012961438627,9.661016949152541,-8.864215653008678,0.57575639511564,0.5753420198402843,0.5643960609249374,0.01736289140546566,0.1656444446261126
1016,53.3,0.0,9.661016949152541,-9.661016949152541,0.5758949125905329,0.5734389914563108,0.5645212252815064,0.01752500744642129,0.1656444446261126
1017,51.3,0.0,9.661016949152541,-9.661016949152541,0.5760458322066613,0.5763236424738574,0.5646597105704976,0.017687123487376923,0.1656444446261126
1018,50.0,0.0,8.135593220338983,-8.135593220338983,0.5761967499087675,0.5824876973821149,0.5647965721339717,0.01782796855779946,0.1656444446261126
1019,47.5,0.0,9.661016949152541,-9.661016949152541,0.5763239133239303,0.5770432357037443,0.5649115343936701,0.01799008459875509,0.1656444446261126
1020,45.0,0.0,10.169491525423728,-10.169491525423728,0.5764748274994286,0.5725474637917366,0.5650514084978133,0.018159003517674008,0.1656444446261126
1021,42.4,0.0,9.661016949152541,-9.661016949152541,0.5766336507166672,0.5743530698120238,0.5652010503626383,0.01832111955862964,0.1656444446261126
1022,40.8,0.3287956707819041,9.661016949152541,-9.332221278370637,0.5767845609642879,0.5763106595264006,0.5653423053002533,0.01848323559958527,0.1656444446261126
1023,41.2,7.233756374638034,8.64406779661017,-1.4103114219721355,0.5769303522772077,0.5792427593020885,0.5654792700018741,0.018631319223278653,0.1656444446261126
1024,42.2,9.61625646761164,9.661016949152541,-0.04476048154090151,0.5769524535823511,0.5776383009158134,0.5654902596207261,0.018793435264234284,0.1656444446261126
1025,43.4,7.423910201493653,9.152542372881356,-1.7286321713877033,0.5769531554138261,0.5775196741203309,0.5654807611597469,0.018948607678027387,0.1656444446261126
1026,43.5,8.843431777263373,9.661016949152541,-0.8175851718891689,0.5769802417142963,0.5751520128831853,0.5654944444094819,0.01911072371898302,0.1656444446261126
1027,45.2,11.002854917543068,9.661016949152541,1.3418379683905268,0.5769930572410967,0.5757128811418935,0.5654979769265298,0.019272839759938647,0.1656444446261126
1028,45.9,9.727616513888897,9.661016949152541,0.06659956473635553,0.5769720060482457,0.5747085871845785,0.5654695531529107,0.01943495580089428,0.1656444446261126
1029,47.1,10.64162079578188,8.135593220338983,2.5060275754428964,0.5769709617416383,0.5782580575636421,0.565458720570952,0.019575800871316815,0.1656444446261126
1030,48.0,5.640238683127566,7.627118644067796,-1.9868799609402297,0.5769316280113862,0.5778016336571318,0.5654075463925637,0.01971101721747066,0.1656444446261126
1031,47.5,5.2527678350289655,8.135593220338983,-2.882825385310017,0.5769627577123054,0.576896040690189,0.5654252013769214,0.019851862287893197,0.1656444446261126
1032,48.3,12.211810164094654,8.135593220338983,4.0762169437556715,0.5770079085678638,0.5767160790845245,0.5654581564967855,0.019992707358315733,0.1656444446261126
1033,50.0,14.013436404511525,8.135593220338983,5.8778431841725425,0.5769438897136914,0.5755596555302818,0.5653822894138648,0.02013355242873827,0.1656444446261126
1034,51.2,13.0967363853071,7.627118644067796,5.469617741239304,0.57685150832805,0.5761719643958273,0.5652855714092186,0.020268768774892115,0.1656444446261126
1035,52.5,13.839527070473217,5.084745762711864,8.754781307761352,0.5767655563713643,0.5787249027348853,0.5651845562632659,0.0203741058535438,0.1656444446261126
1036,53.8,12.182949074226508,0.0,12.182949074226508,0.5766277972308894,0.5801601480462344,0.5650330043520005,0.0203741058535438,0.1656444446261126
1037,54.5,9.580393258935382,0.0,9.580393258935382,0.5764358273004548,0.5781239301118968,0.5648296770393688,0.0203741058535438,0.1656444446261126
1038,55.0,18.186863664075595,5.084745762711864,13.10211790136373,0.5762850225303373,0.5761924723473731,0.5646694768578497,0.020479442932195488,0.1656444446261126
1039,58.1,20.16829655728928,0.0,20.16829655728928,0.5760784861941208,0.5789405741390363,0.5644501189351061,0.020479442932195488,0.1656444446261126
1040,58.8,12.14279727572014,0.0,12.14279727572014,0.5757596414986936,0.5758436972189782,0.5641205504793335,0.020479442932195488,0.1656444446261126
1041,59.7,13.161786193930038,0.0,13.161786193930038,0.5755682931517931,0.5770975202415444,0.5639180895547695,0.020479442932195488,0.1656444446261126
1042,60.6,13.037921251028795,6.610169491525424,6.427751759503371,0.5753607984921433,0.5707292256286681,0.5637034944918312,0.02060380517709345,0.1656444446261126
1043,61.4,16.824818267337335,5.084745762711864,11.74007250462547,0.5752597383467554,0.5710804753047964,0.5635928525043585,0.020709142255745137,0.1656444446261126
1044,63.2,19.089126481329107,0.0,19.089126481329107,0.5750747584121895,0.5735489420021062,0.5633981729592306,0.020709142255745137,0.1656444446261126
1045,64.4,14.583704453894171,0.0,14.583704453894171,0.5747730813263342,0.5778200804599126,0.5630866437856226,0.020709142255745137,0.1656444446261126
1046,65.0,10.17392165828377,0.0,10.17392165828377,0.57454302206932,0.5763406576063774,0.5628445657931511,0.020709142255745137,0.1656444446261126
1047,65.1,9.779675518004133,4.576271186440678,5.203404331563455,0.5743828103728459,0.5724482473509214,0.5626715146323881,0.02080869977786903,0.1656444446261126
1048,65.6,11.586053883249516,0.0,11.586053883249516,0.574301033369872,0.5735722867782878,0.5625757400966713,0.02080869977786903,0.1656444446261126
1049,66.1,15.544291484891794,5.084745762711864,10.459545722179929,0.5741184765968894,0.5715594576559317,0.5623802097664187,0.020914036856520716,0.1656444446261126
1050,67.5,17.739279513888896,0.0,17.739279513888896,0.5739537421414738,0.5751320929528334,0.5622086801964642,0.020914036856520716,0.1656444446261126
1051,68.4,15.42282496296295,4.576271186440678,10.846553776522272,0.5736735246543655,0.5721687000120226,0.5619163060162279,0.021013594378644612,0.1656444446261126
1052,69.2,15.681433463496404,0.0,15.681433463496404,0.5735026617648888,0.575718887241303,0.5617367477464215,0.021013594378644612,0.1656444446261126
1053,70.1,14.172647784998468,0.0,14.172647784998468,0.573255148544634,0.577875125822623,0.5614814273369801,0.021013594378644612,0.1656444446261126
1054,70.5,10.667691422325106,0.0,10.667691422325106,0.5730315819302816,0.5760923898109899,0.5612492513357795,0.021013594378644612,0.1656444446261126
1055,70.6,10.693052541990555,0.0,10.693052541990555,0.5728635395311048,0.5753158739743626,0.5610710106545909,0.021013594378644612,0.1656444446261126
1056,71.0,11.251465554031416,0.0,11.251465554031416,0.5726950934889684,0.5732050168417449,0.560892964929127,0.021013594378644612,0.1656444446261126
1057,71.2,6.725764536503588,5.084745762711864,1.641018773791724,0.5725178083202501,0.570503833541223,0.5607044549849215,0.0211189314572963,0.1656444446261126
1058,70.6,2.5217562456942604,5.084745762711864,-2.562989517017604,0.5724920506345585,0.570699697051588,0.5606655283427149,0.021224268535947985,0.1656444446261126
1059,69.9,6.920755731995847,5.084745762711864,1.8360099692839826,0.5725322124852247,0.5696646090785296,0.5606952140820348,0.02132960561459967,0.1656444446261126
1060,70.3,8.356939970145556,5.084745762711864,3.2721942074336914,0.5725033919780511,0.5711849830049742,0.5606624000572468,0.021434942693251358,0.1656444446261126
1061,69.9,5.122916225823071,0.0,5.122916225823071,0.5724519975431827,0.5738623720183237,0.5605931928017628,0.021434942693251358,0.1656444446261126
1062,69.6,0.0,0.0,0.0,0.57237147487286,0.5722646464583019,0.5605016125213839,0.021434942693251358,0.1656444446261126
1063,67.0,0.0,0.0,0.0,0.57237147487286,0.5735857744374452,0.5604904390050149,0.021434942693251358,0.1656444446261126
1064,65.9,0.0,0.0,0.0,0.57237147487286,0.5752987410240751,0.5604826079295019,0.021434942693251358,0.1656444446261126
1065,64.8,0.5420093333333046,0.0,0.5420093333333046,0.57237147487286,0.5749287017691175,0.5604695096480701,0.021434942693251358,0.1656444446261126
1066,64.3,3.389366475632525,5.084745762711864,-1.6953792870793394,0.5723629710355228,0.5732124117580853,0.5604486767114584,0.021540279771903044,0.1656444446261126
1067,63.9,2.5128730879629924,5.084745762711864,-2.571872674748872,0.5723895469557639,0.5739874022293485,0.5604622724615996,0.02164561685055473,0.1656444446261126
1068,63.2,0.0,5.59322033898305,-5.59322033898305,0.5724298482117735,0.5715886140186076,0.5604924460529173,0.021757709241859078,0.1656444446261126
1069,62.2,0.7093010797134411,5.084745762711864,-4.375444682998423,0.572517388722797,0.5757325373220177,0.5605685925186762,0.021863046320510764,0.1656444446261126
1070,61.7,4.6316832877419545,6.101694915254237,-1.4700116275122825,0.5725859021510941,0.5701891604922436,0.5606294367999611,0.021981467373142344,0.1656444446261126
1071,61.7,5.028416826836565,6.101694915254237,-1.0732780884176716,0.5726089469518576,0.5719536513278177,0.5606409128206101,0.02209988842577392,0.1656444446261126
1072,61.3,0.0,5.59322033898305,-5.59322033898305,0.5726257749391961,0.5729628734998442,0.5606461481922143,0.02221198081707827,0.1656444446261126
1073,59.5,0.0,5.59322033898305,-5.59322033898305,0.5727133140038688,0.5761632783100249,0.5607231961520388,0.022324073208382617,0.1656444446261126
1074,58.5,0.0,6.101694915254237,-6.101694915254237,0.5728008524223348,0.5719266156709855,0.5608040704148894,0.022442494261014197,0.1656444446261126
1075,57.5,0.0,7.627118644067796,-7.627118644067796,0.5728963289563572,0.5687948384225683,0.560888722656579,0.022577710607168042,0.1656444446261126
1076,56.1,0.0,5.59322033898305,-5.59322033898305,0.5730156017150213,0.5754431461722519,0.5609973727885887,0.02268980299847239,0.1656444446261126
1077,54.8,0.0,5.59322033898305,-5.59322033898305,0.5731031379020955,0.5743291219669601,0.5610737398465288,0.022801895389776738,0.1656444446261126
1078,53.6,0.0,6.101694915254237,-6.101694915254237,0.5731906734430267,0.5721033075411349,0.5611536647340298,0.022920316442408318,0.1656444446261126
1079,52.2,0.0,6.101694915254237,-6.101694915254237,0.5732861468398813,0.5721495410106989,0.5612390692319409,0.023038737495039898,0.1656444446261126
1080,51.0,0.0,5.59322033898305,-5.59322033898305,0.5733816194684248,0.5742302878035693,0.5613198706277205,0.023150829886344246,0.1656444446261126
1081,50.1,0.0,5.59322033898305,-5.59322033898305,0.5734691529538243,0.5742367266697088,0.5613993803852225,0.023262922277648593,0.1656444446261126
1082,49.4,1.4269031507392271,5.59322033898305,-4.1663171882438235,0.5735566857931403,0.5763412898252847,0.5614744181641261,0.02337501466895294,0.1656444446261126
1083,49.1,8.349068836095876,7.11864406779661,1.2304247682992662,0.573621924259962,0.5721246121824809,0.5615241551290406,0.023504965164002446,0.1656444446261126
1084,50.6,10.959360604785843,7.627118644067796,3.332241960718047,0.5736026162950504,0.5702668874884073,0.5614959884349935,0.023640181510156292,0.1656444446261126
1085,51.0,4.836569958847735,6.101694915254237,-1.2651249564065017,0.5735502823534039,0.5736025826739253,0.5614331934374001,0.023758602562787872,0.1656444446261126
1086,50.6,1.523918217954591,6.610169491525424,-5.0862512735708325,0.5735701152241366,0.5733948636284283,0.5614391726011423,0.02388296480768583,0.1656444446261126
1087,50.0,0.18884792714526852,6.610169491525424,-6.421321564380156,0.5736497293975823,0.5738839811505279,0.5615085641288193,0.02400732705258379,0.1656444446261126
1088,49.2,0.1457308724279786,5.59322033898305,-5.447489466555072,0.5737501874123784,0.5785310802310963,0.5616002308738977,0.024119419443888138,0.1656444446261126
1089,48.6,2.3021679999999773,6.610169491525424,-4.308001491525447,0.5738354424895896,0.5756979143988052,0.5616788405650731,0.024243781688786097,0.1656444446261126
1090,48.5,3.8518799701836435,6.610169491525424,-2.7582895213417804,0.5739028941497775,0.5744514676204493,0.5617295599857631,0.024368143933684056,0.1656444446261126
1091,48.4,4.15033581496722,7.11864406779661,-2.96830825282939,0.5739461078298741,0.5732677842997479,0.561762190440957,0.024498094428733564,0.1656444446261126
1092,48.4,5.706405773814962,6.101694915254237,-0.3952891414392754,0.5739926077913848,0.5768843645831333,0.5617980803793615,0.02461651548136514,0.1656444446261126
1093,48.8,7.969552061575995,5.59322033898305,2.376331722592945,0.573998806499376,0.5784077699464143,0.5617993120371063,0.02472860787266949,0.1656444446261126
1094,49.5,9.073707754629655,6.610169491525424,2.4635382631042315,0.57396150095601,0.5747587762631461,0.5617548508191638,0.024852970117567447,0.1656444446261126
1095,50.2,6.978483411675053,5.59322033898305,1.3852630726920028,0.5739228249047251,0.5755425824189927,0.5617062560023797,0.024965062508871795,0.1656444446261126
1096,50.2,5.36454308245694,5.59322033898305,-0.22867725652610993,0.573901086410714,0.5754793355959351,0.5616778456315683,0.025077154900176143,0.1656444446261126
1097,50.4,9.609291999999993,6.610169491525424,2.999122508474569,0.5739046726681067,0.5712745443409729,0.5616646976955629,0.0252015171450741,0.1656444446261126
1098,51.7,13.251949419048143,6.101694915254237,7.1502545037939065,0.573857577959733,0.5715467055349618,0.5616059649145014,0.025319938197705682,0.1656444446261126
1099,52.9,12.947426167333488,5.59322033898305,7.3542058283504375,0.5737451112568431,0.5731369252788259,0.5614812040804833,0.02543203058901003,0.1656444446261126
1100,54.0,12.240194444444464,0.0,12.240194444444464,0.5736294260009048,0.5746308194942663,0.5613561896215146,0.02543203058901003,0.1656444446261126
1101,54.9,8.96936007870369,0.0,8.96936007870369,0.5734365001112414,0.5734414878480711,0.5611471405426572,0.02543203058901003,0.1656444446261126
1102,55.0,9.345557079713455,5.59322033898305,3.7523367407304047,0.5732953122303905,0.5704317470476309,0.5609928422230782,0.025544122980314377,0.1656444446261126
1103,56.0,9.939390794086274,0.0,9.939390794086274,0.5732363691161183,0.5734558594217126,0.5609254447654083,0.025544122980314377,0.1656444446261126
1104,56.2,13.9628905996037,0.0,13.9628905996037,0.5730798479901463,0.5740646872840488,0.5607536899838015,0.025544122980314377,0.1656444446261126
1105,58.3,16.87781746671622,0.0,16.87781746671622,0.5728596056140117,0.5733149888287993,0.5605232061021961,0.025544122980314377,0.1656444446261126
1106,59.1,11.466185466563791,0.0,11.466185466563791,0.5725930645700182,0.5742990867982724,0.5602490273019081,0.025544122980314377,0.1656444446261126
1107,59.7,8.555304712448528,5.59322033898305,2.962084373465478,0.5724123788870906,0.5720335572505086,0.5600547795826962,0.025656215371618725,0.1656444446261126
1108,59.7,6.635937428497953,0.0,6.635937428497953,0.572365860577909,0.5728839039925889,0.5599984558350362,0.025656215371618725,0.1656444446261126
1109,59.8,7.807940624295071,0.0,7.807940624295071,0.5722614919058594,0.5723413354258494,0.5598841891622534,0.025656215371618725,0.1656444446261126
1110,60.1,0.0,5.59322033898305,-5.59322033898305,0.5721386312304283,0.5716776913812549,0.5597443848151856,0.025768307762923073,0.1656444446261126
1111,54.4,0.0,5.59322033898305,-5.59322033898305,0.5722261738913329,0.5705372462458882,0.5598218117542902,0.02588040015422742,0.1656444446261126
1112,54.5,6.076020830951834,6.101694915254237,-0.02567408430240281,0.5723137159059513,0.5713049436736338,0.5598961754578766,0.025998821206859,0.1656444446261126
1113,54.6,9.604089069958855,0.0,9.604089069958855,0.5723141186294428,0.5750163099461538,0.5598872708842524,0.025998821206859,0.1656444446261126
1114,55.7,10.941436747961456,5.59322033898305,5.348216408978406,0.5721628862305624,0.5717367858519451,0.5597209840325816,0.026110913598163345,0.1656444446261126
1115,56.1,16.09592794084362,5.59322033898305,10.50270760186057,0.5720788125973676,0.574305223700533,0.5596309841214739,0.026223005989467692,0.1656444446261126
1116,58.6,15.101769112635262,0.0,15.101769112635262,0.5719133666530669,0.5745310432201833,0.5594563288155782,0.026223005989467692,0.1656444446261126
1117,58.5,4.536556134259264,0.0,4.536556134259264,0.5716750263788527,0.5746998649345197,0.5592123499408576,0.026223005989467692,0.1656444446261126
1118,58.2,5.240824576131666,5.59322033898305,-0.3523957628513843,0.571603732245191,0.5742709490760607,0.559133309062555,0.02633509838077204,0.1656444446261126
1119,58.3,5.631675491407548,7.627118644067796,-1.9954431526602479,0.5716092595350833,0.5702573094280995,0.5591276855939256,0.02647031472692589,0.1656444446261126
1120,58.1,6.719222483215234,6.610169491525424,0.10905299168981042,0.5716405373677371,0.5727613250837318,0.5591489829718931,0.026594676971823848,0.1656444446261126
1121,58.5,5.6650283564814705,5.59322033898305,0.07180801749842036,0.5716388265739034,0.5733248221588894,0.5591358669156895,0.026706769363128196,0.1656444446261126
1122,58.0,0.0,8.64406779661017,-8.64406779661017,0.5716377000857144,0.5685847954423793,0.5591181392036545,0.026854852986821578,0.1656444446261126
1123,52.2,0.0,7.627118644067796,-7.627118644067796,0.5717728359349955,0.5709557100130112,0.5592376716846719,0.026990069332975423,0.1656444446261126
1124,49.7,0.0,9.152542372881356,-9.152542372881356,0.5718921199764582,0.5685085004355506,0.55934834123738,0.027145241746768526,0.1656444446261126
1125,48.1,0.0,5.59322033898305,-5.59322033898305,0.5720351732362519,0.5729796542673248,0.5594808087204814,0.027257334138072874,0.1656444446261126
1126,43.5,0.0,0.0,0.0,0.5721227166609504,0.5758119237706064,0.5595575953371811,0.027257334138072874,0.1656444446261126
1127,37.5,0.0,5.59322033898305,-5.59322033898305,0.5721227166609504,0.573250737555983,0.5595505152696535,0.02736942652937722,0.1656444446261126
1128,33.8,0.0,5.59322033898305,-5.59322033898305,0.5722102594393458,0.5733335126230874,0.5596304258076167,0.02748151892068157,0.1656444446261126
1129,29.2,0.0,7.627118644067796,-7.627118644067796,0.5722978015714523,0.5716236790614527,0.5597043932525285,0.027616735266835415,0.1656444446261126
1130,26.3,0.4565049808146623,7.627118644067796,-7.170613663253134,0.5724170803406267,0.572577463168646,0.5598197948379713,0.027751951612989264,0.1656444446261126
1131,28.3,9.621463368636642,5.59322033898305,4.028243029653591,0.5725292390345628,0.5734234288563559,0.5599196292581525,0.02786404400429361,0.1656444446261126
1132,30.4,8.028226720317024,8.135593220338983,-0.1073665000219588,0.5724659507700955,0.5703358155931699,0.5598417971542636,0.028004889074716148,0.1656444446261126
1133,31.2,5.6472601316872435,5.084745762711864,0.5625143689753793,0.5724676348436495,0.5745212624667156,0.5598304806275247,0.028110226153367834,0.1656444446261126
1134,32.0,9.100857186404514,5.084745762711864,4.01611142369265,0.5724588092929755,0.5738385654230652,0.5598154844868063,0.02821556323201952,0.1656444446261126
1135,34.4,11.166876538942219,5.084745762711864,6.082130776230355,0.5723957115587498,0.5726825536567437,0.5597426761409999,0.028320900310671207,0.1656444446261126
1136,35.8,9.585713930193563,5.59322033898305,3.992493591210513,0.572300074564182,0.5713375748602463,0.5596349622673111,0.028432992701975555,0.1656444446261126
1137,37.3,5.712220061023485,4.576271186440678,1.135948874582807,0.5722373476405569,0.5720535105984483,0.5595630011994615,0.028532550224099448,0.1656444446261126
1138,36.9,0.0,7.627118644067796,-7.627118644067796,0.5722195207817411,0.5696880848704856,0.5595370833571426,0.028667766570253297,0.1656444446261126
1139,34.8,0.0,9.152542372881356,-9.152542372881356,0.5723388003370687,0.5688309156944218,0.5596433646533508,0.0288229389840464,0.1656444446261126
1140,33.4,0.0,4.067796610169491,-4.067796610169491,0.5724818482233547,0.5723366556473016,0.5597734505604676,0.028916396927971634,0.1656444446261126
1141,32.0,0.0,6.101694915254237,-6.101694915254237,0.5725455522704956,0.5709046073775942,0.5598308374040774,0.02903481798060321,0.1656444446261126
1142,28.6,0.0,8.135593220338983,-8.135593220338983,0.572641030859212,0.56981190629453,0.5599118879111186,0.029175663051025747,0.1656444446261126
1143,25.1,0.0,3.0508474576271185,-3.0508474576271185,0.5727682323274448,0.5728467205101397,0.5600292682800799,0.029254610419446797,0.1656444446261126
1144,22.5,0.0,4.576271186440678,-4.576271186440678,0.5728160284950605,0.5722283940137793,0.5600637772518365,0.029354167941570693,0.1656444446261126
1145,21.4,0.0,0.0,0.0,0.5728876790781066,0.575904268393558,0.5601259764743123,0.029354167941570693,0.1656444446261126
1146,19.5,0.0,0.0,0.0,0.5728876790781066,0.5760682414866628,0.5601100350863573,0.029354167941570693,0.1656444446261126
1147,16.7,0.0,5.084745762711864,-5.084745762711864,0.5728876790781066,0.5720337533260665,0.5600986869804057,0.02945950502022238,0.1656444446261126
1148,13.5,0.0,3.0508474576271185,-3.0508474576271185,0.5729672743155794,0.573836945476145,0.5601694778967855,0.029538452388643433,0.1656444446261126
1149,13.0,3.165130467916476,0.0,3.165130467916476,0.5730150696793538,0.5764570236057984,0.5602049999321685,0.029538452388643433,0.1656444446261126
1150,16.2,8.959783999999999,7.627118644067796,1.3326653559322033,0.5729653611213794,0.5706379547804562,0.5601423734572705,0.02967366873479728,0.1656444446261126
1151,20.5,13.612088951284102,8.135593220338983,5.476495730945119,0.5729444467679337,0.5699412143641203,0.5601074259159977,0.029814513805219815,0.1656444446261126
1152,25.4,15.944435880506024,5.084745762711864,10.859690117794159,0.5728583578850734,0.5725439236486687,0.5600112925088929,0.0299198508838715,0.1656444446261126
1153,29.1,15.707710518004117,0.0,15.707710518004117,0.5726872752396435,0.5798135519171584,0.5598235552315468,0.0299198508838715,0.1656444446261126
1154,32.6,13.476860769394898,0.0,13.476860769394898,0.572439327278549,0.5744230911550818,0.5595628108175102,0.0299198508838715,0.1656444446261126
1155,34.3,9.588142007182602,0.0,9.588142007182602,0.5722267814547735,0.575021475550828,0.5593376691447112,0.0299198508838715,0.1656444446261126
1156,35.7,13.917813889403298,0.0,13.917813889403298,0.5720758000142944,0.5771592192935442,0.5591764673365254,0.0299198508838715,0.1656444446261126
1157,39.1,21.127970152587235,0.0,21.127970152587235,0.571856253781058,0.5747370899900379,0.5589451709067357,0.0299198508838715,0.1656444446261126
1158,42.8,24.08609528516994,0.0,24.08609528516994,0.5715219848778722,0.5736156755309655,0.5585979411028498,0.0299198508838715,0.1656444446261126
1159,46.5,23.6351060313786,3.559322033898305,20.075783997480297,0.5711404418241961,0.5706433979508875,0.5582029565477835,0.030006484547237835,0.1656444446261126
1160,49.3,21.3900826879096,6.101694915254237,15.288387772655364,0.5708229367244165,0.5683655855967422,0.5578758911750982,0.030124905599869415,0.1656444446261126
1161,51.8,14.282315737844849,0.0,14.282315737844849,0.570581610331915,0.571753594446029,0.5576222328347338,0.030124905599869415,0.1656444446261126
1162,52.1,7.681605408455276,0.0,7.681605408455276,0.5703562521185784,0.5747046224384437,0.5573844919189912,0.030124905599869415,0.1656444446261126
1163,52.6,12.180464229233355,0.0,12.180464229233355,0.570235365886005,0.5732091078362871,0.5572525101198034,0.030124905599869415,0.1656444446261126
1164,54.2,12.646081131534833,2.0338983050847457,10.612182826450088,0.5700433303349309,0.57022054538266,0.557052395960052,0.030185146563724834,0.1656444446261126
1165,54.7,18.772623049020726,0.0,18.772623049020726,0.569876123395224,0.5719843893686576,0.5568721458599073,0.030185146563724834,0.1656444446261126
1166,58.0,24.60197717573539,0.0,24.60197717573539,0.5695793538309052,0.570277690230035,0.5565650817593321,0.030185146563724834,0.1656444446261126
1167,59.7,12.394039280349817,2.0338983050847457,10.360140975265072,0.5691894907705815,0.5688574328993284,0.5561683239038602,0.030245387527580256,0.1656444446261126
1168,59.6,5.4678290409998755,0.0,5.4678290409998755,0.5690262597424082,0.5703453479686263,0.5559915084780105,0.030245387527580256,0.1656444446261126
1169,59.5,3.5384405030673416,0.0,3.5384405030673416,0.5689402787361911,0.5695231973054319,0.5558930256225675,0.030245387527580256,0.1656444446261126
1170,58.9,0.0,3.0508474576271185,-3.0508474576271185,0.5688846797766443,0.567592045491311,0.5558262959320245,0.030324334896001306,0.1656444446261126
1171,57.8,1.4607007035513024,0.0,1.4607007035513024,0.5689324916335924,0.5694527062279824,0.5558610554878053,0.030324334896001306,0.1656444446261126
1172,57.7,1.0803165349604005,3.0508474576271185,-1.970530922666718,0.5689095589266855,0.5678815389311981,0.5558256449507651,0.03040328226442236,0.1656444446261126
1173,56.5,0.6150411117779025,0.0,0.6150411117779025,0.5689404536296969,0.5711043288263583,0.5558514100507762,0.03040328226442236,0.1656444446261126
1174,56.3,3.1339002311575714,3.0508474576271185,0.08305277353045293,0.5689308008749023,0.5676402214881633,0.555831976288915,0.03048222963284341,0.1656444446261126
1175,55.8,3.0739508148148342,3.0508474576271185,0.023103357187715723,0.5689294976798063,0.5676246534993717,0.5558176356523971,0.030561177001264463,0.1656444446261126
1176,55.6,0.905150415790303,0.0,0.905150415790303,0.5689291351697551,0.5699266111941623,0.5558032177635013,0.030561177001264463,0.1656444446261126
1177,54.5,0.0,5.59322033898305,-5.59322033898305,0.5689149276392927,0.5661095340345367,0.5557760003182524,0.03067326939256881,0.1656444446261126
1178,54.0,0.7818611111111162,2.0338983050847457,-1.2520371939736294,0.5690024941059167,0.5686548836491453,0.5558490891626948,0.03073351035642423,0.1656444446261126
1179,53.2,2.775895441853352,0.0,2.775895441853352,0.5690221294627513,0.5692243395391318,0.5558586391782495,0.03073351035642423,0.1656444446261126
1180,53.3,5.5287119921315,0.0,5.5287119921315,0.5689785258706506,0.570004615208948,0.5558088584617957,0.03073351035642423,0.1656444446261126
1181,53.3,4.500548411884644,5.084745762711864,-0.5841973508272202,0.5688915850085219,0.5661769562200365,0.5557136658538564,0.030838847435075915,0.1656444446261126
1182,53.1,2.0820108472222447,0.0,2.0820108472222447,0.5689007493398116,0.5705851587640892,0.5557159478495522,0.030838847435075915,0.1656444446261126
1183,52.4,2.0148259628105474,0.0,2.0148259628105474,0.5688680539825162,0.5729240596615135,0.555673889335017,0.030838847435075915,0.1656444446261126
1184,52.2,0.9889773333333473,5.084745762711864,-4.095768429378517,0.5688364144413022,0.5662231596172413,0.5556326270200893,0.0309441845137276,0.1656444446261126
1185,51.2,0.0,0.0,0.0,0.5689005755791074,0.5708603123533588,0.5556887785035611,0.0309441845137276,0.1656444446261126
1186,48.8,0.0,0.0,0.0,0.5689005755791074,0.5682582984965283,0.5556781004429443,0.0309441845137276,0.1656444446261126
1187,46.2,0.0,0.0,0.0,0.5689005755791074,0.5698430092124072,0.5556665448367614,0.0309441845137276,0.1656444446261126
1188,44.7,0.0,0.0,0.0,0.5689005755791074,0.5725048197333722,0.5556523298400505,0.0309441845137276,0.1656444446261126
1189,43.2,0.0,3.559322033898305,-3.559322033898305,0.5689005755791074,0.5669957768074941,0.5556422180862889,0.03103081817709394,0.1656444446261126
1190,40.5,0.0,0.0,0.0,0.5689563447373328,0.5689124103110583,0.5556880246477396,0.03103081817709394,0.1656444446261126
1191,37.9,0.0,4.576271186440678,-4.576271186440678,0.5689563447373328,0.5667507745426268,0.5556795906447568,0.03113037569921783,0.1656444446261126
1192,35.4,0.0,2.0338983050847457,-2.0338983050847457,0.5690280186670982,0.5681715398940561,0.5557391984970734,0.031190616663073253,0.1656444446261126
1193,34.0,0.0,4.067796610169491,-4.067796610169491,0.5690599057435364,0.5670309153075098,0.5557598833596354,0.03128407460699849,0.1656444446261126
1194,33.4,0.0,5.084745762711864,-5.084745762711864,0.5691236282011628,0.5663259551104798,0.5558131347081348,0.031389411685650175,0.1656444446261126
1195,31.6,0.0,0.0,0.0,0.5692032487209072,0.5706340341349202,0.5558791713434038,0.031389411685650175,0.1656444446261126
1196,31.5,4.897460069444436,4.067796610169491,0.8296634592749443,0.5692032487209072,0.5675245190014743,0.55587318853191,0.03148286962957541,0.1656444446261126
1197,32.8,5.971353957628411,4.576271186440678,1.3950827711877327,0.5691902267529791,0.5671834012095984,0.5558532124785794,0.0315824271516993,0.1656444446261126
1198,33.1,5.819855546963111,7.11864406779661,-1.298788520833499,0.5691683252873923,0.5652345421531044,0.5558204316740197,0.03171237764674881,0.1656444446261126
1199,34.3,7.1620874804336205,6.610169491525424,0.5519179889081967,0.5691886931674011,0.565641193160394,0.5558322491646205,0.031836739891646766,0.1656444446261126
1200,35.1,3.5123394583333383,2.0338983050847457,1.4784411532485926,0.5691800314981318,0.568227490486019,0.5558119006416584,0.03189698085550219,0.1656444446261126
1201,34.6,0.0,0.0,0.0,0.5691568205926134,0.5692753378553052,0.555779583451566,0.03189698085550219,0.1656444446261126
1202,30.7,0.0,2.0338983050847457,-2.0338983050847457,0.5691568205926134,0.5685696955720976,0.5557699908962453,0.03195722181935761,0.1656444446261126
1203,25.9,0.0,0.0,0.0,0.5691887073216274,0.5720434236850133,0.5557861180361197,0.03195722181935761,0.1656444446261126
1204,21.3,0.0,0.0,0.0,0.5691887073216274,0.5719800429011318,0.5557786168728889,0.03195722181935761,0.1656444446261126
1205,17.4,0.0,3.559322033898305,-3.559322033898305,0.5691887073216274,0.567434365557232,0.5557652518824597,0.03204385548272395,0.1656444446261126
1206,14.0,0.0,0.0,0.0,0.5692444751222245,0.5721688516052457,0.555807634189602,0.03204385548272395,0.1656444446261126
1207,12.7,0.0,2.542372881355932,-2.542372881355932,0.5692444751222245,0.5680613560259904,0.5557996412585082,0.032114080201825074,0.1656444446261126
1208,11.6,0.0,0.0,0.0,0.5692843251780676,0.5695022214766208,0.5558255533658323,0.032114080201825074,0.1656444446261126
1209,10.4,0.0,0.0,0.0,0.5692843251780676,0.570127719546737,0.5558129103761789,0.032114080201825074,0.1656444446261126
1210,9.5,0.0,6.101694915254237,-6.101694915254237,0.5692843251780676,0.5665113828842419,0.5558007139986207,0.03223250125445666,0.1656444446261126
1211,9.2,0.2206517076665148,0.0,0.2206517076665148,0.5693798300213921,0.5711145968576034,0.5558821985149824,0.03223250125445666,0.1656444446261126
1212,8.8,0.49332932114007055,2.0338983050847457,-1.540568983944675,0.5693763676798845,0.5698204910918584,0.555868262258875,0.032292742218312076,0.1656444446261126
1213,9.0,0.6784814814814811,0.0,0.6784814814814811,0.5694005244620783,0.5706973596619038,0.5558855610063537,0.032292742218312076,0.1656444446261126
1214,8.9,0.6707792026939489,2.0338983050847457,-1.363119102390797,0.5693898761888881,0.5696579808911919,0.5558622125736031,0.0323529831821675,0.1656444446261126
1215,9.1,0.5691625565653103,4.067796610169491,-3.498634053604181,0.5694112519664749,0.5687121848605952,0.5558693540363014,0.032446441126092726,0.1656444446261126
1216,8.8,0.549913683279988,6.610169491525424,-6.060255808245436,0.569466069192414,0.566872958011173,0.5559114918013353,0.03257080337099069,0.1656444446261126
1217,9.0,0.6784814814814811,5.084745762711864,-4.406264281230383,0.5695609255259612,0.5682797299667572,0.5559953024464126,0.03267614044964238,0.1656444446261126
1218,8.9,0.49909710392851736,5.084745762711864,-4.585648658783347,0.5696299379254325,0.5683316285934719,0.5560525778794339,0.032781477528294065,0.1656444446261126
1219,8.8,0.6064980454199055,0.0,0.6064980454199055,0.5697017543749008,0.5711309008192463,0.5561136484194457,0.032781477528294065,0.1656444446261126
1220,8.9,0.8424613014593803,7.627118644067796,-6.784657342608416,0.5696922363458613,0.5664697518866381,0.5560942325132874,0.03291669387444791,0.1656444446261126
1221,9.2,0.7530591150739211,0.0,0.7530591150739211,0.5697983986926131,0.5718687096008203,0.5561844237936386,0.03291669387444791,0.1656444446261126
1222,9.1,0.0,0.0,0.0,0.5697865800245577,0.5720195702472217,0.5561650836330697,0.03291669387444791,0.1656444446261126
1223,7.8,0.3356308971193414,2.0338983050847457,-1.6982674079654043,0.5697865800245577,0.5710870070160099,0.5561553696740991,0.03297693483830333,0.1656444446261126
1224,8.7,1.382628688786008,3.559322033898305,-2.176693345112297,0.5698132069899837,0.569663222051138,0.5561700682391667,0.033063568501669666,0.1656444446261126
1225,9.2,0.9896846294772144,6.101694915254237,-5.112010285777023,0.5698473285756175,0.5681946771986999,0.5561952558405383,0.033181989554301246,0.1656444446261126
1226,9.3,0.8212206013374489,7.11864406779661,-6.297423466459161,0.569927370269182,0.5674485716456111,0.5562667314005347,0.03331194004935075,0.1656444446261126
1227,9.5,0.47273572292714483,7.11864406779661,-6.645908344869465,0.570025925711401,0.5675398398529669,0.5563543623380037,0.033441890544400256,0.1656444446261126
1228,9.0,0.4469999999999996,0.0,0.4469999999999996,0.5701299197787522,0.5726757355352756,0.5564453507051723,0.033441890544400256,0.1656444446261126
1229,9.2,0.9305282508763906,0.0,0.9305282508763906,0.5701229055206529,0.5714713152609182,0.5564288365949657,0.033441890544400256,0.1656444446261126
1230,9.5,0.7170772867131542,0.0,0.7170772867131542,0.5701083009818859,0.5716171429397079,0.5564017329308923,0.033441890544400256,0.1656444446261126
1231,9.3,0.4026249223251028,0.0,0.4026249223251028,0.5700970474774713,0.5722733949098054,0.5563791573285112,0.033441890544400256,0.1656444446261126
1232,9.1,0.3936224331085199,6.610169491525424,-6.216547058416904,0.570090729640799,0.5679435220527965,0.5563603888003036,0.033566252789298215,0.1656444446261126
1233,8.9,0.7280065689490935,2.0338983050847457,-1.3058917361356521,0.5701880211319648,0.5714724536543978,0.5564441548579572,0.03362649375315364,0.1656444446261126
1234,9.3,0.9408193667695471,4.576271186440678,-3.635451819671131,0.5702084985808511,0.5706815264149021,0.5564556414349107,0.03372605127527754,0.1656444446261126
1235,9.4,0.6489042786160646,5.084745762711864,-4.4358414840958,0.5702654525613818,0.5698920261734081,0.5564995861682391,0.03383138835392922,0.1656444446261126
1236,9.3,0.8212206013374479,0.0,0.8212206013374479,0.5703349232616403,0.5755721272410337,0.5565549652628093,0.03383138835392922,0.1656444446261126
1237,9.7,1.1691559451112625,6.101694915254237,-4.932538970142975,0.5703220350884612,0.5688131852906481,0.5565331492730543,0.0339498094065608,0.1656444446261126
1238,10.1,1.0883031690862681,4.067796610169491,-2.979493441083223,0.5703992690966189,0.5715192681482237,0.5565984282295574,0.03404326735048603,0.1656444446261126
1239,10.3,2.3024149015584516,0.0,2.3024149015584516,0.5704459580640246,0.5740859630876809,0.5566346473813351,0.03404326735048603,0.1656444446261126
1240,12.5,5.131521431089011,0.0,5.131521431089011,0.5704098030941682,0.5731595385784305,0.5565910996498112,0.03404326735048603,0.1656444446261126
1241,15.6,5.916550263374485,0.0,5.916550263374485,0.570329130875402,0.5751770047208885,0.5565009992666582,0.03404326735048603,0.1656444446261126
1242,17.3,4.235204769909313,4.576271186440678,-0.3410664165313655,0.5702360873315165,0.5700628067770698,0.5563913098467916,0.03414282487260993,0.1656444446261126
1243,18.3,6.369420400720165,0.0,6.369420400720165,0.5702414375656494,0.5721463666322341,0.5563870755174132,0.03414282487260993,0.1656444446261126
1244,21.6,10.18609911111111,2.542372881355932,7.643726229755178,0.5701412532240347,0.5707008621274677,0.5562768554276035,0.03421304959171106,0.1656444446261126
1245,24.5,9.539344304888733,9.152542372881356,0.38680193200737634,0.570020962729241,0.5658850752493642,0.5561453832983082,0.034368222005504157,0.1656444446261126
1246,26.5,6.597109441681907,7.627118644067796,-1.0300092023858891,0.5700148931800738,0.567139994670592,0.5561282410762136,0.034503438351658006,0.1656444446261126
1247,27.2,3.8086212138393525,0.0,3.8086212138393525,0.570031046576683,0.5724163739837458,0.5561346531473295,0.034503438351658006,0.1656444446261126
1248,27.5,2.4406531611987488,0.0,2.4406531611987488,0.5699712013803214,0.572618439504004,0.5560671871367853,0.034503438351658006,0.1656444446261126
1249,27.4,0.4922189288218313,2.0338983050847457,-1.5416793762629144,0.5699328719828962,0.5701469382051841,0.5560185215252776,0.03456367931551343,0.1656444446261126
1250,26.6,0.0,0.0,0.0,0.5699570450274587,0.5707812126052788,0.55602938798124,0.03456367931551343,0.1656444446261126
1251,22.9,0.0,0.0,0.0,0.5699570450274587,0.5724261024587519,0.5560166918340255,0.03456367931551343,0.1656444446261126
1252,18.7,0.0,4.576271186440678,-4.576271186440678,0.5699570450274587,0.5693285148851527,0.5560065010239787,0.03466323683763732,0.1656444446261126
1253,15.6,0.0,6.610169491525424,-6.610169491525424,0.5700287129026614,0.567891901590196,0.5560700720950885,0.03478759908253528,0.1656444446261126
1254,15.1,3.6855709893499466,0.0,3.6855709893499466,0.5701321491726012,0.5722312116206376,0.5561542053249581,0.03478759908253528,0.1656444446261126
1255,18.3,8.487475956275718,6.610169491525424,1.8773064647502942,0.5700742408269431,0.567745834441132,0.5560889388525394,0.03491196132743324,0.1656444446261126
1256,21.2,8.903205589696693,0.0,8.903205589696693,0.5700447654417514,0.5705819589491348,0.5560470138393985,0.03491196132743324,0.1656444446261126
1257,23.7,7.542159218621403,2.542372881355932,4.999786337265471,0.5699045820828642,0.5695822864676596,0.5558941946920798,0.034982186046534365,0.1656444446261126
1258,25.0,8.454370522786164,0.0,8.454370522786164,0.5698259816365758,0.5705252840713643,0.5558048316187358,0.034982186046534365,0.1656444446261126
1259,27.8,12.661057768023156,9.661016949152541,3.0000408188706142,0.5696928868954135,0.5649242882454768,0.5556603871747783,0.03514430208749,0.1656444446261126
1260,30.9,14.130643700102887,7.627118644067796,6.503525056035091,0.5696457608989028,0.5662308578507547,0.5556027883994636,0.035279518433643846,0.1656444446261126
1261,33.7,14.173532433451465,0.0,14.173532433451465,0.5695434565283292,0.5753659043806829,0.555488886219393,0.035279518433643846,0.1656444446261126
1262,36.2,10.634592901082131,0.0,10.634592901082131,0.569319804760254,0.5705797983678913,0.5552531025578026,0.035279518433643846,0.1656444446261126
1263,37.0,6.371542676421279,0.0,6.371542676421279,0.5691522328477037,0.5707623531500466,0.5550718589744134,0.035279518433643846,0.1656444446261126
1264,37.6,7.7009952306050975,0.0,7.7009952306050975,0.5690520057433749,0.5710102229086648,0.5549593538298333,0.035279518433643846,0.1656444446261126
1265,38.9,9.00749420612329,4.576271186440678,4.431223019682612,0.5689307999497907,0.5670367935013818,0.5548213243041246,0.03537907595576774,0.1656444446261126
1266,39.9,5.679515351337448,5.59322033898305,0.08629501235439818,0.5688611478669354,0.5661918279243258,0.5547392454655005,0.03549116834707209,0.1656444446261126
1267,39.8,0.0,5.59322033898305,-5.59322033898305,0.5688597937875794,0.5659177996765363,0.5547252371843491,0.03560326073837644,0.1656444446261126
1268,38.5,0.0,2.542372881355932,-2.542372881355932,0.5689473606614566,0.567285871061499,0.5548028522993751,0.03567348545747757,0.1656444446261126
1269,35.4,0.0,0.0,0.0,0.5689872117184696,0.5705346859870299,0.5548288816432788,0.03567348545747757,0.1656444446261126
1270,33.5,0.0,0.0,0.0,0.5689872117184696,0.5695961414555569,0.5548212308582134,0.03567348545747757,0.1656444446261126
1271,31.8,0.0,5.084745762711864,-5.084745762711864,0.5689872117184696,0.5662970900029201,0.5548120908022545,0.035778822536129254,0.1656444446261126
1272,28.8,0.0,2.0338983050847457,-2.0338983050847457,0.5690668331547933,0.567459041755756,0.5548812039526072,0.035839063499984676,0.1656444446261126
1273,28.4,0.0,0.0,0.0,0.5690987201265344,0.5695568556232308,0.5548952389341084,0.035839063499984676,0.1656444446261126
1274,26.0,0.0,0.0,0.0,0.5690987201265344,0.5679485092586743,0.5548879545382772,0.035839063499984676,0.1656444446261126
1275,23.3,0.0,0.0,0.0,0.5690987201265344,0.5735098895901614,0.5548740062513454,0.035839063499984676,0.1656444446261126
1276,19.9,0.0,5.084745762711864,-5.084745762711864,0.5690987201265344,0.566181460369657,0.554867300649435,0.03594440057863636,0.1656444446261126
1277,17.6,0.0,0.0,0.0,0.569178340813634,0.5690940825452789,0.5549306130999364,0.03594440057863636,0.1656444446261126
1278,16.0,0.0,0.0,0.0,0.569178340813634,0.5703719344311534,0.5549219139130805,0.03594440057863636,0.1656444446261126
1279,15.0,2.117489711934156,0.0,2.117489711934156,0.569178340813634,0.5695594921598287,0.5549181243234667,0.03594440057863636,0.1656444446261126
1280,17.1,5.504479180555552,0.0,5.504479180555552,0.5691450886171662,0.5713976901637347,0.5548728504015187,0.03594440057863636,0.1656444446261126
1281,18.9,5.974946930555554,0.0,5.974946930555554,0.5690585308932928,0.5700182964707639,0.5547779979441795,0.03594440057863636,0.1656444446261126
1282,20.9,7.0274639694977905,0.0,7.0274639694977905,0.5689645566366472,0.5699116843363945,0.5546754832003841,0.03594440057863636,0.1656444446261126
1283,23.0,6.2764374333180895,0.0,6.2764374333180895,0.5688539806843106,0.5682910275473135,0.554556283210054,0.03594440057863636,0.1656444446261126
1284,24.0,3.3201687242798346,0.0,3.3201687242798346,0.5687552508922014,0.5701329230141865,0.5544492084607081,0.03594440057863636,0.1656444446261126
1285,24.0,0.3880699588477415,0.0,0.3880699588477415,0.5687030853429415,0.56863042871395,0.5543835472139019,0.03594440057863636,0.1656444446261126
1286,23.1,0.9575976270576158,5.084745762711864,-4.127148135654249,0.5686969952131072,0.5653617243691551,0.5543662397563038,0.03604973765728805,0.1656444446261126
1287,23.5,0.0,0.0,0.0,0.5687616478771368,0.5675524303332526,0.5544206137443556,0.03604973765728805,0.1656444446261126
1288,20.6,0.0,4.576271186440678,-4.576271186440678,0.5687616478771368,0.5658331321403672,0.5544022226524361,0.03614929517941194,0.1656444446261126
1289,17.0,0.0,0.0,0.0,0.5688333229850002,0.570140189053071,0.5544587194901919,0.03614929517941194,0.1656444446261126
1290,11.9,0.0,0.0,0.0,0.5688333229850002,0.573261966518983,0.5544468288335127,0.03614929517941194,0.1656444446261126
1291,6.9,0.0,0.0,0.0,0.5688333229850002,0.5711095422014042,0.5544346840960888,0.03614929517941194,0.1656444446261126
1292,3.8,0.0,0.0,0.0,0.5688333229850002,0.5723427625036109,0.5544237205423471,0.03614929517941194,0.1656444446261126
1293,0.0,0.0,0.0,0.0,0.5688333229850002,0.5684993413270883,0.5544095636833644,0.03614929517941194,0.1656444446261126
1294,0.0,0.0,0.0,0.0,0.5688333229850002,0.5682619183286276,0.5544021171477937,0.03614929517941194,0.1656444446261126
1295,0.0,0.0,0.0,0.0,0.5688333229850002,0.5685059031582236,0.5543932283660282,0.03614929517941194,0.1656444446261126
1296,0.0,0.0,0.0,0.0,0.5688333229850002,0.5676800821841076,0.5543786799267653,0.03614929517941194,0.1656444446261126
1297,0.0,0.0,0.0,0.0,0.5688333229850002,0.5686006234577442,0.5543676877694911,0.03614929517941194,0.1656444446261126
1298,0.0,0.0,8.135593220338983,-8.135593220338983,0.5688333229850002,0.5636171206021217,0.5543542199059294,0.03629014024983448,0.1656444446261126
1299,0.0,0.0,0.0,0.0,0.5689605652282501,0.5677163813783377,0.5544720363166648,0.03629014024983448,0.1656444446261126
1300,0.0,0.0,0.0,0.0,0.5689605652282501,0.5674404853464297,0.5544575916528969,0.03629014024983448,0.1656444446261126
1301,0.0,0.0,0.0,0.0,0.5689605652282501,0.5698989867455398,0.5544516931881914,0.03629014024983448,0.1656444446261126
1302,0.0,0.0,2.0338983050847457,-2.0338983050847457,0.5689605652282501,0.5665312352917461,0.5544423469726049,0.0363503812136899,0.1656444446261126
1303,0.0,0.0,0.0,0.0,0.568992452486637,0.567783127950192,0.5544648574126297,0.0363503812136899,0.1656444446261126
1304,0.0,0.0,8.64406779661017,-8.64406779661017,0.568992452486637,0.5635655060839968,0.554455426147809,0.03649846483738328,0.1656444446261126
1305,0.0,0.0,0.0,0.0,0.5691276184171482,0.5702431203666071,0.5545769891166622,0.03649846483738328,0.1656444446261126
1306,0.0,0.0,0.0,0.0,0.5691276184171482,0.5668716324492485,0.5545640682222418,0.03649846483738328,0.1656444446261126
1307,0.0,0.0,0.0,0.0,0.5691276184171482,0.5684013293625343,0.5545535168098361,0.03649846483738328,0.1656444446261126
1308,0.0,0.0,0.0,0.0,0.5691276184171482,0.5704242417253794,0.5545407423809762,0.03649846483738328,0.1656444446261126
1309,0.0,0.0,0.0,0.0,0.5691276184171482,0.5697192634517484,0.5545316706415283,0.03649846483738328,0.1656444446261126
1310,0.0,0.0,0.0,0.0,0.5691276184171482,0.5726390887095425,0.5545192893070711,0.03649846483738328,0.1656444446261126
1311,0.0,0.0,0.0,0.0,0.5691276184171482,0.5720303042147354,0.5545062212333494,0.03649846483738328,0.1656444446261126
1312,0.0,0.0,0.0,0.0,0.5691276184171482,0.5732610042891936,0.554494877270494,0.03649846483738328,0.1656444446261126
1313,0.0,0.0,0.0,0.0,0.5691276184171482,0.5684516508397226,0.5544826279293941,0.03649846483738328,0.1656444446261126
1314,0.0,0.0,0.0,0.0,0.5691276184171482,0.5705069482296274,0.5544676185683659,0.03649846483738328,0.1656444446261126
1315,0.0,0.0,0.0,0.0,0.5691276184171482,0.5684607674871769,0.5544577381350912,0.03649846483738328,0.1656444446261126
1316,0.0,0.0,0.0,0.0,0.5691276184171482,0.569973941541647,0.5544458032030214,0.03649846483738328,0.1656444446261126
1317,0.0,0.0,0.0,0.0,0.5691276184171482,0.5701015906319958,0.5544341440578391,0.03649846483738328,0.1656444446261126
1318,0.0,0.0,0.0,0.0,0.5691276184171482,0.5718791037142698,0.5544183108429097,0.03649846483738328,0.1656444446261126
1319,0.0,0.0,0.0,0.0,0.5691276184171482,0.5721404491262905,0.5544066701884895,0.03649846483738328,0.1656444446261126
1320,0.0,0.0,0.0,0.0,0.5691276184171482,0.5709807494288053,0.5543984271993326,0.03649846483738328,0.1656444446261126
1321,0.0,0.0,0.0,0.0,0.5691276184171482,0.5692054756373147,0.55438229023725,0.03649846483738328,0.1656444446261126
1322,0.0,0.0,0.0,0.0,0.5691276184171482,0.5676578906292171,0.5543735336648296,0.03649846483738328,0.1656444446261126
1323,0.0,0.0,0.0,0.0,0.5691276184171482,0.566868936427017,0.5543654493121555,0.03649846483738328,0.1656444446261126
1324,0.0,0.0,5.59322033898305,-5.59322033898305,0.5691276184171482,0.56520082339534,0.5543553673902071,0.03661055722868763,0.1656444446261126
1325,0.0,0.0,0.0,0.0,0.5692151833127407,0.5699827694383132,0.5544317777904274,0.03661055722868763,0.1656444446261126
1326,0.0,0.0,0.0,0.0,0.5692151833127407,0.5729282097258924,0.5544231882242612,0.03661055722868763,0.1656444446261126
1327,0.0,0.0,0.0,0.0,0.5692151833127407,0.572733696158414,0.5544106582462375,0.03661055722868763,0.1656444446261126
1328,0.0,0.0,0.0,0.0,0.5692151833127407,0.5722710026370348,0.5544013744533315,0.03661055722868763,0.1656444446261126
1329,0.0,0.0,0.0,0.0,0.5692151833127407,0.5722078620978747,0.5543932964919437,0.03661055722868763,0.1656444446261126
1330,0.0,0.0,0.0,0.0,0.5692151833127407,0.5714161868823715,0.5543817080493332,0.03661055722868763,0.1656444446261126
1331,0.0,0.0,0.0,0.0,0.5692151833127407,0.567856380384541,0.5543738624787933,0.03661055722868763,0.1656444446261126
1332,0.0,0.0,0.0,0.0,0.5692151833127407,0.5666157018923745,0.5543610924004092,0.03661055722868763,0.1656444446261126
1333,0.0,0.0,5.084745762711864,-5.084745762711864,0.5692151833127407,0.5652685911666815,0.5543486946051533,0.03671589430733932,0.1656444446261126
1334,0.0,0.0,5.59322033898305,-5.59322033898305,0.56929480321734,0.5651783232970213,0.554414847359162,0.03682798669864367,0.1656444446261126
1335,0.0,0.0,0.0,0.0,0.5693823668780684,0.5694572241291863,0.5544897657422857,0.03682798669864367,0.1656444446261126
1336,0.0,0.0,0.0,0.0,0.5693823668780684,0.5707341553133652,0.554480590108448,0.03682798669864367,0.1656444446261126
1337,0.0,0.0,0.0,0.0,0.5693823668780684,0.5685705195551988,0.5544687555466054,0.03682798669864367,0.1656444446261126
1338,0.0,0.0,6.610169491525424,-6.610169491525424,0.5693823668780684,0.564636162008623,0.5544604459762833,0.03695234894354163,0.1656444446261126
1339,0.0,0.0,7.627118644067796,-7.627118644067796,0.5694858087828052,0.5643424841743131,0.5545518055197776,0.03708756528969548,0.1656444446261126
1340,0.0,0.0,0.0,0.0,0.5696051157985591,0.5673028617171305,0.5546597365794219,0.03708756528969548,0.1656444446261126
1341,0.0,0.0,0.0,0.0,0.5696051157985591,0.5681876334357399,0.5546467389606012,0.03708756528969548,0.1656444446261126
1342,0.0,0.0,0.0,0.0,0.5696051157985591,0.5708309131174414,0.55463654298223,0.03708756528969548,0.1656444446261126
1343,0.0,0.0,0.0,0.0,0.5696051157985591,0.5707091558193802,0.5546245011543715,0.03708756528969548,0.1656444446261126
1344,0.0,0.0,3.559322033898305,-3.559322033898305,0.5696051157985591,0.5664356710460103,0.5546120865221775,0.03717419895306181,0.1656444446261126
1345,0.0,0.0,0.0,0.0,0.5696608816372263,0.5700245106224818,0.5546546390589558,0.03717419895306181,0.1656444446261126
1346,0.0,0.0,0.0,0.0,0.5696608816372263,0.5692141639146939,0.5546463520676463,0.03717419895306181,0.1656444446261126
1347,0.0,0.0,0.0,0.0,0.5696608816372263,0.5692096096762884,0.5546353501434453,0.03717419895306181,0.1656444446261126
1348,0.0,0.0,0.0,0.0,0.5696608816372263,0.5727891971577478,0.5546233116435382,0.03717419895306181,0.1656444446261126
1349,0.0,0.0,2.542372881355932,-2.542372881355932,0.5696608816372263,0.5676370790812159,0.5546091956248502,0.037244423672162935,0.1656444446261126
1350,0.0,0.0,0.0,0.0,0.5697007302900121,0.5720736201347365,0.5546362051943297,0.037244423672162935,0.1656444446261126
1351,0.0,0.0,0.0,0.0,0.5697007302900121,0.572936879471286,0.5546240196151055,0.037244423672162935,0.1656444446261126
1352,0.0,0.0,0.0,0.0,0.5697007302900121,0.5730525467284376,0.5546073188638675,0.037244423672162935,0.1656444446261126
1353,0.0,0.0,0.0,0.0,0.5697007302900121,0.5731392834889013,0.5545955152288796,0.037244423672162935,0.1656444446261126
1354,0.0,0.0,0.0,0.0,0.5697007302900121,0.5708310081780266,0.5545840016515655,0.037244423672162935,0.1656444446261126
1355,0.0,0.0,0.0,0.0,0.5697007302900121,0.5736280358625337,0.5545738666911092,0.037244423672162935,0.1656444446261126
1356,0.0,0.0,0.0,0.0,0.5697007302900121,0.5744353107062289,0.554565028992959,0.037244423672162935,0.1656444446261126
1357,0.0,0.0,3.0508474576271185,-3.0508474576271185,0.5697007302900121,0.5679823965617343,0.554552529370393,0.037323371040583996,0.1656444446261126
1358,0.0,0.0,8.135593220338983,-8.135593220338983,0.5697485388493087,0.5643695672540097,0.5545882055705423,0.03746421611100653,0.1656444446261126
1359,0.0,0.0,0.0,0.0,0.5698757712895482,0.5701208431932113,0.5547025893774018,0.03746421611100653,0.1656444446261126
1360,0.0,0.0,0.0,0.0,0.5698757712895482,0.570232288829817,0.5546931236995009,0.03746421611100653,0.1656444446261126
1361,0.0,0.0,2.542372881355932,-2.542372881355932,0.5698757712895482,0.5688257653661427,0.554676584373296,0.03753444083010766,0.1656444446261126
1362,0.0,0.0,0.0,0.0,0.5699156192183146,0.5729449246563777,0.5547082626009153,0.03753444083010766,0.1656444446261126
1363,0.0,0.0,0.0,0.0,0.5699156192183146,0.570869649150238,0.5546916998587194,0.03753444083010766,0.1656444446261126
1364,0.0,0.0,0.0,0.0,0.5699156192183146,0.5732788185115357,0.5546777791280655,0.03753444083010766,0.1656444446261126
1365,0.0,0.0,0.0,0.0,0.5699156192183146,0.5698583904952632,0.5546687304731559,0.03753444083010766,0.1656444446261126
1366,0.0,0.0,0.0,0.0,0.5699156192183146,0.5737469530476624,0.554654200266175,0.03753444083010766,0.1656444446261126
1367,0.0,0.0,2.542372881355932,-2.542372881355932,0.5699156192183146,0.5691018863794405,0.5546415255971189,0.037604665549208785,0.1656444446261126
1368,0.0,0.0,3.0508474576271185,-3.0508474576271185,0.5699554670128257,0.5684531060512108,0.5546647426663198,0.03768361291762984,0.1656444446261126
1369,0.0,0.0,0.0,0.0,0.570003274542827,0.5702787197203648,0.5547023700234909,0.03768361291762984,0.1656444446261126
1370,0.0,0.0,0.0,0.0,0.570003274542827,0.5720380420976405,0.5546869418001,0.03768361291762984,0.1656444446261126
1371,0.0,0.0,0.0,0.0,0.570003274542827,0.5716976599844659,0.5546746782848212,0.03768361291762984,0.1656444446261126
1372,0.0,0.0,0.0,0.0,0.570003274542827,0.5718080886922725,0.5546634462996305,0.03768361291762984,0.1656444446261126
1373,0.0,0.0,2.0338983050847457,-2.0338983050847457,0.570003274542827,0.5698900688807125,0.5546593617442908,0.03774385388148526,0.1656444446261126
1374,0.0,0.0,4.576271186440678,-4.576271186440678,0.5700351589888449,0.5673415281854749,0.5546794647404895,0.03784341140360915,0.1656444446261126
1375,0.0,0.0,3.0508474576271185,-3.0508474576271185,0.5701068263914757,0.5687407537594907,0.5547389479116819,0.03792235877203021,0.1656444446261126
1376,0.0,0.0,0.0,0.0,0.5701546333099115,0.5732857678979143,0.5547707673976223,0.03792235877203021,0.1656444446261126
1377,0.0,0.0,2.542372881355932,-2.542372881355932,0.5701546333099115,0.5707893016276804,0.5547609501908699,0.03799258349113133,0.1656444446261126
1378,0.0,0.0,3.0508474576271185,-3.0508474576271185,0.570194480299158,0.5693299069420706,0.5547898914789098,0.03807153085955239,0.1656444446261126
1379,0.0,0.0,4.067796610169491,-4.067796610169491,0.5702422868634365,0.5682001791909138,0.5548260451960104,0.03816498880347762,0.1656444446261126
1380,0.0,0.0,2.542372881355932,-2.542372881355932,0.5703060029585011,0.571043073543162,0.5548817907781165,0.03823521352257875,0.1656444446261126
1381,0.0,0.0,3.559322033898305,-3.559322033898305,0.5703458494377834,0.568706230306185,0.5549087774529983,0.038321847185945085,0.1656444446261126
1382,0.0,0.0,4.067796610169491,-4.067796610169491,0.5704016117867866,0.5683999694010576,0.5549509415924716,0.03841530512987031,0.1656444446261126
1383,0.0,0.0,2.542372881355932,-2.542372881355932,0.5704653270245981,0.5716659051557222,0.5550028424823996,0.03848552984897144,0.1656444446261126
1384,2.9,1.2793458727899707,2.542372881355932,-1.2630270085659614,0.570505172967132,0.5718912417832258,0.5550316706820577,0.038555754568072566,0.1656444446261126
1385,5.8,2.7093714061880805,2.542372881355932,0.1669985248321484,0.5705249780684758,0.5704940368334008,0.555041799199079,0.03862597928717369,0.1656444446261126
1386,9.1,4.196991774672305,3.559322033898305,0.6376697407739997,0.5705223579326301,0.5688036107989534,0.5550286397838746,0.03871261295054003,0.1656444446261126
1387,11.9,4.806901886164457,6.101694915254237,-1.2947930290897798,0.5705123512846311,0.5664345392580045,0.5550080130641065,0.03883103400317161,0.1656444446261126
1388,14.3,4.6821997613359265,3.559322033898305,1.1228777274376216,0.5705326542291463,0.5685842561809697,0.5550185692134749,0.038917667666537946,0.1656444446261126
1389,15.9,3.1692187258230446,3.0508474576271185,0.11837126819592614,0.5705150300453686,0.5693599984207214,0.5549905455290097,0.038996615034959,0.1656444446261126
1390,16.3,2.6222453919562545,2.542372881355932,0.07987251060032241,0.5705131728849528,0.5712450439532177,0.5549777488247046,0.039066839754060126,0.1656444446261126
1391,17.3,3.0115679386335894,3.0508474576271185,-0.039279518993529106,0.5705119197615108,0.5692521332503104,0.5549629553760568,0.03914578712248118,0.1656444446261126
1392,17.9,2.8897020884964153,4.576271186440678,-1.686569097944263,0.5705125359904533,0.5677309822642497,0.5549558027184864,0.03924534464460508,0.1656444446261126
1393,18.7,2.9042316704199074,3.559322033898305,-0.6550903634783976,0.5705389780382077,0.568839864141804,0.5549724869965776,0.03933197830797141,0.1656444446261126
1394,19.2,2.4917940411522674,6.101694915254237,-3.6099008741019696,0.5705492527477418,0.5670417095843104,0.5549737894729623,0.039450399360602996,0.1656444446261126
1395,19.6,3.429031814967231,2.542372881355932,0.8866589336112991,0.5706058053859722,0.5698779847494407,0.55502049800238,0.03952062407970412,0.1656444446261126
1396,20.8,4.98677620728547,3.559322033898305,1.4274541733871655,0.5705918901847216,0.5690940965004867,0.554993818830391,0.03960725774307045,0.1656444446261126
1397,22.2,2.9094509958847734,5.084745762711864,-2.1752947668270908,0.5705694828933803,0.5679921490151395,0.5549614476441113,0.03971259482172214,0.1656444446261126
1398,21.7,0.18792556788218298,5.084745762711864,-4.896820194829681,0.5706035803930504,0.5678273332086233,0.554984521363699,0.03981793190037383,0.1656444446261126
1399,21.2,1.4057776061575982,8.64406779661017,-7.238290190452571,0.5706802543782817,0.5656677884163511,0.5550484922161159,0.03996601552406721,0.1656444446261126
1400,21.6,4.213876888888892,3.559322033898305,0.6545548549905873,0.5707934851650889,0.5698280831745752,0.5551516108631243,0.040052649187433544,0.1656444446261126
1401,23.1,6.304819849279834,0.0,6.304819849279834,0.5707832137138658,0.5766429463445814,0.5551297176493557,0.040052649187433544,0.1656444446261126
1402,24.7,6.602094053821824,3.0508474576271185,3.551246596194705,0.5706840526200694,0.5702910216398075,0.5550184737777133,0.0401315965558546,0.1656444446261126
1403,26.1,5.820594967592595,8.135593220338983,-2.3149982527463875,0.5706282604208656,0.5664772650618581,0.5549518356458625,0.04027244162627713,0.1656444446261126
1404,27.0,4.819277777777772,7.11864406779661,-2.2993662900188374,0.5706645455606744,0.5674280910237559,0.5549772335627526,0.04040239212132664,0.1656444446261126
1405,27.7,4.064552971860232,5.084745762711864,-1.020192790851632,0.570700585799494,0.5683989071624843,0.5549996199396957,0.04050772919997833,0.1656444446261126
1406,28.1,3.226266739045117,5.084745762711864,-1.8584790236667472,0.5707165843814876,0.5685262113178894,0.5550048317603443,0.04061306627863002,0.1656444446261126
1407,28.3,2.5246269488835527,4.576271186440678,-2.0516442375571255,0.5707457191389929,0.5692985304982517,0.5550180252640944,0.04071262380075391,0.1656444446261126
1408,28.3,2.5246269488835527,2.542372881355932,-0.017745932472379433,0.570777879532794,0.5721585897313836,0.5550339841105525,0.04078284851985504,0.1656444446261126
1409,28.5,2.3625373585390936,2.542372881355932,-0.17983552281683846,0.5707781579324532,0.572050750779163,0.555021812324858,0.040853073238956164,0.1656444446261126
1410,28.4,1.9873619847584214,8.64406779661017,-6.656705811851748,0.5707809790246677,0.5667657793921743,0.5550124284245775,0.041001156862649546,0.1656444446261126
1411,28.4,2.3525883222069797,4.576271186440678,-2.2236828642336985,0.5708851349763365,0.5714832080877071,0.5551062479412301,0.04110071438477344,0.1656444446261126
1412,28.5,1.9960250128600825,7.627118644067796,-5.631093631207714,0.5709199893528327,0.5678664808461789,0.5551301270321248,0.04123593073092729,0.1656444446261126
1413,28.3,0.3409849735749129,4.576271186440678,-4.235286212865765,0.5710081325265453,0.5738833604004664,0.5552073046626446,0.04133548825305118,0.1656444446261126
1414,27.5,0.0,5.084745762711864,-5.084745762711864,0.5710744634039024,0.571784982231489,0.5552590608407919,0.04144082533170287,0.1656444446261126
1415,26.8,0.0,5.59322033898305,-5.59322033898305,0.5711540708183309,0.5704798838427285,0.5553249142294507,0.04155291772300722,0.1656444446261126
1416,25.8,0.0,7.11864406779661,-7.11864406779661,0.5712416207484375,0.5688535684507147,0.5554060860250762,0.04168286821805672,0.1656444446261126
1417,24.7,0.0,5.59322033898305,-5.59322033898305,0.5713529798755993,0.5698955501196558,0.5555019926834366,0.041794960609361075,0.1656444446261126
1418,23.8,0.0,5.59322033898305,-5.59322033898305,0.5714405283370243,0.5702339841080745,0.5555791061003599,0.041907053000665426,0.1656444446261126
1419,23.4,0.9733860740740765,5.084745762711864,-4.111359688637788,0.5715280761520348,0.5748029618699256,0.5556502535359549,0.04201239007931711,0.1656444446261126
1420,23.3,2.7659484290314036,5.084745762711864,-2.3187973336804606,0.5715924664946294,0.5722069594450154,0.555697369489012,0.0421177271579688,0.1656444446261126
1421,24.1,4.419941097374639,8.135593220338983,-3.715652122964344,0.5716288081630024,0.5683242248824163,0.5557217788671386,0.042258572228391335,0.1656444446261126
1422,25.0,4.435594802621547,8.135593220338983,-3.6999984177174357,0.5716870097472951,0.5679342558746833,0.5557647667446921,0.04239941729881387,0.1656444446261126
1423,25.7,3.577645407083523,8.135593220338983,-4.55794781325546,0.5717449662087716,0.5680140071509465,0.5558110099407136,0.04254026236923641,0.1656444446261126
1424,26.0,2.6204624676116475,7.627118644067796,-5.006656176456149,0.5718163368729022,0.5686784636220681,0.5558729052349186,0.04267547871539026,0.1656444446261126
1425,26.1,2.2962894120370354,6.610169491525424,-4.3138800794883885,0.5718947192262861,0.5696200830286399,0.5559418650195821,0.042799840960288216,0.1656444446261126
1426,26.2,2.306494577655844,5.084745762711864,-2.7782511850560203,0.5719622738376988,0.5731049443367219,0.5559998314887585,0.0429051780389399,0.1656444446261126
1427,26.3,1.1329453100327669,5.084745762711864,-3.9518004526790973,0.5720058070481472,0.5728364590128628,0.5560353226514099,0.04301051511759159,0.1656444446261126
1428,25.7,0.0,5.59322033898305,-5.59322033898305,0.5720676998640805,0.5711076417379481,0.5560827211363645,0.04312260750889594,0.1656444446261126
1429,24.5,0.0,5.59322033898305,-5.59322033898305,0.572155243048645,0.571263750417298,0.5561611474289588,0.04323469990020029,0.1656444446261126
1430,23.5,0.0,5.084745762711864,-5.084745762711864,0.5722427855869116,0.5723423504177274,0.5562343018416467,0.04334003697885198,0.1656444446261126
1431,22.2,0.0,5.084745762711864,-5.084745762711864,0.5723223851548493,0.573402685295104,0.5563042658937362,0.04344537405750366,0.1656444446261126
1432,20.5,0.0,5.084745762711864,-5.084745762711864,0.57240198418825,0.5742422655800006,0.5563758157386641,0.04355071113615535,0.1656444446261126
1433,19.4,0.0,7.11864406779661,-7.11864406779661,0.5724815826871241,0.5722967131638752,0.556443168106128,0.043680661631204855,0.1656444446261126
1434,18.6,0.7352107983539077,7.627118644067796,-6.891907845713888,0.5725929301840813,0.5704277914432561,0.5565457338969698,0.043815877977358704,0.1656444446261126
1435,18.9,2.693696930555554,7.11864406779661,-4.424947137241055,0.5727007397983714,0.574754109612176,0.5566409467964368,0.04394582847240821,0.1656444446261126
1436,19.7,4.080680966068437,7.11864406779661,-3.037963101728173,0.5727700259345436,0.5744124160096505,0.5567008921207952,0.044075778967457714,0.1656444446261126
1437,21.0,2.7410041152263376,7.627118644067796,-4.886114528841459,0.5728176204854379,0.5719616756129996,0.5567431728578524,0.04421099531361156,0.1656444446261126
1438,20.6,6.923957586953211,8.135593220338983,-1.2116356333857716,0.5728941128750146,0.5704889525252663,0.5568086404111314,0.0443518403840341,0.1656444446261126
1439,25.1,12.524330166685715,8.135593220338983,4.388736946346732,0.5729131086734658,0.5706152196417948,0.5568191265050683,0.044492685454456636,0.1656444446261126
1440,27.2,12.728374300259102,7.627118644067796,5.101255656191306,0.5728441489323741,0.5717380621592071,0.5567382440063978,0.04462790180061048,0.1656444446261126
1441,31.2,16.279976181069966,9.661016949152541,6.618959231917424,0.5727639700964631,0.5676199637421012,0.5566531713683571,0.04479001784156611,0.1656444446261126
1442,34.1,14.13199657100671,7.11864406779661,7.0133525032101,0.5726598726932045,0.5721606367391433,0.5565396485905926,0.044919968336615615,0.1656444446261126
1443,36.4,9.294454031702468,6.610169491525424,2.6842845401770443,0.5725495541444805,0.5713245157096198,0.5564258508886539,0.045044330581513574,0.1656444446261126
1444,36.8,5.385022047858548,5.084745762711864,0.30027628514668425,0.5725074037410454,0.5753241232399157,0.5563740511737091,0.04514966766016527,0.1656444446261126
1445,37.4,7.173304495046494,0.0,7.173304495046494,0.5725026930747046,0.5742627750385981,0.5563592989012898,0.04514966766016527,0.1656444446261126
1446,38.5,9.150188488321149,8.135593220338983,1.0145952679821661,0.5723898497484711,0.5681431895116692,0.5562349520830004,0.0452905127305878,0.1656444446261126
1447,39.8,9.756673789971043,5.084745762711864,4.671928027259178,0.5723739283129684,0.5715404826139302,0.5562057856274516,0.04539584980923948,0.1656444446261126
1448,41.0,10.35529957323578,0.0,10.35529957323578,0.5723005071244732,0.5810652070117305,0.556119841470513,0.04539584980923948,0.1656444446261126
1449,42.4,10.759733194939786,0.0,10.759733194939786,0.5721373960486891,0.5789431407686341,0.5559514084862275,0.04539584980923948,0.1656444446261126
1450,43.6,10.830109784788906,0.0,10.830109784788906,0.5719678845164521,0.5748741632352081,0.555771584308211,0.04539584980923948,0.1656444446261126
1451,44.9,12.36090840022481,0.0,12.36090840022481,0.571797256933084,0.5718527605303021,0.5555899720366355,0.04539584980923948,0.1656444446261126
1452,46.5,11.974226401748982,0.0,11.974226401748982,0.5716023883355147,0.5725041565379344,0.5553855751972001,0.04539584980923948,0.1656444446261126
1453,47.5,7.3907565181565404,0.0,7.3907565181565404,0.5714136421258196,0.573540688628746,0.5551899322477736,0.04539584980923948,0.1656444446261126
1454,47.5,5.252767835028945,4.576271186440678,0.6764966485882669,0.5712973571025729,0.5694569921728414,0.5550636922089849,0.04549540733136338,0.1656444446261126
1455,47.8,4.685264931565298,0.0,4.685264931565298,0.5712867416952387,0.5735885852988679,0.5550432157262563,0.04549540733136338,0.1656444446261126
1456,47.6,6.1866847062947645,0.0,6.1866847062947645,0.5712131037116138,0.5728028962422019,0.5549599536734287,0.04549540733136338,0.1656444446261126
1457,48.4,9.12975968328,0.0,9.12975968328,0.5711158088050458,0.5734121579715933,0.5548535780898487,0.04549540733136338,0.1656444446261126
1458,49.1,8.980498877248138,0.0,8.980498877248138,0.57097205830222,0.5760153559837107,0.5546968122877486,0.04549540733136338,0.1656444446261126
1459,49.8,9.464150485596697,0.0,9.464150485596697,0.570830664722882,0.5740365365840617,0.5545447952749258,0.04549540733136338,0.1656444446261126
1460,50.6,9.332560193263246,0.0,9.332560193263246,0.5706816254284457,0.5747503417516023,0.5543843724595463,0.04549540733136338,0.1656444446261126
1461,51.2,8.158464780368856,0.0,8.158464780368856,0.5705346643169775,0.5736135724268363,0.5542282969935993,0.04549540733136338,0.1656444446261126
1462,51.6,6.916831004115198,0.0,6.916831004115198,0.5704062510032039,0.5713105800172826,0.554089313394537,0.04549540733136338,0.1656444446261126
1463,51.8,5.289260182289272,0.0,5.289260182289272,0.5702974340507494,0.5712292705488362,0.553969130462959,0.04549540733136338,0.1656444446261126
1464,51.7,0.0,0.0,0.0,0.5702142759763148,0.5710514918572849,0.5538751841358664,0.04549540733136338,0.1656444446261126
1465,50.1,0.0,0.0,0.0,0.5702142759763148,0.5727260378180097,0.5538596893634843,0.04549540733136338,0.1656444446261126
1466,47.0,0.0,0.0,0.0,0.5702142759763148,0.5699564901644859,0.5538461639340607,0.04549540733136338,0.1656444446261126
1467,45.2,0.0,0.0,0.0,0.5702142759763148,0.5723155572907925,0.5538375229363613,0.04549540733136338,0.1656444446261126
1468,41.1,0.0,0.0,0.0,0.5702142759763148,0.5742377290873721,0.5538239783619376,0.04549540733136338,0.1656444446261126
1469,35.9,0.0,0.0,0.0,0.5702142759763148,0.57094910466283,0.5538145449747875,0.04549540733136338,0.1656444446261126
1470,30.6,0.0,2.0338983050847457,-2.0338983050847457,0.5702142759763148,0.5695452162345459,0.5538079879863501,0.045555648295218805,0.1656444446261126
1471,30.0,0.0,3.0508474576271185,-3.0508474576271185,0.5702461598532854,0.5689429980529225,0.5538259925007913,0.04563459566363986,0.1656444446261126
1472,27.7,0.0,2.542372881355932,-2.542372881355932,0.5702939662087602,0.569412402683465,0.5538609086346127,0.045704820382740985,0.1656444446261126
1473,24.8,0.0,6.101694915254237,-6.101694915254237,0.5703338127285938,0.5674010898516142,0.5538887438849236,0.045823241435372565,0.1656444446261126
1474,23.8,0.22946457491235642,13.728813559322033,-13.499348984409677,0.5704293091214152,0.5625986277069543,0.5539728924737182,0.046036175189315784,0.1656444446261126
1475,23.8,1.3007094308794405,10.677966101694915,-9.377256670815475,0.5706399679070657,0.5643052561758413,0.5541729593042524,0.04621176047359672,0.1656444446261126
1476,23.5,1.1297836100632497,2.0338983050847457,-0.904114695021496,0.5707865358734892,0.570471258433065,0.5543050661747965,0.04627200143745214,0.1656444446261126
1477,23.4,2.026626814814813,0.0,2.026626814814813,0.5708007146803389,0.5741668864674181,0.5543068375622519,0.04627200143745214,0.1656444446261126
1478,23.7,1.7512641568930039,0.0,1.7512641568930039,0.570768894894991,0.5758410286316619,0.5542665425450174,0.04627200143745214,0.1656444446261126
1479,23.4,4.133108296296297,0.0,4.133108296296297,0.5707414014916729,0.5718068683286773,0.5542253486095762,0.04627200143745214,0.1656444446261126
1480,25.3,8.559743442367783,5.59322033898305,2.9665231033847324,0.5706764530792521,0.5685207029389653,0.5541461345856354,0.04638409382875649,0.1656444446261126
1481,27.5,9.867350692062946,5.084745762711864,4.7826049293510815,0.5706298581113115,0.5685905308276304,0.5540907188236992,0.046489430907408175,0.1656444446261126
1482,29.7,11.459007541666667,6.610169491525424,4.848838050141243,0.570554683108694,0.5675466851423608,0.5540059020924929,0.046613793152306134,0.1656444446261126
1483,32.3,12.100240615245381,4.576271186440678,7.523969428804703,0.5704784645141732,0.5689900841932775,0.5539151749338969,0.04671335067443003,0.1656444446261126
1484,34.3,10.029242830227869,4.576271186440678,5.4529716437871905,0.5703600677595155,0.5686658969937065,0.5537846878876604,0.046812908196553926,0.1656444446261126
1485,35.6,7.466756832495045,2.0338983050847457,5.432858527410299,0.5702743306274144,0.5704171847592775,0.5536928968758387,0.04687314916040935,0.1656444446261126
1486,36.3,6.932104876028799,2.542372881355932,4.389731994672866,0.5701889098004527,0.570133561078679,0.553601676757142,0.046943373879510475,0.1656444446261126
1487,37.3,4.752857921105778,0.0,4.752857921105778,0.5701199184215505,0.5746927596770323,0.5535253751422367,0.046943373879510475,0.1656444446261126
1488,37.0,1.1374891784788967,0.0,1.1374891784788967,0.5700452086463157,0.5717692903645577,0.5534370226927735,0.046943373879510475,0.1656444446261126
1489,36.5,0.63895010049917,5.084745762711864,-4.445795662212694,0.570027354285645,0.5686404956215309,0.5534045469246649,0.04704871095816216,0.1656444446261126
1490,36.0,0.15383333333332858,3.0508474576271185,-2.89701412429379,0.5700969820051527,0.5700669614482653,0.5534615538681207,0.047127658326583215,0.1656444446261126
1491,35.3,0.5867108501562198,0.0,0.5867108501562198,0.5701423811609718,0.5730081361225869,0.5534951085237139,0.047127658326583215,0.1656444446261126
1492,35.0,0.7991960067062945,2.542372881355932,-1.7431768746496377,0.5701331740772974,0.5716951596026134,0.5534727556286427,0.04719788304568434,0.1656444446261126
1493,34.4,0.0,6.101694915254237,-6.101694915254237,0.5701605038838963,0.5684341949925183,0.5534935712336756,0.04731630409831593,0.1656444446261126
1494,32.9,0.0,5.084745762711864,-5.084745762711864,0.5702560016721024,0.5698588335209323,0.5535782987689195,0.047421641176967615,0.1656444446261126
1495,28.9,0.0,2.542372881355932,-2.542372881355932,0.5703356145842668,0.5756696634480155,0.5536499400247635,0.04749186589606874,0.1656444446261126
1496,26.6,0.0,5.084745762711864,-5.084745762711864,0.5703754609637892,0.5733945786331555,0.5536744630874658,0.04759720297472043,0.1656444446261126
1497,26.0,0.0,6.610169491525424,-6.610169491525424,0.5704550730734795,0.5708591254357147,0.5537427639836526,0.047721565219618386,0.1656444446261126
1498,24.5,0.0,6.610169491525424,-6.610169491525424,0.570558505626778,0.5707889029873043,0.5538377296437844,0.047845927464516345,0.1656444446261126
1499,20.4,0.0,8.135593220338983,-8.135593220338983,0.5706619372784805,0.5678194941945399,0.5539293342050976,0.04798677253493888,0.1656444446261126
1500,18.8,0.0,7.627118644067796,-7.627118644067796,0.5707891599366774,0.5694508628321191,0.5540445174843578,0.048121988881092724,0.1656444446261126
1501,18.1,0.0,8.135593220338983,-8.135593220338983,0.5709084538585589,0.5684369232296143,0.5541579997605667,0.04826283395151526,0.1656444446261126
1502,16.6,0.0,7.11864406779661,-7.11864406779661,0.571035673876943,0.574486940878935,0.5542752575720992,0.048392784446564766,0.1656444446261126
1503,15.6,0.0,8.64406779661017,-8.64406779661017,0.5711470349360149,0.569095438056549,0.5543739615391585,0.04854086807025815,0.1656444446261126
1504,15.3,0.4888139861111132,10.677966101694915,-10.189152115583802,0.5712821763640347,0.5670027324859105,0.5544966417552631,0.048716453354539085,0.1656444446261126
1505,15.0,0.9600823045267494,9.152542372881356,-8.192460068354608,0.5714413748380235,0.5689070416828369,0.5546417216429912,0.048871625768332184,0.1656444446261126
1506,15.2,1.3647726816034131,8.135593220338983,-6.7708205387355695,0.5715694754870725,0.5737150272354357,0.5547589712814534,0.04901247083875472,0.1656444446261126
1507,15.3,1.0790917638888888,10.169491525423728,-9.09039976153484,0.5716754051459426,0.5690783601627036,0.5548573652835695,0.049181389757673645,0.1656444446261126
1508,15.2,1.3647726816034131,8.64406779661017,-7.279295115006756,0.5718174931948643,0.5732768286334369,0.5549899633306199,0.04932947338136702,0.1656444446261126
1509,15.6,1.803895942386832,15.254237288135592,-13.45034134574876,0.5719313526820319,0.5658315686798229,0.5550969321124416,0.049561026329807904,0.1656444446261126
1510,15.9,1.8401292196502068,10.169491525423728,-8.329362305773522,0.5721412243103855,0.5713415606814161,0.5552969458487352,0.04972994524872682,0.1656444446261126
1511,16.3,1.9933873672648956,10.677966101694915,-8.68457873443002,0.5722714509102035,0.5708672686840263,0.5554127272770262,0.04990553053300775,0.1656444446261126
1512,16.7,2.1519502373304373,9.661016949152541,-7.509066711822104,0.5724072106731728,0.5745093434220828,0.5555385187805708,0.050067646573963384,0.1656444446261126
1513,17.2,2.219373713458318,10.677966101694915,-8.458592388236598,0.5725246476498185,0.5722133864591409,0.5556500383730489,0.05024323185824432,0.1656444446261126
1514,17.6,2.3866716061575977,10.677966101694915,-8.291294495537318,0.5726568837048398,0.57349222969779,0.5557706343617094,0.05041881714252525,0.1656444446261126
1515,18.2,2.706103436061575,10.677966101694915,-7.97186266563334,0.5727865114508136,0.573035478125572,0.5558905671262754,0.05059440242680619,0.1656444446261126
1516,18.8,3.16225583386679,11.1864406779661,-8.02418484409931,0.5729111594929335,0.5713969526572796,0.5560110160777103,0.05077652163210421,0.1656444446261126
1517,19.7,3.320650101870905,12.203389830508474,-8.882739728637569,0.5730366217366499,0.5702247667297392,0.5561241074638918,0.050971326826909406,0.1656444446261126
1518,20.3,5.254207412227555,10.677966101694915,-5.42375868946736,0.5731754594181133,0.5732161895156661,0.5562516701891842,0.05114691211119034,0.1656444446261126
1519,22.6,8.778789606462427,10.677966101694915,-1.8991764952324885,0.573260348012436,0.5736015710855461,0.5563263991979537,0.051322497395471275,0.1656444446261126
1520,25.2,7.876455481481481,10.677966101694915,-2.801510620213434,0.5732901138838062,0.5729015903712743,0.5563477282153386,0.051498082679752206,0.1656444446261126
1521,26.3,6.713578026082152,10.677966101694915,-3.9643880756127636,0.5733340062213683,0.5735369472771619,0.5563788143968741,0.051673667964033144,0.1656444446261126
1522,28.0,9.334571483005636,10.677966101694915,-1.3433946186892793,0.573396088910814,0.5739270237358511,0.5564314152287352,0.051849253248314076,0.1656444446261126
1523,30.3,8.974080627057607,14.745762711864407,-5.7716820848068,0.5734171484033862,0.5688767335862814,0.5564393785830001,0.05207371145264845,0.1656444446261126
1524,31.4,8.312240352385318,11.694915254237287,-3.382674901851969,0.5735074681505795,0.5712468865025846,0.5565153675689019,0.05226223604281238,0.1656444446261126
1525,33.2,10.536200623990252,10.677966101694915,-0.14176547770466286,0.5735604526095699,0.5755490008630825,0.5565560590002999,0.05243782132709332,0.1656444446261126
1526,35.1,10.283172791666662,10.677966101694915,-0.3947933100282537,0.5735626760041115,0.5725603956942902,0.556550981488445,0.05261340661137425,0.1656444446261126
1527,36.5,8.14923816634278,11.694915254237287,-3.545677087894507,0.5735688671633318,0.5714542578304256,0.5565468630607093,0.052801931201538185,0.1656444446261126
1528,37.3,6.911422735920593,12.203389830508474,-5.291967094587881,0.5736244009229461,0.5709580532633807,0.5565864664409462,0.052996736396343384,0.1656444446261126
1529,38.1,5.368365193930057,10.677966101694915,-5.3096009077648585,0.5737072280009252,0.5732780012976215,0.5566597255933128,0.05317232168062432,0.1656444446261126
1530,38.2,3.6660554555707803,11.1864406779661,-7.52038522239532,0.5737903299132054,0.5726911788308501,0.556735055698721,0.05335444088592234,0.1656444446261126
1531,38.3,5.895096414285152,11.1864406779661,-5.291344263680949,0.5739079296824597,0.5727171999154552,0.5568406625422495,0.053536560091220355,0.1656444446261126
1532,39.3,8.354638142489708,11.694915254237287,-3.3402771117475787,0.5739907450522759,0.5723461402081201,0.5569126262088959,0.05372508468138429,0.1656444446261126
1533,40.3,16.37408587206598,11.694915254237287,4.679170617828692,0.5740430641590208,0.5742243516044683,0.5569580410664997,0.05391360927154822,0.1656444446261126
1534,44.3,18.153249332666512,11.694915254237287,6.458334078429225,0.5739695393710846,0.5741139561672386,0.5568685303533645,0.054102133861712164,0.1656444446261126
1535,45.3,9.283722268004132,11.1864406779661,-1.9027184099619685,0.5738679851224255,0.5755636592956361,0.5567552392599352,0.05428425306701018,0.1656444446261126
1536,46.1,10.667987922172705,11.1864406779661,-0.5184527557933958,0.5738978049319888,0.5783010486183824,0.5567774738764333,0.05446637227230819,0.1656444446261126
1537,47.5,11.05587997494665,11.1864406779661,-0.13056070301944978,0.5739059346908267,0.5790109698682078,0.5567739304997256,0.054648491477606205,0.1656444446261126
1538,48.3,6.9321033739711835,11.1864406779661,-4.254337303994917,0.573907982303279,0.5796641461061819,0.556766903203832,0.05483061068290422,0.1656444446261126
1539,48.3,2.584109546810706,12.711864406779661,-10.127754859968956,0.5739745947367482,0.5769962295044548,0.5568202513164845,0.0550315753131293,0.1656444446261126
1540,47.7,2.83050744907407,14.745762711864407,-11.915255262790337,0.5741328019516173,0.5744005078462784,0.5569666973523137,0.05525603351746367,0.1656444446261126
1541,47.8,7.144112668190823,14.745762711864407,-7.601650043673583,0.5743187987006245,0.5745916888224287,0.5571382481800474,0.05548049172179804,0.1656444446261126
1542,48.6,10.739667999999998,14.745762711864407,-4.006094711864408,0.5744376601425643,0.5718848243549394,0.5572514625933861,0.05570494992613241,0.1656444446261126
1543,49.8,11.385446781893007,14.745762711864407,-3.3603159299713994,0.5745003890789281,0.5743618012449887,0.5573035966568394,0.055929408130466776,0.1656444446261126
1544,50.7,12.290305838991776,14.745762711864407,-2.455456872872631,0.574553019371501,0.5772579239251553,0.5573452730285482,0.05615386633480114,0.1656444446261126
1545,52.1,16.726744297344144,14.745762711864407,1.9809815854797375,0.5745914911351316,0.57574067242616,0.5573780534084678,0.056378324539135515,0.1656444446261126
1546,54.2,20.66177043194636,14.23728813559322,6.424482296353139,0.5745603985874427,0.5766780763640195,0.5573408996919605,0.05659707453913551,0.1656444446261126
1547,56.5,22.41288061795076,14.23728813559322,8.175592482357539,0.5744593830964776,0.5761496467837183,0.5572290354752022,0.056815824539135515,0.1656444446261126
1548,58.8,21.216871349794207,13.728813559322033,7.488057790472174,0.5743307423609929,0.5778730885928219,0.557091683303497,0.057028758293078734,0.1656444446261126
1549,60.5,21.567267658798233,13.728813559322033,7.8384540994762,0.5742129510861891,0.57673582029367,0.5569598872379596,0.05724169204702195,0.1656444446261126
1550,62.7,26.55768149742803,13.728813559322033,12.828867938105999,0.5740896292697827,0.5762889092385173,0.5568258140805723,0.05745462580096517,0.1656444446261126
1551,65.4,26.67202368724276,13.220338983050848,13.451684704191912,0.5738873847027963,0.5766703181980305,0.5566144219929414,0.05766163217039192,0.1656444446261126
1552,67.3,25.890180126181182,13.220338983050848,12.669841143130334,0.5736752644003457,0.5771379644949948,0.5563866086880065,0.05786863853981867,0.1656444446261126
1553,69.6,27.00003063374487,13.220338983050848,13.779691650694023,0.5734755326314828,0.575523136634996,0.5561777924815596,0.05807564490924542,0.1656444446261126
1554,71.5,27.01444547563252,12.711864406779661,14.30258106885286,0.5732582034298481,0.5753567557681132,0.5559529442286576,0.058276609539470496,0.1656444446261126
1555,73.6,25.19867021002899,14.745762711864407,10.452907498164583,0.573032575353856,0.5695656346210544,0.5557149533654075,0.05850106774380487,0.1656444446261126
1556,74.9,20.494528753448474,13.220338983050848,7.274189770397626,0.5728679306196204,0.5712427168625237,0.555542424697405,0.05870807411323162,0.1656444446261126
1557,75.9,15.029208746399142,14.23728813559322,0.7919206108059225,0.5727534991852027,0.569552464021173,0.555417717873396,0.05892682411323162,0.1656444446261126
1558,76.0,11.640083142813525,11.694915254237287,-0.05483211142376199,0.5727410735368006,0.572316252278874,0.5553931006174123,0.059115348703395555,0.1656444446261126
1559,76.3,15.156115110749086,13.220338983050848,1.9357761276982384,0.5727419335917562,0.5708760937983863,0.5553833891977346,0.059322355072822304,0.1656444446261126
1560,77.1,17.890969201131718,10.169491525423728,7.721477675707989,0.572711546348923,0.575928523845633,0.5553389777684391,0.05949127399174122,0.1656444446261126
1561,77.9,17.174002465725504,11.694915254237287,5.479087211488217,0.572590055085249,0.5722799191567327,0.5552077186199981,0.05967979858190516,0.1656444446261126
1562,78.5,13.848618224641791,11.694915254237287,2.1537029704045043,0.5725039227787179,0.5716429053044295,0.5551091107366186,0.059868323172069096,0.1656444446261126
1563,78.6,10.341131374485595,10.677966101694915,-0.33683472720931995,0.5724701109577924,0.5739113934635046,0.5550645750190284,0.060043908456350034,0.1656444446261126
1564,78.5,9.305794150567783,10.169491525423728,-0.8636973748559456,0.5724753938196527,0.5759374424157605,0.5550640505366874,0.06021282737526895,0.1656444446261126
1565,78.4,9.785422989178532,11.1864406779661,-1.4010176887875687,0.5724889370623204,0.5726215494878373,0.5550662807778987,0.06039494658056697,0.1656444446261126
1566,78.4,9.785422989178466,11.1864406779661,-1.4010176887876344,0.5725109010550956,0.5724481136284476,0.5550773815322133,0.060577065785864984,0.1656444446261126
1567,78.3,9.760341902777764,9.661016949152541,0.09932495362522253,0.5725328650070538,0.5759152365656535,0.55509304326557,0.060739181826820615,0.1656444446261126
1568,78.3,10.263814125,10.169491525423728,0.09432259957627132,0.5725313069478749,0.5746036474564629,0.555080259301857,0.06090810074573953,0.1656444446261126
1569,78.3,9.760341902777764,12.711864406779661,-2.951522504001897,0.572529827360792,0.5708414121224611,0.5550650254098559,0.06110906537596461,0.1656444446261126
1570,78.2,7.723992187776246,12.203389830508474,-4.479397642732228,0.5725760702075697,0.571398384656091,0.555098841945803,0.06130387057076981,0.1656444446261126
1571,77.8,3.632572476146936,16.271186440677965,-12.638613964531029,0.5726462081574792,0.567358973049735,0.5551555166435591,0.0615527041633048,0.1656444446261126
1572,76.9,0.0,13.728813559322033,-13.728813559322033,0.5728434650622014,0.5696665374885307,0.5553419376991152,0.06176563791724802,0.1656444446261126
1573,75.7,0.0,11.1864406779661,-11.1864406779661,0.5730576420468686,0.572984768701456,0.5555438028422528,0.061947757122546035,0.1656444446261126
1574,74.3,0.0,12.203389830508474,-12.203389830508474,0.5732323278214513,0.5714578882787903,0.55570934313321,0.062142562317351234,0.1656444446261126
1575,73.3,2.439329135097539,13.220338983050848,-10.781009847953309,0.5734228151690272,0.5706810564855506,0.5558890267734763,0.06234956868677798,0.1656444446261126
1576,72.9,6.6009888749999925,12.203389830508474,-5.6024009555084815,0.5735911914871975,0.5717664867794753,0.5560439531369371,0.06254437388158318,0.1656444446261126
1577,72.8,7.985362706294803,11.694915254237287,-3.709552547942484,0.5736788667805504,0.572187786815961,0.5561285922864547,0.06273289847174712,0.1656444446261126
1578,72.7,8.898459376181226,14.745762711864407,-5.847303335683181,0.5737369629030987,0.569495580638512,0.5561784621418389,0.06295735667608149,0.1656444446261126
1579,72.8,11.262111677488134,11.1864406779661,0.07567099952203371,0.5738284608245187,0.5726823064551966,0.556262286248365,0.0631394758813795,0.1656444446261126
1580,73.2,14.662643300411501,8.135593220338983,6.527050080072518,0.5738272739541342,0.574180006726114,0.5562462975979021,0.06328032095180204,0.1656444446261126
1581,74.0,25.380484415485412,8.135593220338983,17.24489119514643,0.5737246351031677,0.5749455243965317,0.5561342323674584,0.06342116602222457,0.1656444446261126
1582,76.6,36.92359898917849,9.152542372881356,27.77105661629713,0.573452276644604,0.5724306080967608,0.5558520380486452,0.06357633843601768,0.1656444446261126
1583,79.5,40.73581295010295,13.728813559322033,27.006999390780912,0.5730117670040367,0.5689842075278483,0.5554036238599341,0.0637892721899609,0.1656444446261126
1584,82.5,41.0933143647119,8.135593220338983,32.95772114437292,0.5725834955039368,0.5719716052170887,0.5549653243701304,0.06393011726038343,0.1656444446261126
1585,85.1,38.39161202539625,8.135593220338983,30.256018805057266,0.5720595517127011,0.5712722275413745,0.5544305378668669,0.06407096233080598,0.1656444446261126
1586,87.3,35.794730282407485,3.0508474576271185,32.743882824780364,0.5715790743538947,0.5730501190497755,0.5539415764693403,0.06414990969922703,0.1656444446261126
1587,89.2,32.866029515927416,0.0,32.866029515927416,0.5710585307457106,0.5736499400081858,0.5534135804498227,0.06414990969922703,0.1656444446261126
1588,90.7,23.755567102518654,6.610169491525424,17.14539761099323,0.5705359951619967,0.5699843311354501,0.5528827176911615,0.06427427194412498,0.1656444446261126
1589,90.9,14.490001004629649,7.627118644067796,6.862882360561853,0.5702651448578404,0.5691288581525596,0.5526048306792014,0.06440948829027882,0.1656444446261126
1590,90.8,13.873270484072549,3.0508474576271185,10.822423026445431,0.57015717768015,0.5710495978488626,0.5524830431891262,0.06448843565869987,0.1656444446261126
1591,90.9,14.490001004629649,2.0338983050847457,12.456102699544903,0.569986645345364,0.5715736193458941,0.5522986819040291,0.06454867662255528,0.1656444446261126
1592,90.9,13.321019523148134,5.084745762711864,8.23627376043627,0.5697902380260836,0.5696640027814807,0.5520942292231613,0.06465401370120698,0.1656444446261126
1593,90.8,13.873270484072549,0.0,13.873270484072549,0.5696605877150234,0.5727503239806311,0.551955635020793,0.06465401370120698,0.1656444446261126
1594,90.9,13.321019523148134,0.0,13.321019523148134,0.5694417027979356,0.5726031950381866,0.5517289634055009,0.06465401370120698,0.1656444446261126
1595,90.7,10.925062987292321,0.0,10.925062987292321,0.5692315741053278,0.5745483393624756,0.551505243174365,0.06465401370120698,0.1656444446261126
1596,90.4,13.163594484377363,0.0,13.163594484377363,0.5690594036809405,0.5724723004139114,0.5513230996571795,0.06465401370120698,0.1656444446261126
1597,90.6,15.556643884773635,5.59322033898305,9.963423545790585,0.568851764694379,0.5686472969843304,0.5510980116377387,0.06476610609251132,0.1656444446261126
1598,90.7,5.676220394699806,11.694915254237287,-6.018694859537481,0.5686948048315587,0.56443634048422,0.5509342046644949,0.06495463068267526,0.1656444446261126
1599,89.2,0.0,14.23728813559322,-14.23728813559322,0.568789018322204,0.563076687356089,0.5510153272883934,0.06517338068267525,0.1656444446261126
1600,87.9,0.0,6.101694915254237,-6.101694915254237,0.5690111589528358,0.5680629026210563,0.5512273910275057,0.06529180173530684,0.1656444446261126
1601,86.3,0.0,3.0508474576271185,-3.0508474576271185,0.5691066659959472,0.5697129169264605,0.5513112725830148,0.0653707491037279,0.1656444446261126
1602,85.1,0.0,0.0,0.0,0.5691544769558063,0.5722332077537389,0.5513473549599411,0.0653707491037279,0.1656444446261126
1603,84.0,0.0,5.084745762711864,-5.084745762711864,0.5691544769558063,0.5685697286602364,0.5513388891721098,0.06547608618237957,0.1656444446261126
1604,82.9,0.0,0.0,0.0,0.5692340972682816,0.5708918853206814,0.5514095446497108,0.06547608618237957,0.1656444446261126
1605,81.7,0.0,2.0338983050847457,-2.0338983050847457,0.5692340972682816,0.5707821506715199,0.5513959324314097,0.065536327146235,0.1656444446261126
1606,79.8,0.3924299094649893,8.135593220338983,-7.743163310873993,0.5692659837888568,0.5670311178992341,0.5514134203584659,0.06567717221665753,0.1656444446261126
1607,79.7,12.165792454408603,0.0,12.165792454408603,0.5693871027182315,0.5720814768876812,0.5515187969986417,0.06567717221665753,0.1656444446261126
1608,80.1,15.369705430555486,0.0,15.369705430555486,0.5691952856984533,0.5742436405919299,0.5513138254733158,0.06567717221665753,0.1656444446261126
1609,80.6,11.904321235787254,3.0508474576271185,8.853473778160136,0.5689526338211387,0.5695020734677698,0.5510646642160224,0.06575611958507858,0.1656444446261126
1610,80.3,19.565193386164506,0.0,19.565193386164506,0.5688132233058153,0.5707286000293905,0.5509161850992008,0.06575611958507858,0.1656444446261126
1611,82.3,18.739758152587328,0.0,18.739758152587328,0.5685037959030845,0.5710471877933019,0.5505985636429689,0.06575611958507858,0.1656444446261126
1612,81.7,7.48856071877378,0.0,7.48856071877378,0.5682075148853099,0.5707944136916441,0.5502873644692388,0.06575611958507858,0.1656444446261126
1613,81.6,5.3669456131686255,6.610169491525424,-1.2432238783567984,0.5680896541868947,0.5667193106174995,0.5501576044624246,0.06588048182997654,0.1656444446261126
1614,80.6,8.794753334552732,0.0,8.794753334552732,0.5681091529019578,0.5705209777077564,0.5501683444301714,0.06588048182997654,0.1656444446261126
1615,81.2,0.0,3.0508474576271185,-3.0508474576271185,0.5679706603334193,0.568729249737611,0.5500165758921775,0.06595942919839759,0.1656444446261126
1616,76.6,0.0,11.694915254237287,-11.694915254237287,0.5680184758844498,0.5635873378992865,0.5500544411919462,0.06614795378856152,0.1656444446261126
1617,74.9,0.0,0.0,0.0,0.5682011426616531,0.5710541743215419,0.5502289714480904,0.06614795378856152,0.1656444446261126
1618,73.8,0.0,2.542372881355932,-2.542372881355932,0.5682011426616531,0.5695275883389649,0.5502214171580098,0.06621817850766264,0.1656444446261126
1619,72.1,0.0,9.152542372881356,-9.152542372881356,0.5682409962333769,0.5657554245602723,0.5502473611631413,0.06637335092145576,0.1656444446261126
1620,69.5,0.0,3.0508474576271185,-3.0508474576271185,0.5683840934308103,0.5696472803409374,0.5503788341648115,0.06645229828987681,0.1656444446261126
1621,67.2,0.0,0.0,0.0,0.5684319073108475,0.5753524916181664,0.5504155022133989,0.06645229828987681,0.1656444446261126
1622,65.1,0.0,0.0,0.0,0.5684319073108475,0.5730234203806931,0.5504090261002291,0.06645229828987681,0.1656444446261126
1623,63.4,0.0,2.0338983050847457,-2.0338983050847457,0.5684319073108475,0.5716351459119925,0.5503983949939442,0.06651253925373223,0.1656444446261126
1624,59.9,0.0,7.627118644067796,-7.627118644067796,0.5684637959953063,0.5677665825536024,0.5504179467140927,0.06664775559988607,0.1656444446261126
1625,60.2,0.0,13.728813559322033,-13.728813559322033,0.5685831132805244,0.5640294584793735,0.5505255167871095,0.06686068935382929,0.1656444446261126
1626,57.0,0.0,8.135593220338983,-8.135593220338983,0.5687973667476072,0.5678990672164811,0.5507269834555796,0.06700153442425182,0.1656444446261126
1627,56.0,0.0,5.084745762711864,-5.084745762711864,0.5689246093760203,0.5709713792333873,0.5508413409168577,0.0671068715029035,0.1656444446261126
1628,54.7,0.0,6.101694915254237,-6.101694915254237,0.5690042312329749,0.5699268900187575,0.5509088304964783,0.06722529255553508,0.1656444446261126
1629,54.2,2.8878506788599276,9.152542372881356,-6.264691694021429,0.569099738331876,0.5676921275010848,0.5509956738963145,0.06738046496932819,0.1656444446261126
1630,54.0,3.212416666666674,6.101694915254237,-2.889278248587563,0.5691977896292132,0.5719692926359772,0.5510793175974846,0.06749888602195976,0.1656444446261126
1631,53.6,2.8202807419600417,8.135593220338983,-5.3153124783789405,0.569243071136838,0.5701837985378084,0.551114149411877,0.06763973109238229,0.1656444446261126
1632,53.3,1.4160576711438604,8.135593220338983,-6.719535549195122,0.5693262935875196,0.5722440025639807,0.5511887735691557,0.06778057616280482,0.1656444446261126
1633,52.5,0.33644065072018176,7.627118644067796,-7.2906779933476145,0.5694314428980154,0.5747108058191902,0.5512809633884745,0.06791579250895866,0.1656444446261126
1634,51.9,0.6329300221193672,9.661016949152541,-9.028086927033174,0.5695455028389537,0.5702569421536853,0.5513863520046273,0.0680779085499143,0.1656444446261126
1635,51.2,0.9156664264593956,9.661016949152541,-8.745350522693146,0.5696866456553956,0.5712880137920846,0.5515157408046177,0.06824002459086993,0.1656444446261126
1636,50.7,1.5322039871399087,12.203389830508474,-10.671185843368566,0.5698233818738293,0.5682322863042825,0.5516419649887113,0.06843482978567514,0.1656444446261126
1637,50.2,0.5227220948026056,11.694915254237287,-11.172193159434682,0.5699901005776615,0.5710214064439323,0.5517951242271854,0.06862335437583907,0.1656444446261126
1638,49.4,0.47397105197376793,11.1864406779661,-10.712469625992332,0.5701646097853115,0.5734659498104435,0.5519610675295591,0.06880547358113707,0.1656444446261126
1639,48.9,1.0733508914609076,12.203389830508474,-11.130038939047566,0.5703319659584051,0.5715559392281785,0.5521140620395716,0.06900027877594228,0.1656444446261126
1640,48.3,5.379248435699614,14.23728813559322,-8.858039699893606,0.5705058146116617,0.5720343339193772,0.5522765784765439,0.06921902877594227,0.1656444446261126
1641,49.2,9.952829637860093,14.745762711864407,-4.7929330740043135,0.5706442970566901,0.571094968676015,0.5524063434301006,0.06944348698027665,0.1656444446261126
1642,50.0,11.762922001219302,14.745762711864407,-2.982840710645105,0.5707193472193179,0.5728122617918913,0.5524762613247969,0.06966794518461102,0.1656444446261126
1643,51.4,14.150238873952128,14.745762711864407,-0.5955238379122783,0.5707660873121848,0.5748272967696442,0.5525162277877261,0.06989240338894538,0.1656444446261126
1644,52.8,11.55919509465019,14.745762711864407,-3.186567617214216,0.5707754277976278,0.5715563568293203,0.552515374162319,0.07011686159327975,0.1656444446261126
1645,53.3,9.984087506534832,15.254237288135592,-5.270149781600759,0.5708253559438597,0.5703744760888906,0.5525559349027345,0.07034841454172062,0.1656444446261126
1646,54.2,9.160998827008097,19.83050847457627,-10.669509647568173,0.5709078617392336,0.565015058667651,0.5526233892221496,0.07065981664967336,0.1656444446261126
1647,54.4,3.9600232086571996,16.271186440677965,-12.311163232020766,0.5710745391797108,0.5698791686301617,0.5527754084254433,0.07090865024220835,0.1656444446261126
1648,53.8,1.1129902264898783,17.796610169491526,-16.68361994300165,0.5712667354546145,0.5682978633697164,0.5529598464271466,0.07118389402956286,0.1656444446261126
1649,53.2,1.065504495351333,18.813559322033896,-17.748054826682562,0.5715267424133628,0.5682490815928356,0.5532040856274859,0.07147707944953118,0.1656444446261126
1650,52.6,0.0,16.271186440677965,-16.271186440677965,0.5718032171295564,0.5731835028381796,0.5534726529839867,0.07172591304206617,0.1656444446261126
1651,49.0,0.0,18.305084745762713,-18.305084745762713,0.5720568260075647,0.5701670847969061,0.5537142103262276,0.07201009365463326,0.1656444446261126
1652,45.0,0.0,19.83050847457627,-19.83050847457627,0.5723419033940939,0.5692034756782381,0.5539875748656028,0.072321495762586,0.1656444446261126
1653,39.5,0.0,17.796610169491526,-17.796610169491526,0.5726505463283486,0.5738768012126083,0.5542820488515285,0.0725967395499405,0.1656444446261126
1654,34.7,0.0,18.305084745762713,-18.305084745762713,0.5729277461501425,0.5739456363480875,0.5545466597672147,0.0728809201625076,0.1656444446261126
1655,32.4,0.0,19.322033898305083,-19.322033898305083,0.5732128028074913,0.5733309479911572,0.5548157131242167,0.07318317915073541,0.1656444446261126
1656,31.7,0.0,19.322033898305083,-19.322033898305083,0.5735135695344787,0.5743698330513903,0.5551086517237748,0.07348543813896322,0.1656444446261126
1657,31.0,1.221811537875328,20.847457627118644,-19.625646089243315,0.5738143287150972,0.571550513405585,0.5553925052181445,0.0738185548110464,0.1656444446261126
1658,31.1,1.4277104101699407,20.338983050847457,-18.911272640677517,0.5741197700199263,0.5741489710877375,0.5556878394751034,0.07414040868938565,0.1656444446261126
1659,30.5,1.388590103928514,21.35593220338983,-19.967342099461316,0.5744141676771893,0.5719712327425872,0.555971275756947,0.07448500993651398,0.1656444446261126
1660,30.6,2.969136888888893,19.83050847457627,-16.861371585687376,0.5747248700490738,0.579046728765411,0.5562677507458975,0.0747964120444667,0.1656444446261126
1661,30.8,8.141603954580095,21.35593220338983,-13.214328248809736,0.5749875529955027,0.5740923862282711,0.5565187777716069,0.07514101329159503,0.1656444446261126
1662,33.5,14.73101212896281,21.35593220338983,-6.6249200744270205,0.575193708286009,0.5753591894505247,0.5567181246191272,0.07548561453872335,0.1656444446261126
1663,36.4,16.784165965858865,21.864406779661017,-5.080240813802153,0.5752973296631348,0.5763604919504178,0.5568075685591882,0.07584192875814662,0.1656444446261126
1664,39.4,18.00613857216889,22.881355932203387,-4.8752173600344975,0.5753768383608645,0.5743047382549897,0.5568759728231426,0.07622238192013513,0.1656444446261126
1665,42.2,18.570731776253613,22.3728813559322,-3.802149579678588,0.5754531440073769,0.5769709532517967,0.5569442011464126,0.07659064439084153,0.1656444446261126
1666,44.9,20.156047289113676,23.89830508474576,-3.742257795632085,0.5755126792054619,0.5724086307801328,0.5569900869788826,0.07699623638255709,0.1656444446261126
1667,47.8,20.97513118670934,23.389830508474574,-2.4146993217652337,0.5755712776974046,0.5758649415976934,0.5570331581403303,0.07738913013042178,0.1656444446261126
1668,50.3,16.053645872447024,24.406779661016948,-8.353133788569924,0.575609108233846,0.5726009847134637,0.5570559898027575,0.07780768611228436,0.1656444446261126
1669,51.3,6.860354541666657,23.89830508474576,-17.037950543079106,0.5757396671678545,0.5743629481571837,0.5571792315816421,0.07821327810399993,0.1656444446261126
1670,50.9,2.858025680746103,22.881355932203387,-20.023330251457285,0.5760050602248667,0.5794954621503137,0.5574321169041351,0.07859373126598843,0.1656444446261126
1671,50.7,5.770244110596735,23.389830508474574,-17.61958639787784,0.5763165856941715,0.5766391827609142,0.5577305699320126,0.07898662501385313,0.1656444446261126
1672,51.2,11.450645850327694,22.881355932203387,-11.430710081875693,0.5765909631311671,0.5793145372342121,0.557996687283474,0.07936707817584163,0.1656444446261126
1673,52.7,14.920224949264593,22.3728813559322,-7.452656406667607,0.5767693933150746,0.5812236663163446,0.5581666860935641,0.07973534064654803,0.1656444446261126
1674,54.1,15.399654043190823,22.3728813559322,-6.973227312741377,0.5768859078701278,0.5818386150685603,0.5582728794948663,0.08010360311725442,0.1656444446261126
1675,55.6,17.35062366681905,23.389830508474574,-6.039206841655524,0.5769949466212445,0.5781571776126926,0.5583689212146217,0.08049649686511913,0.1656444446261126
1676,57.4,24.675745403444584,23.89830508474576,0.7774403186988224,0.5770894143081484,0.5766066362155875,0.5584537205581139,0.0809020888568347,0.1656444446261126
1677,60.7,36.09490333365721,23.389830508474574,12.705072825182633,0.5770772204146886,0.5771066693466105,0.5584292257849531,0.0812949826046994,0.1656444446261126
1678,65.0,29.399744703551274,23.389830508474574,6.0099141950767,0.5768769886718194,0.5766418275273092,0.5582195324071063,0.08168787635256411,0.1656444446261126
1679,66.0,14.663056584362181,25.423728813559322,-10.76067222919714,0.576782525999123,0.5719012739274754,0.5581137403537719,0.08213558408895379,0.1656444446261126
1680,66.7,15.73996571705915,24.915254237288135,-9.175288520228985,0.5769505386274605,0.5730585897832134,0.5582693691817906,0.08256737823770247,0.1656444446261126
1681,67.9,20.50176386452138,25.423728813559322,-4.9219649490379425,0.5770938851426732,0.5719123377439599,0.5584048082870122,0.08301508597409216,0.1656444446261126
1682,69.6,24.314845448559662,25.423728813559322,-1.1088833649996594,0.5771709098878686,0.5723897675305825,0.5584757049558127,0.08346279371048185,0.1656444446261126
1683,71.5,27.01444547563252,22.3728813559322,4.64156411970032,0.577188289176269,0.5801402575724774,0.558483942635762,0.08383105618118825,0.1656444446261126
1684,73.6,28.98467844048165,22.3728813559322,6.611797084549451,0.5771153759009459,0.5784954172494127,0.5584013790262052,0.08419931865189464,0.1656444446261126
1685,75.7,32.002430434137345,22.3728813559322,9.629549078205144,0.5770114299522517,0.5778118177259185,0.5582852095181042,0.08456758112260104,0.1656444446261126
1686,78.2,35.882428401767974,22.881355932203387,13.001072469564587,0.5768598558639034,0.5744778475323802,0.558122739439369,0.08494803428458954,0.1656444446261126
1687,80.8,40.01619993842397,20.338983050847457,19.677216887576517,0.5766549308253764,0.5801764740460076,0.5579026729354302,0.08526988816292878,0.1656444446261126
1688,83.8,42.46572369699746,21.35593220338983,21.109791493607627,0.5763439274698055,0.575318476229824,0.5575852325206762,0.0856144894100571,0.1656444446261126
1689,86.5,38.12420220574235,21.864406779661017,16.259795426081332,0.5760100777592101,0.5737080261248128,0.5572410489499208,0.08597080362948037,0.1656444446261126
1690,88.4,36.98961452248129,21.35593220338983,15.63368231909146,0.5757534306756942,0.5735374205938099,0.556971885295423,0.0863154048766087,0.1656444446261126
1691,90.7,40.66850434531696,19.322033898305083,21.34647044701188,0.5755067235650478,0.5776980549971725,0.5567080530290327,0.0866176638648365,0.1656444446261126
1692,93.0,32.53539300411527,18.813559322033896,13.721833682081375,0.5751690737809385,0.578433702986434,0.5563587016503939,0.08691084928480482,0.1656444446261126
1693,93.7,19.04865215224437,19.322033898305083,-0.2733817460607142,0.5749526935538609,0.5748315193622381,0.556128138366582,0.08721310827303262,0.1656444446261126
1694,93.7,22.663621288046784,19.322033898305083,3.3415873897417008,0.5749569804364743,0.5750919554347916,0.556123581408208,0.08751536726126043,0.1656444446261126
1695,95.0,37.2670115073921,17.28813559322034,19.97887591417176,0.5749045055610366,0.5752966853228496,0.5560576019879799,0.08778174143863428,0.1656444446261126
1696,97.3,42.990691631668156,19.83050847457627,23.160183157091886,0.5745886479628458,0.5730901792168881,0.555735013824462,0.08809314354658701,0.1656444446261126
1697,99.3,41.082800385288095,17.28813559322034,23.794664792067756,0.574222008501464,0.5738267860079309,0.5553574687321456,0.08835951772396088,0.1656444446261126
1698,101.1,37.00138496244853,20.847457627118644,16.15392733532989,0.5738452148888068,0.5708045547068714,0.5549640847245528,0.08869263439604406,0.1656444446261126
1699,102.3,23.225530873971255,15.254237288135592,7.971293585835664,0.5735902024473198,0.5762127126583408,0.554696556757394,0.08892418734448494,0.1656444446261126
1700,101.9,22.3940252915143,15.762711864406779,6.631313427107521,0.5734647773174516,0.5734435565529948,0.5545537109337886,0.08916434848486302,0.1656444446261126
1701,103.0,36.12004816338965,14.745762711864407,21.37428545152524,0.5733604913235659,0.5747245892410074,0.5544369487469787,0.08938880668919738,0.1656444446261126
1702,104.6,41.74599838256369,14.745762711864407,27.000235670699283,0.5730223351945848,0.5734527626089267,0.5540871385020765,0.08961326489353175,0.1656444446261126
1703,106.4,42.195202629477244,22.881355932203387,19.313846697273856,0.5725941725368529,0.5672275885709221,0.5536466536904848,0.08999371805552024,0.1656444446261126
1704,107.9,39.67722775722062,15.762711864406779,23.914515892813842,0.5722888509380983,0.5710984960009838,0.5533283263431468,0.09023387919589831,0.1656444446261126
1705,109.2,36.96095021399177,7.627118644067796,29.333831569923976,0.571910077608321,0.5764745232851366,0.5529390598880827,0.09036909554205215,0.1656444446261126
1706,110.2,31.170388624295086,12.711864406779661,18.458524217515425,0.5714444164669378,0.572271731092812,0.5524641624523072,0.09057006017227724,0.1656444446261126
1707,110.6,24.27221396555402,15.762711864406779,8.509502101147241,0.5711526891041087,0.5697042549253336,0.552155791885861,0.0908102213126553,0.1656444446261126
1708,110.6,23.56105141411376,15.254237288135592,8.306814125978168,0.5710187386264198,0.5703167681135025,0.5520122583950692,0.09104177426109618,0.1656444446261126
1709,110.9,27.266093547687163,13.728813559322033,13.53727998836513,0.570887987897473,0.571228433483082,0.5518680611814497,0.0912547080150394,0.1656444446261126
1710,111.4,28.948789765584536,15.254237288135592,13.694552477448944,0.5706744555986668,0.5697083188100517,0.5516470083974967,0.09148626096348028,0.1656444446261126
1711,111.9,28.487497203189214,14.745762711864407,13.741734491324808,0.5704584248172819,0.5701238484553092,0.5514215536006485,0.09171071916781465,0.1656444446261126
1712,112.3,27.970655460543334,10.677966101694915,17.29268935884842,0.5702416415844033,0.5712380101170036,0.5511924763576069,0.09188630445209559,0.1656444446261126
1713,112.7,30.348439318263267,7.627118644067796,22.72132067419547,0.5699684411831782,0.5729000529571272,0.5509130982112542,0.09202152079824942,0.1656444446261126
1714,113.4,29.992078666666597,7.11864406779661,22.873434598869988,0.5696086704553941,0.5739385424394744,0.5505415147922312,0.09215147129329893,0.1656444446261126
1715,113.7,27.22658776800405,7.11864406779661,20.10794370020744,0.569246457311491,0.5733689575180978,0.5501669566529745,0.09228142178834843,0.1656444446261126
1716,114.0,25.1793199588477,5.084745762711864,20.094574196135834,0.5689283875456269,0.5735156200277645,0.5498364798168008,0.09238675886700011,0.1656444446261126
1717,114.0,19.315122427983617,8.135593220338983,11.179529207644634,0.5686105222899082,0.570040480237451,0.5495060527537599,0.09252760393742264,0.1656444446261126
1718,113.5,16.908398579199083,6.610169491525424,10.29822908767366,0.568434314200865,0.5710319032828831,0.5493124212349376,0.09265196618232059,0.1656444446261126
1719,113.2,20.424051683279924,13.728813559322033,6.695238123957891,0.5682720522243049,0.5662755956311263,0.5491374544127636,0.09286489993626382,0.1656444446261126
1720,113.2,21.151932341716254,9.152542372881356,11.999389968834898,0.5681667116488254,0.5682794993991616,0.5490245813584438,0.09302007235005692,0.1656444446261126
1721,113.0,16.702497104100008,11.694915254237287,5.007581849862721,0.5679775112692066,0.5667345330920418,0.5488238656421645,0.09320859694022086,0.1656444446261126
1722,112.4,13.566765743331745,4.576271186440678,8.990494556891067,0.5678987751187187,0.5711924737500476,0.5487336267619555,0.09330815446234475,0.1656444446261126
1723,111.8,7.588877329065739,11.1864406779661,-3.597563348900361,0.5677571864618398,0.5662743595579979,0.5485789953204251,0.09349027366764276,0.1656444446261126
1724,110.4,2.8819162798354125,13.220338983050848,-10.338422703215436,0.5678135593929394,0.5654650230069145,0.5486245668871557,0.09369728003706951,0.1656444446261126
1725,109.2,15.193974905349723,11.694915254237287,3.499059651112436,0.567975127708626,0.5661780146362274,0.5487761010359433,0.09388580462723344,0.1656444446261126
1726,109.6,10.415005271757414,14.745762711864407,-4.330757440106993,0.5679201438924144,0.564520094189873,0.5487113329019055,0.09411026283156781,0.1656444446261126
1727,107.7,7.700283889403295,12.203389830508474,-4.503105941105179,0.5679879851086798,0.56558873745932,0.5487684176033973,0.094305068026373,0.1656444446261126
1728,107.8,31.2986763170248,0.0,31.2986763170248,0.5680585209321214,0.571951589094044,0.5488359796732001,0.094305068026373,0.1656444446261126
1729,109.3,24.368858785303317,6.610169491525424,17.75868929377789,0.5675610982518855,0.5682591886654967,0.5483244215217025,0.09442943027127096,0.1656444446261126
1730,108.3,0.0,11.694915254237287,-11.694915254237287,0.5672804177794863,0.5650088702303302,0.548032577663054,0.0946179548614349,0.1656444446261126
1731,105.4,0.0,0.0,0.0,0.567463095876273,0.5709591972849195,0.5481994343074023,0.0946179548614349,0.1656444446261126
1732,101.7,0.0,0.0,0.0,0.567463095876273,0.5708977093260784,0.5481878879359349,0.0946179548614349,0.1656444446261126
1733,100.2,0.0,11.1864406779661,-11.1864406779661,0.567463095876273,0.565480168977929,0.5481762899171045,0.09480007406673291,0.1656444446261126
1734,98.9,1.4090672170972132,8.135593220338983,-6.726526003241769,0.5676378637370135,0.5671941971328213,0.5483410906205367,0.09494091913715544,0.1656444446261126
1735,97.8,4.949240773662549,8.135593220338983,-3.186352446676434,0.5677431371248526,0.5670284751476038,0.5484365155298168,0.09508176420757797,0.1656444446261126
1736,97.1,7.275207491788669,7.627118644067796,-0.3519111522791265,0.5677930746996971,0.5673461194359175,0.5484755958812099,0.0952169805537318,0.1656444446261126
1737,96.4,4.609249779301938,11.694915254237287,-7.085665474935349,0.5677985961714326,0.5652252461555652,0.5484698610793606,0.09540550514389574,0.1656444446261126
1738,95.3,0.0,14.745762711864407,-14.745762711864407,0.5679094730075797,0.5640848454333275,0.548571618515922,0.09562996334823011,0.1656444446261126
1739,93.2,0.0,17.796610169491526,-17.796610169491526,0.5681395183163507,0.5619610400272042,0.5487878365592772,0.09590520713558462,0.1656444446261126
1740,90.9,0.0,4.067796610169491,-4.067796610169491,0.5684168226229827,0.5694536556693512,0.5490508253371778,0.09599866507950985,0.1656444446261126
1741,87.4,0.0,16.271186440677965,-16.271186440677965,0.5684805485416641,0.5628052921104176,0.5491042795352674,0.09624749867204484,0.1656444446261126
1742,82.6,0.0,9.152542372881356,-9.152542372881356,0.5687342279114097,0.5666289657513841,0.5493478514343518,0.09640267108583796,0.1656444446261126
1743,77.7,0.0,8.64406779661017,-8.64406779661017,0.5688773191717199,0.5669374016977625,0.5494826388008285,0.09655075470953134,0.1656444446261126
1744,75.3,0.0,3.0508474576271185,-3.0508474576271185,0.5690124864118075,0.5698268386025925,0.5496024443875859,0.09662970207795239,0.1656444446261126
1745,75.4,0.0,11.694915254237287,-11.694915254237287,0.5690602977522603,0.5656264773869967,0.5496417128505786,0.09681822666811632,0.1656444446261126
1746,73.0,0.0,8.135593220338983,-8.135593220338983,0.5692429485534378,0.5675484810158948,0.5498141609220828,0.09695907173853885,0.1656444446261126
1747,73.4,3.8696095156226527,8.135593220338983,-4.26598370471633,0.5693701864089425,0.5675227970765069,0.5499289093354004,0.09709991680896138,0.1656444446261126
1748,71.9,0.0,0.0,0.0,0.5694370064815137,0.573233364428898,0.5499831974647067,0.09709991680896138,0.1656444446261126
1749,67.5,0.0,0.0,0.0,0.5694370064815137,0.5705143456359044,0.5499698210729776,0.09709991680896138,0.1656444446261126
1750,63.1,0.0,5.084745762711864,-5.084745762711864,0.5694370064815137,0.5689560519853941,0.549959218713175,0.09720525388761307,0.1656444446261126
1751,59.1,0.0,16.779661016949152,-16.779661016949152,0.5695166248957559,0.5678717758824611,0.550024446458216,0.09746282491477509,0.1656444446261126
1752,52.9,0.0,15.254237288135592,-15.254237288135592,0.5697781570614269,0.5691960277737682,0.5502747418941397,0.09769437786321597,0.1656444446261126
1753,49.5,0.0,19.83050847457627,-19.83050847457627,0.5700160503319345,0.5665280507868485,0.5505029178985162,0.0980057799711687,0.1656444446261126
1754,46.3,0.0,16.271186440677965,-16.271186440677965,0.5703247531448173,0.568874905105713,0.550799612448889,0.0982546135637037,0.1656444446261126
1755,47.2,16.131748130467923,16.779661016949152,-0.6479128864812296,0.5705783933842205,0.5687249724805691,0.5510407520203214,0.09851218459086573,0.1656444446261126
1756,50.2,26.022979296448696,17.796610169491526,8.22636912695717,0.5705885555143666,0.5679900172543203,0.5510364118690819,0.09878742837822024,0.1656444446261126
1757,53.8,31.209440843773816,20.338983050847457,10.87045779292636,0.5704590704483635,0.5657302784114022,0.5508910600245122,0.09910928225655947,0.1656444446261126
1758,57.7,27.79327949792334,14.23728813559322,13.55599136233012,0.5702877823099265,0.5700046425654918,0.5507074530803402,0.09932803225655948,0.1656444446261126
1759,59.7,23.52636952726337,10.169491525423728,13.356878001839641,0.5700739422503895,0.5710996532808928,0.5504847117904365,0.0994969511754784,0.1656444446261126
1760,62.2,29.905545935680532,18.813559322033896,11.091986613646636,0.5698632562642474,0.5652549774711558,0.5502593604746561,0.09979013659544671,0.1656444446261126
1761,65.5,25.036940417333504,21.864406779661017,3.172533637672487,0.5696884529010916,0.5626556673279771,0.550072049487035,0.10014645081486998,0.1656444446261126
1762,66.4,7.102849847889086,7.627118644067796,-0.5242687961787098,0.5696386138497738,0.571188983887073,0.5500137817268381,0.10028166716102382,0.1656444446261126
1763,65.4,1.4405422057612567,13.220338983050848,-11.77979677728959,0.5696468377551389,0.5674399904185385,0.550012510582296,0.10048867353045057,0.1656444446261126
1764,65.0,0.0,0.0,0.0,0.5698307990336109,0.5737382033959105,0.5501859105766819,0.10048867353045057,0.1656444446261126
1765,63.3,0.0,9.661016949152541,-9.661016949152541,0.5698307990336109,0.5686507957127039,0.550179887471813,0.1006507895714062,0.1656444446261126
1766,62.7,0.0,0.0,0.0,0.5699817955972568,0.5737518598692152,0.5503156133918945,0.1006507895714062,0.1656444446261126
1767,61.1,0.0,11.1864406779661,-11.1864406779661,0.5699817955972568,0.5683277868543019,0.5503047895897397,0.10083290877670421,0.1656444446261126
1768,59.5,0.0,0.0,0.0,0.5701565264927915,0.573158901740457,0.5504625875866582,0.10083290877670421,0.1656444446261126
1769,56.9,0.0,8.64406779661017,-8.64406779661017,0.5701565264927915,0.5692366964633654,0.5504495905116922,0.1009809924003976,0.1656444446261126
1770,52.1,0.0,8.135593220338983,-8.135593220338983,0.5702916791840402,0.5695400383616424,0.5505737682844433,0.10112183747082013,0.1656444446261126
1771,46.5,0.0,0.0,0.0,0.5704189058073365,0.5734105621400103,0.5506889647652267,0.10112183747082013,0.1656444446261126
1772,41.8,0.0,10.677966101694915,-10.677966101694915,0.5704189058073365,0.5688895059413827,0.5506754108290013,0.10129742275510106,0.1656444446261126
1773,36.3,0.0,8.135593220338983,-8.135593220338983,0.5705857216496615,0.5707027343343695,0.5508272919589652,0.10143826782552359,0.1656444446261126
1774,31.5,0.0,0.0,0.0,0.5707129451240326,0.5740124688356331,0.5509414958061256,0.10143826782552359,0.1656444446261126
1775,26.7,0.0,0.0,0.0,0.5707129451240326,0.5716640752838325,0.5509334724179298,0.10143826782552359,0.1656444446261126
1776,23.4,0.0,14.745762711864407,-14.745762711864407,0.5707129451240326,0.5674225352085875,0.5509238375694613,0.10166272602985796,0.1656444446261126
1777,20.5,0.0,0.0,0.0,0.5709429364282386,0.5754928848105347,0.5511417546792851,0.10166272602985796,0.1656444446261126
1778,16.2,0.0,0.0,0.0,0.5709429364282386,0.5722952669965906,0.551135754895242,0.10166272602985796,0.1656444446261126
1779,14.8,0.0,0.0,0.0,0.5709429364282386,0.5716448287631156,0.5511228644982001,0.10166272602985796,0.1656444446261126
1780,14.1,0.0,14.745762711864407,-14.745762711864407,0.5709429364282386,0.5681883592773589,0.5511120676316793,0.10188718423419234,0.1656444446261126
1781,13.5,0.0,14.745762711864407,-14.745762711864407,0.5711729233031357,0.5684160581314751,0.551330296765624,0.1021116424385267,0.1656444446261126
1782,12.7,0.0,0.0,0.0,0.5714029057489791,0.5731104538022136,0.5515552512162034,0.1021116424385267,0.1656444446261126
1783,12.3,0.30342022582304473,0.0,0.30342022582304473,0.5714029057489791,0.5720526684304182,0.5515414779222594,0.1021116424385267,0.1656444446261126
1784,12.0,0.0,0.0,0.0,0.5713981453097703,0.574058769592016,0.5515249700533611,0.1021116424385267,0.1656444446261126
1785,11.2,0.2012955378753236,0.0,0.2012955378753236,0.5713981453097703,0.5742971348514145,0.5515132357765367,0.1021116424385267,0.1656444446261126
1786,11.2,0.4173449205913733,0.0,0.4173449205913733,0.5713949872588217,0.5753044857284713,0.5514997929539238,0.1021116424385267,0.1656444446261126
1787,10.7,0.0,0.0,0.0,0.5713884391233855,0.5730600207682366,0.5514812426359157,0.1021116424385267,0.1656444446261126
1788,9.8,0.0,0.0,0.0,0.5713884391233855,0.5725670075182475,0.5514736594722732,0.1021116424385267,0.1656444446261126
1789,8.2,0.0,0.0,0.0,0.5713884391233855,0.5702957427104424,0.551464859347044,0.1021116424385267,0.1656444446261126
1790,2.9,0.0,14.745762711864407,-14.745762711864407,0.5713884391233855,0.5686040858889566,0.5514560131682338,0.10233610064286107,0.1656444446261126
1791,0.0,0.0,0.0,0.0,0.5716184174190104,0.5736263378087221,0.5516689782099614,0.10233610064286107,0.1656444446261126
1792,0.0,0.0,14.745762711864407,-14.745762711864407,0.5716184174190104,0.569446533760892,0.5516525327446776,0.10256055884719543,0.1656444446261126
1793,0.0,0.0,18.305084745762713,-18.305084745762713,0.5718483912860752,0.5680469541903262,0.5518711975735482,0.10284473945976254,0.1656444446261126
1794,0.0,0.0,17.28813559322034,-17.28813559322034,0.5721334736341012,0.5686419888612894,0.552147101296233,0.1031111136371364,0.1656444446261126
1795,0.0,0.0,15.254237288135592,-15.254237288135592,0.5724028185601906,0.570211375940825,0.5524018918223046,0.10334266658557728,0.1656444446261126
1796,0.0,0.0,0.0,0.0,0.572640659573797,0.5731669500359297,0.5526256540044285,0.10334266658557728,0.1656444446261126
1797,0.0,0.0,0.0,0.0,0.572640659573797,0.5694166555794044,0.5526081438967838,0.10334266658557728,0.1656444446261126
1798,0.0,0.0,0.0,0.0,0.572640659573797,0.5742462563051237,0.5525935349155622,0.10334266658557728,0.1656444446261126
1799,0.0,0.0,0.0,0.0,0.572640659573797,0.5754454028438766,0.5525851276345567,0.10334266658557728,0.1656444446261126
1800,0.0,0.0,0.0,0.0,0.572640659573797,0.5729969050150799,0.5525730827874372,0.10334266658557728,0.1656444446261126
